timestamp,junction_id,vehicle_count,avg_speed,weather,day_of_week,is_holiday,hour
2025-01-01 00:00:00,1,20,60.1,Clear,2,0,0
2025-01-01 00:00:00,2,16,54.3,Clear,2,0,0
2025-01-01 00:00:00,3,12,54.2,Clear,2,0,0
2025-01-01 00:00:00,4,16,49.3,Clear,2,0,0
2025-01-01 01:00:00,1,12,39.8,Light Rain,2,0,1
2025-01-01 01:00:00,2,9,42.7,Light Rain,2,0,1
2025-01-01 01:00:00,3,12,45.0,Light Rain,2,0,1
2025-01-01 01:00:00,4,14,49.1,Light Rain,2,0,1
2025-01-01 02:00:00,1,17,45.3,Cloudy,2,0,2
2025-01-01 02:00:00,2,19,49.3,Cloudy,2,0,2
2025-01-01 02:00:00,3,14,52.9,Cloudy,2,0,2
2025-01-01 02:00:00,4,19,46.9,Cloudy,2,0,2
2025-01-01 03:00:00,1,20,55.5,Cloudy,2,0,3
2025-01-01 03:00:00,2,17,66.7,Cloudy,2,0,3
2025-01-01 03:00:00,3,11,46.8,Cloudy,2,0,3
2025-01-01 03:00:00,4,11,,Cloudy,2,0,3
2025-01-01 04:00:00,1,20,56.2,Cloudy,2,0,4
2025-01-01 04:00:00,2,17,47.9,Cloudy,2,0,4
2025-01-01 04:00:00,3,13,58.5,Cloudy,2,0,4
2025-01-01 04:00:00,4,,44.4,Cloudy,2,0,4
2025-01-01 05:00:00,1,22,45.1,Cloudy,2,0,5
2025-01-01 05:00:00,2,15,51.5,Cloudy,2,0,5
2025-01-01 05:00:00,3,12,51.3,Cloudy,2,0,5
2025-01-01 05:00:00,4,18,47.0,Cloudy,2,0,5
2025-01-01 06:00:00,1,41,43.8,Cloudy,2,0,6
2025-01-01 06:00:00,2,35,46.6,Cloudy,2,0,6
2025-01-01 06:00:00,3,27,53.8,Cloudy,2,0,6
2025-01-01 06:00:00,4,25,48.9,Cloudy,2,0,6
2025-01-01 07:00:00,1,46,41.1,Cloudy,2,0,7
2025-01-01 07:00:00,2,39,50.2,Cloudy,2,0,7
2025-01-01 07:00:00,3,41,45.0,Cloudy,2,0,7
2025-01-01 07:00:00,4,83,31.1,Cloudy,2,0,7
2025-01-01 08:00:00,1,99,19.7,Cloudy,2,0,8
2025-01-01 08:00:00,2,83,33.7,Cloudy,2,0,8
2025-01-01 08:00:00,3,59,32.0,Cloudy,2,0,8
2025-01-01 08:00:00,4,74,26.8,Cloudy,2,0,8
2025-01-01 09:00:00,1,151,5,Cloudy,2,0,9
2025-01-01 09:00:00,2,135,12.5,Cloudy,2,0,9
2025-01-01 09:00:00,3,83,22.6,Cloudy,2,0,9
2025-01-01 09:00:00,4,104,21.8,Cloudy,2,0,9
2025-01-01 10:00:00,1,167,5,Cloudy,2,0,10
2025-01-01 10:00:00,2,105,10.5,Cloudy,2,0,10
2025-01-01 10:00:00,3,51,,Cloudy,2,0,10
2025-01-01 10:00:00,4,80,17.0,Cloudy,2,0,10
2025-01-01 11:00:00,1,56,31.1,Cloudy,2,0,11
2025-01-01 11:00:00,2,66,200,Cloudy,2,0,11
2025-01-01 11:00:00,3,44,37.5,Cloudy,2,0,11
2025-01-01 11:00:00,4,78,31.8,Cloudy,2,0,11
2025-01-01 12:00:00,1,64,44.4,Clear,2,0,12
2025-01-01 12:00:00,2,55,40.3,Clear,2,0,12
2025-01-01 12:00:00,3,60,45.5,Clear,2,0,12
2025-01-01 12:00:00,4,79,29.7,Clear,2,0,12
2025-01-01 13:00:00,1,93,30.0,Cloudy,2,0,13
2025-01-01 13:00:00,2,79,22.2,Cloudy,2,0,13
2025-01-01 13:00:00,3,69,34.7,Cloudy,2,0,13
2025-01-01 13:00:00,4,56,43.6,Cloudy,2,0,13
2025-01-01 14:00:00,1,83,24.6,Cloudy,2,0,14
2025-01-01 14:00:00,2,49,34.9,Cloudy,2,0,14
2025-01-01 14:00:00,3,69,30.9,Cloudy,2,0,14
2025-01-01 14:00:00,4,63,34.4,Cloudy,2,0,14
2025-01-01 15:00:00,1,56,39.6,Cloudy,2,0,15
2025-01-01 15:00:00,2,31,50.6,Cloudy,2,0,15
2025-01-01 15:00:00,3,40,41.8,Cloudy,2,0,15
2025-01-01 15:00:00,4,43,41.8,Cloudy,2,0,15
2025-01-01 16:00:00,1,98,22.7,Cloudy,2,0,16
2025-01-01 16:00:00,2,62,30.4,Cloudy,2,0,16
2025-01-01 16:00:00,3,61,32.3,Cloudy,2,0,16
2025-01-01 16:00:00,4,67,,Cloudy,2,0,16
2025-01-01 17:00:00,1,147,12.4,Clear,2,0,17
2025-01-01 17:00:00,2,71,34.0,Clear,2,0,17
2025-01-01 17:00:00,3,101,15.3,Clear,2,0,17
2025-01-01 17:00:00,4,133,5,Clear,2,0,17
2025-01-01 18:00:00,1,124,9.0,Cloudy,2,0,18
2025-01-01 18:00:00,2,111,20.2,Cloudy,2,0,18
2025-01-01 18:00:00,3,124,11.8,Cloudy,2,0,18
2025-01-01 18:00:00,4,161,5,Cloudy,2,0,18
2025-01-01 19:00:00,1,126,5,Clear,2,0,19
2025-01-01 19:00:00,2,88,22.7,Clear,2,0,19
2025-01-01 19:00:00,3,81,23.0,Clear,2,0,19
2025-01-01 19:00:00,4,128,9.6,Clear,2,0,19
2025-01-01 20:00:00,1,96,22.0,Cloudy,2,0,20
2025-01-01 20:00:00,2,65,23.3,Cloudy,2,0,20
2025-01-01 20:00:00,3,66,31.9,Cloudy,2,0,20
2025-01-01 20:00:00,4,81,25.2,Cloudy,2,0,20
2025-01-01 21:00:00,1,53,44.1,Cloudy,2,0,21
2025-01-01 21:00:00,2,47,44.9,Cloudy,2,0,21
2025-01-01 21:00:00,3,29,35.2,Cloudy,2,0,21
2025-01-01 21:00:00,4,42,39.5,Cloudy,2,0,21
2025-01-01 22:00:00,1,38,38.3,Cloudy,2,0,22
2025-01-01 22:00:00,2,33,37.3,Cloudy,2,0,22
2025-01-01 22:00:00,3,24,43.0,Cloudy,2,0,22
2025-01-01 22:00:00,4,27,45.4,Cloudy,2,0,22
2025-01-01 23:00:00,1,26,52.2,Cloudy,2,0,23
2025-01-01 23:00:00,2,20,51.1,Cloudy,2,0,23
2025-01-01 23:00:00,3,16,,Cloudy,2,0,23
2025-01-01 23:00:00,4,17,45.1,Cloudy,2,0,23
2025-01-02 00:00:00,1,18,48.8,Clear,3,0,0
2025-01-02 00:00:00,2,14,49.9,Clear,3,0,0
2025-01-02 00:00:00,3,13,57.2,Clear,3,0,0
2025-01-02 00:00:00,4,13,55.6,Clear,3,0,0
2025-01-02 01:00:00,1,,45.4,Light Rain,3,0,1
2025-01-02 01:00:00,2,9,43.1,Light Rain,3,0,1
2025-01-02 01:00:00,3,9,43.1,Light Rain,3,0,1
2025-01-02 01:00:00,4,10,45.8,Light Rain,3,0,1
2025-01-02 02:00:00,1,17,64.9,Cloudy,3,0,2
2025-01-02 02:00:00,2,16,56.6,Cloudy,3,0,2
2025-01-02 02:00:00,3,13,58.3,Cloudy,3,0,2
2025-01-02 02:00:00,4,19,-5,Cloudy,3,0,2
2025-01-02 03:00:00,1,15,43.4,Light Rain,3,0,3
2025-01-02 03:00:00,2,12,47.3,Light Rain,3,0,3
2025-01-02 03:00:00,3,12,46.0,Light Rain,3,0,3
2025-01-02 03:00:00,4,15,38.0,Light Rain,3,0,3
2025-01-02 04:00:00,1,14,45.4,Light Rain,3,0,4
2025-01-02 04:00:00,2,12,38.7,Light Rain,3,0,4
2025-01-02 04:00:00,3,11,44.1,Light Rain,3,0,4
2025-01-02 04:00:00,4,15,47.5,Light Rain,3,0,4
2025-01-02 05:00:00,1,19,41.0,Light Rain,3,0,5
2025-01-02 05:00:00,2,11,46.9,Light Rain,3,0,5
2025-01-02 05:00:00,3,12,45.8,Light Rain,3,0,5
2025-01-02 05:00:00,4,19,42.0,Light Rain,3,0,5
2025-01-02 06:00:00,1,30,38.9,Light Rain,3,0,6
2025-01-02 06:00:00,2,23,40.7,Light Rain,3,0,6
2025-01-02 06:00:00,3,25,40.4,Light Rain,3,0,6
2025-01-02 06:00:00,4,26,37.8,Light Rain,3,0,6
2025-01-02 07:00:00,1,41,35.6,Light Rain,3,0,7
2025-01-02 07:00:00,2,39,36.7,Light Rain,3,0,7
2025-01-02 07:00:00,3,34,37.4,Light Rain,3,0,7
2025-01-02 07:00:00,4,48,29.4,Light Rain,3,0,7
2025-01-02 08:00:00,1,116,5,Light Rain,3,0,8
2025-01-02 08:00:00,2,64,31.6,Light Rain,3,0,8
2025-01-02 08:00:00,3,59,27.2,Light Rain,3,0,8
2025-01-02 08:00:00,4,98,21.2,Light Rain,3,0,8
2025-01-02 09:00:00,1,122,8.7,Light Rain,3,0,9
2025-01-02 09:00:00,2,99,18.0,Light Rain,3,0,9
2025-01-02 09:00:00,3,90,16.2,Light Rain,3,0,9
2025-01-02 09:00:00,4,100,18.8,Light Rain,3,0,9
2025-01-02 10:00:00,1,105,19.2,Clear,3,0,10
2025-01-02 10:00:00,2,82,32.3,Clear,3,0,10
2025-01-02 10:00:00,3,61,40.7,Clear,3,0,10
2025-01-02 10:00:00,4,74,32.3,Clear,3,0,10
2025-01-02 11:00:00,1,44,23.1,Heavy Rain,3,0,11
2025-01-02 11:00:00,2,39,24.4,Heavy Rain,3,0,11
2025-01-02 11:00:00,3,27,26.5,Heavy Rain,3,0,11
2025-01-02 11:00:00,4,37,17.6,Heavy Rain,3,0,11
2025-01-02 12:00:00,1,63,35.0,Light Rain,3,0,12
2025-01-02 12:00:00,2,48,26.6,Light Rain,3,0,12
2025-01-02 12:00:00,3,43,33.2,Light Rain,3,0,12
2025-01-02 12:00:00,4,49,33.7,Light Rain,3,0,12
2025-01-02 13:00:00,1,91,26.5,Light Rain,3,0,13
2025-01-02 13:00:00,2,63,23.6,Light Rain,3,0,13
2025-01-02 13:00:00,3,50,28.4,Light Rain,3,0,13
2025-01-02 13:00:00,4,68,28.3,Light Rain,3,0,13
2025-01-02 14:00:00,1,51,36.0,Light Rain,3,0,14
2025-01-02 14:00:00,2,38,32.2,Light Rain,3,0,14
2025-01-02 14:00:00,3,43,35.1,Light Rain,3,0,14
2025-01-02 14:00:00,4,45,32.7,Light Rain,3,0,14
2025-01-02 15:00:00,1,45,25.4,Light Rain,3,0,15
2025-01-02 15:00:00,2,35,42.8,Light Rain,3,0,15
2025-01-02 15:00:00,3,37,35.7,Light Rain,3,0,15
2025-01-02 15:00:00,4,57,27.8,Light Rain,3,0,15
2025-01-02 16:00:00,1,77,24.5,Light Rain,3,0,16
2025-01-02 16:00:00,2,43,32.5,Light Rain,3,0,16
2025-01-02 16:00:00,3,43,32.4,Light Rain,3,0,16
2025-01-02 16:00:00,4,75,29.1,Light Rain,3,0,16
2025-01-02 17:00:00,1,140,7.7,Clear,3,0,17
2025-01-02 17:00:00,2,83,23.8,Clear,3,0,17
2025-01-02 17:00:00,3,81,24.0,Clear,3,0,17
2025-01-02 17:00:00,4,104,19.5,Clear,3,0,17
2025-01-02 18:00:00,1,128,5,Clear,3,0,18
2025-01-02 18:00:00,2,96,21.4,Clear,3,0,18
2025-01-02 18:00:00,3,74,27.2,Clear,3,0,18
2025-01-02 18:00:00,4,106,22.4,Clear,3,0,18
2025-01-02 19:00:00,1,100,16.3,Light Rain,3,0,19
2025-01-02 19:00:00,2,85,21.8,Light Rain,3,0,19
2025-01-02 19:00:00,3,92,11.8,Light Rain,3,0,19
2025-01-02 19:00:00,4,92,20.3,Light Rain,3,0,19
2025-01-02 20:00:00,1,63,27.2,Light Rain,3,0,20
2025-01-02 20:00:00,2,53,25.5,Light Rain,3,0,20
2025-01-02 20:00:00,3,46,32.4,Light Rain,3,0,20
2025-01-02 20:00:00,4,62,30.2,Light Rain,3,0,20
2025-01-02 21:00:00,1,44,43.9,Cloudy,3,0,21
2025-01-02 21:00:00,2,29,40.4,Cloudy,3,0,21
2025-01-02 21:00:00,3,29,47.7,Cloudy,3,0,21
2025-01-02 21:00:00,4,43,42.6,Cloudy,3,0,21
2025-01-02 22:00:00,1,31,37.9,Light Rain,3,0,22
2025-01-02 22:00:00,2,22,42.9,Light Rain,3,0,22
2025-01-02 22:00:00,3,21,46.4,Light Rain,3,0,22
2025-01-02 22:00:00,4,22,42.7,Light Rain,3,0,22
2025-01-02 23:00:00,1,16,46.8,Light Rain,3,0,23
2025-01-02 23:00:00,2,12,40.6,Light Rain,3,0,23
2025-01-02 23:00:00,3,14,47.4,Light Rain,3,0,23
2025-01-02 23:00:00,4,13,40.2,Light Rain,3,0,23
2025-01-03 00:00:00,1,19,55.5,Clear,4,0,0
2025-01-03 00:00:00,2,13,50.8,Clear,4,0,0
2025-01-03 00:00:00,3,9,44.9,Clear,4,0,0
2025-01-03 00:00:00,4,13,56.2,Clear,4,0,0
2025-01-03 01:00:00,1,23,49.3,Cloudy,4,0,1
2025-01-03 01:00:00,2,13,49.5,Cloudy,4,0,1
2025-01-03 01:00:00,3,16,47.6,Cloudy,4,0,1
2025-01-03 01:00:00,4,13,54.7,Cloudy,4,0,1
2025-01-03 02:00:00,1,19,41.6,Light Rain,4,0,2
2025-01-03 02:00:00,2,13,37.9,Light Rain,4,0,2
2025-01-03 02:00:00,3,9,43.7,Light Rain,4,0,2
2025-01-03 02:00:00,4,15,44.5,Light Rain,4,0,2
2025-01-03 03:00:00,1,23,53.7,Cloudy,4,0,3
2025-01-03 03:00:00,2,18,55.5,Cloudy,4,0,3
2025-01-03 03:00:00,3,,47.5,Cloudy,4,0,3
2025-01-03 03:00:00,4,18,47.1,Cloudy,4,0,3
2025-01-03 04:00:00,1,15,49.4,Cloudy,4,0,4
2025-01-03 04:00:00,2,14,50.1,Cloudy,4,0,4
2025-01-03 04:00:00,3,14,50.3,Cloudy,4,0,4
2025-01-03 04:00:00,4,18,41.8,Cloudy,4,0,4
2025-01-03 05:00:00,1,22,55.4,Cloudy,4,0,5
2025-01-03 05:00:00,2,13,52.0,Cloudy,4,0,5
2025-01-03 05:00:00,3,16,52.7,Cloudy,4,0,5
2025-01-03 05:00:00,4,19,51.2,Cloudy,4,0,5
2025-01-03 06:00:00,1,25,22.3,Heavy Rain,4,0,6
2025-01-03 06:00:00,2,16,30.2,Heavy Rain,4,0,6
2025-01-03 06:00:00,3,14,31.2,Heavy Rain,4,0,6
2025-01-03 06:00:00,4,19,25.7,Heavy Rain,4,0,6
2025-01-03 07:00:00,1,30,24.6,Heavy Rain,4,0,7
2025-01-03 07:00:00,2,23,25.0,Heavy Rain,4,0,7
2025-01-03 07:00:00,3,-10,25.7,Heavy Rain,4,0,7
2025-01-03 07:00:00,4,25,29.5,Heavy Rain,4,0,7
2025-01-03 08:00:00,1,132,6.4,Cloudy,4,0,8
2025-01-03 08:00:00,2,85,25.6,Cloudy,4,0,8
2025-01-03 08:00:00,3,79,19.3,Cloudy,4,0,8
2025-01-03 08:00:00,4,110,22.6,Cloudy,4,0,8
2025-01-03 09:00:00,1,102,16.2,Light Rain,4,0,9
2025-01-03 09:00:00,2,49,31.2,Light Rain,4,0,9
2025-01-03 09:00:00,3,67,32.0,Light Rain,4,0,9
2025-01-03 09:00:00,4,122,5,Light Rain,4,0,9
2025-01-03 10:00:00,1,130,5,Cloudy,4,0,10
2025-01-03 10:00:00,2,93,16.3,Cloudy,4,0,10
2025-01-03 10:00:00,3,67,28.5,Cloudy,4,0,10
2025-01-03 10:00:00,4,67,45.0,Cloudy,4,0,10
2025-01-03 11:00:00,1,57,41.8,Cloudy,4,0,11
2025-01-03 11:00:00,2,54,35.2,Cloudy,4,0,11
2025-01-03 11:00:00,3,39,39.5,Cloudy,4,0,11
2025-01-03 11:00:00,4,51,35.0,Cloudy,4,0,11
2025-01-03 12:00:00,1,64,32.7,Cloudy,4,0,12
2025-01-03 12:00:00,2,65,32.2,Cloudy,4,0,12
2025-01-03 12:00:00,3,36,46.3,Cloudy,4,0,12
2025-01-03 12:00:00,4,63,37.0,Cloudy,4,0,12
2025-01-03 13:00:00,1,114,10.7,Cloudy,4,0,13
2025-01-03 13:00:00,2,86,30.8,Cloudy,4,0,13
2025-01-03 13:00:00,3,53,34.8,Cloudy,4,0,13
2025-01-03 13:00:00,4,63,31.8,Cloudy,4,0,13
2025-01-03 14:00:00,1,70,26.4,Cloudy,4,0,14
2025-01-03 14:00:00,2,66,30.9,Cloudy,4,0,14
2025-01-03 14:00:00,3,55,39.7,Cloudy,4,0,14
2025-01-03 14:00:00,4,70,27.4,Cloudy,4,0,14
2025-01-03 15:00:00,1,53,36.8,Cloudy,4,0,15
2025-01-03 15:00:00,2,35,38.1,Cloudy,4,0,15
2025-01-03 15:00:00,3,35,38.9,Cloudy,4,0,15
2025-01-03 15:00:00,4,41,41.5,Cloudy,4,0,15
2025-01-03 16:00:00,1,83,27.2,Cloudy,4,0,16
2025-01-03 16:00:00,2,58,32.4,Cloudy,4,0,16
2025-01-03 16:00:00,3,64,36.0,Cloudy,4,0,16
2025-01-03 16:00:00,4,75,30.6,Cloudy,4,0,16
2025-01-03 17:00:00,1,142,6.6,Cloudy,4,0,17
2025-01-03 17:00:00,2,84,24.6,Cloudy,4,0,17
2025-01-03 17:00:00,3,101,17.9,Cloudy,4,0,17
2025-01-03 17:00:00,4,106,12.3,Cloudy,4,0,17
2025-01-03 18:00:00,1,158,5,Cloudy,4,0,18
2025-01-03 18:00:00,2,139,6.7,Cloudy,4,0,18
2025-01-03 18:00:00,3,141,12.2,Cloudy,4,0,18
2025-01-03 18:00:00,4,139,5,Cloudy,4,0,18
2025-01-03 19:00:00,1,110,16.1,Cloudy,4,0,19
2025-01-03 19:00:00,2,126,21.5,Cloudy,4,0,19
2025-01-03 19:00:00,3,70,28.9,Cloudy,4,0,19
2025-01-03 19:00:00,4,140,5,Cloudy,4,0,19
2025-01-03 20:00:00,1,106,15.0,Cloudy,4,0,20
2025-01-03 20:00:00,2,71,35.9,Cloudy,4,0,20
2025-01-03 20:00:00,3,79,,Cloudy,4,0,20
2025-01-03 20:00:00,4,70,25.9,Cloudy,4,0,20
2025-01-03 21:00:00,1,50,44.3,Clear,4,0,21
2025-01-03 21:00:00,2,41,41.2,Clear,4,0,21
2025-01-03 21:00:00,3,31,41.2,Clear,4,0,21
2025-01-03 21:00:00,4,48,40.1,Clear,4,0,21
2025-01-03 22:00:00,1,46,36.1,Cloudy,4,0,22
2025-01-03 22:00:00,2,36,42.2,Cloudy,4,0,22
2025-01-03 22:00:00,3,25,43.2,Cloudy,4,0,22
2025-01-03 22:00:00,4,22,46.0,Cloudy,4,0,22
2025-01-03 23:00:00,1,19,44.7,Cloudy,4,0,23
2025-01-03 23:00:00,2,,54.6,Cloudy,4,0,23
2025-01-03 23:00:00,3,18,46.3,Cloudy,4,0,23
2025-01-03 23:00:00,4,14,43.4,Cloudy,4,0,23
2025-01-04 00:00:00,1,13,35.2,Heavy Rain,5,0,0
2025-01-04 00:00:00,2,5,32.1,Heavy Rain,5,0,0
2025-01-04 00:00:00,3,7,30.9,Heavy Rain,5,0,0
2025-01-04 00:00:00,4,6,31.9,Heavy Rain,5,0,0
2025-01-04 01:00:00,1,10,31.3,Heavy Rain,5,0,1
2025-01-04 01:00:00,2,9,29.3,Heavy Rain,5,0,1
2025-01-04 01:00:00,3,9,33.1,Heavy Rain,5,0,1
2025-01-04 01:00:00,4,10,32.8,Heavy Rain,5,0,1
2025-01-04 02:00:00,1,20,47.8,Cloudy,5,0,2
2025-01-04 02:00:00,2,18,45.6,Cloudy,5,0,2
2025-01-04 02:00:00,3,13,49.9,Cloudy,5,0,2
2025-01-04 02:00:00,4,15,54.3,Cloudy,5,0,2
2025-01-04 03:00:00,1,11,25.0,Heavy Rain,5,0,3
2025-01-04 03:00:00,2,8,30.9,Heavy Rain,5,0,3
2025-01-04 03:00:00,3,7,34.4,Heavy Rain,5,0,3
2025-01-04 03:00:00,4,7,31.1,Heavy Rain,5,0,3
2025-01-04 04:00:00,1,12,26.2,Heavy Rain,5,0,4
2025-01-04 04:00:00,2,10,31.5,Heavy Rain,5,0,4
2025-01-04 04:00:00,3,8,31.0,Heavy Rain,5,0,4
2025-01-04 04:00:00,4,9,28.7,Heavy Rain,5,0,4
2025-01-04 05:00:00,1,10,27.1,Heavy Rain,5,0,5
2025-01-04 05:00:00,2,500,30.7,Heavy Rain,5,0,5
2025-01-04 05:00:00,3,6,32.7,Heavy Rain,5,0,5
2025-01-04 05:00:00,4,10,32.3,Heavy Rain,5,0,5
2025-01-04 06:00:00,1,40,22.0,Heavy Rain,5,0,6
2025-01-04 06:00:00,2,20,23.7,Heavy Rain,5,0,6
2025-01-04 06:00:00,3,21,23.6,Heavy Rain,5,0,6
2025-01-04 06:00:00,4,22,26.5,Heavy Rain,5,0,6
2025-01-04 07:00:00,1,31,25.8,Heavy Rain,5,0,7
2025-01-04 07:00:00,2,31,29.9,Heavy Rain,5,0,7
2025-01-04 07:00:00,3,22,30.4,Heavy Rain,5,0,7
2025-01-04 07:00:00,4,29,26.1,Heavy Rain,5,0,7
2025-01-04 08:00:00,1,60,39.1,Clear,5,0,8
2025-01-04 08:00:00,2,47,42.7,Clear,5,0,8
2025-01-04 08:00:00,3,47,40.3,Clear,5,0,8
2025-01-04 08:00:00,4,64,37.7,Clear,5,0,8
2025-01-04 09:00:00,1,47,18.1,Heavy Rain,5,0,9
2025-01-04 09:00:00,2,33,27.0,Heavy Rain,5,0,9
2025-01-04 09:00:00,3,31,28.6,Heavy Rain,5,0,9
2025-01-04 09:00:00,4,42,21.4,Heavy Rain,5,0,9
2025-01-04 10:00:00,1,61,19.9,Heavy Rain,5,0,10
2025-01-04 10:00:00,2,40,27.7,Heavy Rain,5,0,10
2025-01-04 10:00:00,3,36,21.9,Heavy Rain,5,0,10
2025-01-04 10:00:00,4,43,24.7,Heavy Rain,5,0,10
2025-01-04 11:00:00,1,38,23.9,Heavy Rain,5,0,11
2025-01-04 11:00:00,2,47,25.6,Heavy Rain,5,0,11
2025-01-04 11:00:00,3,44,24.8,Heavy Rain,5,0,11
2025-01-04 11:00:00,4,,23.6,Heavy Rain,5,0,11
2025-01-04 12:00:00,1,51,19.0,Heavy Rain,5,0,12
2025-01-04 12:00:00,2,42,27.6,Heavy Rain,5,0,12
2025-01-04 12:00:00,3,43,22.8,Heavy Rain,5,0,12
2025-01-04 12:00:00,4,67,22.4,Heavy Rain,5,0,12
2025-01-04 13:00:00,1,45,19.9,Heavy Rain,5,0,13
2025-01-04 13:00:00,2,57,19.4,Heavy Rain,5,0,13
2025-01-04 13:00:00,3,34,22.2,Heavy Rain,5,0,13
2025-01-04 13:00:00,4,37,23.8,Heavy Rain,5,0,13
2025-01-04 14:00:00,1,83,13.1,Light Rain,5,0,14
2025-01-04 14:00:00,2,51,27.2,Light Rain,5,0,14
2025-01-04 14:00:00,3,61,31.6,Light Rain,5,0,14
2025-01-04 14:00:00,4,53,27.7,Light Rain,5,0,14
2025-01-04 15:00:00,1,42,24.4,Heavy Rain,5,0,15
2025-01-04 15:00:00,2,29,29.9,Heavy Rain,5,0,15
2025-01-04 15:00:00,3,26,30.6,Heavy Rain,5,0,15
2025-01-04 15:00:00,4,48,21.4,Heavy Rain,5,0,15
2025-01-04 16:00:00,1,39,24.3,Heavy Rain,5,0,16
2025-01-04 16:00:00,2,33,25.4,Heavy Rain,5,0,16
2025-01-04 16:00:00,3,33,25.6,Heavy Rain,5,0,16
2025-01-04 16:00:00,4,37,26.4,Heavy Rain,5,0,16
2025-01-04 17:00:00,1,45,21.6,Heavy Rain,5,0,17
2025-01-04 17:00:00,2,32,26.1,Heavy Rain,5,0,17
2025-01-04 17:00:00,3,19,31.0,Heavy Rain,5,0,17
2025-01-04 17:00:00,4,31,23.2,Heavy Rain,5,0,17
2025-01-04 18:00:00,1,39,23.5,Heavy Rain,5,0,18
2025-01-04 18:00:00,2,26,26.5,Heavy Rain,5,0,18
2025-01-04 18:00:00,3,20,22.1,Heavy Rain,5,0,18
2025-01-04 18:00:00,4,31,22.2,Heavy Rain,5,0,18
2025-01-04 19:00:00,1,21,29.6,Heavy Rain,5,0,19
2025-01-04 19:00:00,2,24,25.2,Heavy Rain,5,0,19
2025-01-04 19:00:00,3,18,25.6,Heavy Rain,5,0,19
2025-01-04 19:00:00,4,24,31.0,Heavy Rain,5,0,19
2025-01-04 20:00:00,1,19,27.6,Heavy Rain,5,0,20
2025-01-04 20:00:00,2,14,28.1,Heavy Rain,5,0,20
2025-01-04 20:00:00,3,17,37.0,Heavy Rain,5,0,20
2025-01-04 20:00:00,4,19,24.9,Heavy Rain,5,0,20
2025-01-04 21:00:00,1,17,31.8,Heavy Rain,5,0,21
2025-01-04 21:00:00,2,12,30.7,Heavy Rain,5,0,21
2025-01-04 21:00:00,3,8,30.9,Heavy Rain,5,0,21
2025-01-04 21:00:00,4,12,29.1,Heavy Rain,5,0,21
2025-01-04 22:00:00,1,10,30.9,Heavy Rain,5,0,22
2025-01-04 22:00:00,2,6,29.4,Heavy Rain,5,0,22
2025-01-04 22:00:00,3,6,28.9,Heavy Rain,5,0,22
2025-01-04 22:00:00,4,10,32.5,Heavy Rain,5,0,22
2025-01-04 23:00:00,1,9,28.8,Heavy Rain,5,0,23
2025-01-04 23:00:00,2,9,33.1,Heavy Rain,5,0,23
2025-01-04 23:00:00,3,5,30.5,Heavy Rain,5,0,23
2025-01-04 23:00:00,4,11,35.5,Heavy Rain,5,0,23
2025-01-05 00:00:00,1,15,51.3,Clear,6,0,0
2025-01-05 00:00:00,2,16,59.2,Clear,6,0,0
2025-01-05 00:00:00,3,12,63.7,Clear,6,0,0
2025-01-05 00:00:00,4,15,52.3,Clear,6,0,0
2025-01-05 01:00:00,1,17,54.5,Clear,6,0,1
2025-01-05 01:00:00,2,15,53.1,Clear,6,0,1
2025-01-05 01:00:00,3,16,59.7,Clear,6,0,1
2025-01-05 01:00:00,4,15,50.6,Clear,6,0,1
2025-01-05 02:00:00,1,15,52.6,Clear,6,0,2
2025-01-05 02:00:00,2,17,51.4,Clear,6,0,2
2025-01-05 02:00:00,3,12,56.1,Clear,6,0,2
2025-01-05 02:00:00,4,18,56.3,Clear,6,0,2
2025-01-05 03:00:00,1,17,49.7,Clear,6,0,3
2025-01-05 03:00:00,2,14,46.7,Clear,6,0,3
2025-01-05 03:00:00,3,16,46.5,Clear,6,0,3
2025-01-05 03:00:00,4,19,45.2,Clear,6,0,3
2025-01-05 04:00:00,1,18,59.0,Clear,6,0,4
2025-01-05 04:00:00,2,15,52.5,Clear,6,0,4
2025-01-05 04:00:00,3,14,59.0,Clear,6,0,4
2025-01-05 04:00:00,4,18,49.9,Clear,6,0,4
2025-01-05 05:00:00,1,19,48.5,Cloudy,6,0,5
2025-01-05 05:00:00,2,16,52.1,Cloudy,6,0,5
2025-01-05 05:00:00,3,13,52.3,Cloudy,6,0,5
2025-01-05 05:00:00,4,16,51.4,Cloudy,6,0,5
2025-01-05 06:00:00,1,41,49.8,Clear,6,0,6
2025-01-05 06:00:00,2,32,44.5,Clear,6,0,6
2025-01-05 06:00:00,3,42,39.9,Clear,6,0,6
2025-01-05 06:00:00,4,53,44.5,Clear,6,0,6
2025-01-05 07:00:00,1,62,42.0,Clear,6,0,7
2025-01-05 07:00:00,2,56,29.2,Clear,6,0,7
2025-01-05 07:00:00,3,36,38.6,Clear,6,0,7
2025-01-05 07:00:00,4,52,,Clear,6,0,7
2025-01-05 08:00:00,1,77,24.8,Clear,6,0,8
2025-01-05 08:00:00,2,,37.3,Clear,6,0,8
2025-01-05 08:00:00,3,44,44.9,Clear,6,0,8
2025-01-05 08:00:00,4,55,33.2,Clear,6,0,8
2025-01-05 09:00:00,1,85,29.7,Clear,6,0,9
2025-01-05 09:00:00,2,57,42.2,Clear,6,0,9
2025-01-05 09:00:00,3,63,39.4,Clear,6,0,9
2025-01-05 09:00:00,4,,29.8,Clear,6,0,9
2025-01-05 10:00:00,1,85,30.8,Clear,6,0,10
2025-01-05 10:00:00,2,73,28.1,Clear,6,0,10
2025-01-05 10:00:00,3,52,35.0,Clear,6,0,10
2025-01-05 10:00:00,4,86,32.8,Clear,6,0,10
2025-01-05 11:00:00,1,56,20.7,Heavy Rain,6,0,11
2025-01-05 11:00:00,2,52,22.7,Heavy Rain,6,0,11
2025-01-05 11:00:00,3,41,22.8,Heavy Rain,6,0,11
2025-01-05 11:00:00,4,52,22.2,Heavy Rain,6,0,11
2025-01-05 12:00:00,1,92,18.9,Clear,6,0,12
2025-01-05 12:00:00,2,73,22.8,Clear,6,0,12
2025-01-05 12:00:00,3,65,26.0,Clear,6,0,12
2025-01-05 12:00:00,4,95,22.9,Clear,6,0,12
2025-01-05 13:00:00,1,73,36.5,Clear,6,0,13
2025-01-05 13:00:00,2,95,18.8,Clear,6,0,13
2025-01-05 13:00:00,3,67,28.9,Clear,6,0,13
2025-01-05 13:00:00,4,62,35.0,Clear,6,0,13
2025-01-05 14:00:00,1,103,9.6,Clear,6,0,14
2025-01-05 14:00:00,2,68,44.7,Clear,6,0,14
2025-01-05 14:00:00,3,52,40.6,Clear,6,0,14
2025-01-05 14:00:00,4,54,40.6,Clear,6,0,14
2025-01-05 15:00:00,1,84,36.0,Clear,6,0,15
2025-01-05 15:00:00,2,68,34.1,Clear,6,0,15
2025-01-05 15:00:00,3,45,39.8,Clear,6,0,15
2025-01-05 15:00:00,4,87,28.5,Clear,6,0,15
2025-01-05 16:00:00,1,83,30.1,Clear,6,0,16
2025-01-05 16:00:00,2,45,34.8,Clear,6,0,16
2025-01-05 16:00:00,3,51,39.0,Clear,6,0,16
2025-01-05 16:00:00,4,55,41.5,Clear,6,0,16
2025-01-05 17:00:00,1,54,31.9,Cloudy,6,0,17
2025-01-05 17:00:00,2,44,43.6,Cloudy,6,0,17
2025-01-05 17:00:00,3,43,40.4,Cloudy,6,0,17
2025-01-05 17:00:00,4,51,42.7,Cloudy,6,0,17
2025-01-05 18:00:00,1,41,42.0,Light Rain,6,0,18
2025-01-05 18:00:00,2,36,39.0,Light Rain,6,0,18
2025-01-05 18:00:00,3,31,28.4,Light Rain,6,0,18
2025-01-05 18:00:00,4,42,34.4,Light Rain,6,0,18
2025-01-05 19:00:00,1,40,39.5,Clear,6,0,19
2025-01-05 19:00:00,2,36,33.3,Clear,6,0,19
2025-01-05 19:00:00,3,28,48.2,Clear,6,0,19
2025-01-05 19:00:00,4,35,48.6,Clear,6,0,19
2025-01-05 20:00:00,1,33,48.7,Clear,6,0,20
2025-01-05 20:00:00,2,22,45.5,Clear,6,0,20
2025-01-05 20:00:00,3,18,55.6,Clear,6,0,20
2025-01-05 20:00:00,4,33,42.4,Clear,6,0,20
2025-01-05 21:00:00,1,,53.8,Clear,6,0,21
2025-01-05 21:00:00,2,19,46.0,Clear,6,0,21
2025-01-05 21:00:00,3,16,51.8,Clear,6,0,21
2025-01-05 21:00:00,4,19,58.8,Clear,6,0,21
2025-01-05 22:00:00,1,20,52.2,Clear,6,0,22
2025-01-05 22:00:00,2,16,55.2,Clear,6,0,22
2025-01-05 22:00:00,3,11,59.5,Clear,6,0,22
2025-01-05 22:00:00,4,16,59.0,Clear,6,0,22
2025-01-05 23:00:00,1,20,50.1,Clear,6,0,23
2025-01-05 23:00:00,2,19,51.4,Clear,6,0,23
2025-01-05 23:00:00,3,12,55.9,Clear,6,0,23
2025-01-05 23:00:00,4,20,49.2,Clear,6,0,23
2025-01-06 00:00:00,1,20,49.5,Cloudy,0,0,0
2025-01-06 00:00:00,2,17,52.4,Cloudy,0,0,0
2025-01-06 00:00:00,3,14,46.4,Cloudy,0,0,0
2025-01-06 00:00:00,4,16,54.3,Cloudy,0,0,0
2025-01-06 01:00:00,1,18,49.1,Cloudy,0,0,1
2025-01-06 01:00:00,2,12,56.5,Cloudy,0,0,1
2025-01-06 01:00:00,3,17,49.0,Cloudy,0,0,1
2025-01-06 01:00:00,4,13,57.8,Cloudy,0,0,1
2025-01-06 02:00:00,1,24,57.2,Cloudy,0,0,2
2025-01-06 02:00:00,2,15,52.6,Cloudy,0,0,2
2025-01-06 02:00:00,3,15,56.4,Cloudy,0,0,2
2025-01-06 02:00:00,4,14,49.6,Cloudy,0,0,2
2025-01-06 03:00:00,1,15,47.0,Cloudy,0,0,3
2025-01-06 03:00:00,2,16,50.4,Cloudy,0,0,3
2025-01-06 03:00:00,3,17,43.9,Cloudy,0,0,3
2025-01-06 03:00:00,4,19,54.0,Cloudy,0,0,3
2025-01-06 04:00:00,1,20,48.0,Cloudy,0,0,4
2025-01-06 04:00:00,2,16,47.0,Cloudy,0,0,4
2025-01-06 04:00:00,3,14,55.7,Cloudy,0,0,4
2025-01-06 04:00:00,4,17,49.3,Cloudy,0,0,4
2025-01-06 05:00:00,1,20,50.6,Cloudy,0,0,5
2025-01-06 05:00:00,2,16,45.2,Cloudy,0,0,5
2025-01-06 05:00:00,3,14,52.1,Cloudy,0,0,5
2025-01-06 05:00:00,4,15,52.4,Cloudy,0,0,5
2025-01-06 06:00:00,1,45,38.6,Cloudy,0,0,6
2025-01-06 06:00:00,2,30,43.8,Cloudy,0,0,6
2025-01-06 06:00:00,3,27,50.0,Cloudy,0,0,6
2025-01-06 06:00:00,4,43,31.3,Cloudy,0,0,6
2025-01-06 07:00:00,1,63,39.5,Cloudy,0,0,7
2025-01-06 07:00:00,2,58,29.3,Cloudy,0,0,7
2025-01-06 07:00:00,3,,38.9,Cloudy,0,0,7
2025-01-06 07:00:00,4,44,37.9,Cloudy,0,0,7
2025-01-06 08:00:00,1,105,20.5,Cloudy,0,0,8
2025-01-06 08:00:00,2,76,27.7,Cloudy,0,0,8
2025-01-06 08:00:00,3,74,31.2,Cloudy,0,0,8
2025-01-06 08:00:00,4,78,31.7,Cloudy,0,0,8
2025-01-06 09:00:00,1,131,5,Cloudy,0,0,9
2025-01-06 09:00:00,2,121,17.1,Cloudy,0,0,9
2025-01-06 09:00:00,3,96,14.5,Cloudy,0,0,9
2025-01-06 09:00:00,4,129,11.3,Cloudy,0,0,9
2025-01-06 10:00:00,1,103,18.4,Cloudy,0,0,10
2025-01-06 10:00:00,2,77,28.3,Cloudy,0,0,10
2025-01-06 10:00:00,3,82,23.9,Cloudy,0,0,10
2025-01-06 10:00:00,4,107,16.1,Cloudy,0,0,10
2025-01-06 11:00:00,1,68,32.7,Cloudy,0,0,11
2025-01-06 11:00:00,2,61,40.8,Cloudy,0,0,11
2025-01-06 11:00:00,3,,44.1,Cloudy,0,0,11
2025-01-06 11:00:00,4,600,,Cloudy,0,0,11
2025-01-06 12:00:00,1,74,30.9,Cloudy,0,0,12
2025-01-06 12:00:00,2,67,29.9,Cloudy,0,0,12
2025-01-06 12:00:00,3,70,42.2,Cloudy,0,0,12
2025-01-06 12:00:00,4,68,30.3,Cloudy,0,0,12
2025-01-06 13:00:00,1,112,19.7,Cloudy,0,0,13
2025-01-06 13:00:00,2,63,28.6,Cloudy,0,0,13
2025-01-06 13:00:00,3,74,32.3,Cloudy,0,0,13
2025-01-06 13:00:00,4,84,24.5,Cloudy,0,0,13
2025-01-06 14:00:00,1,53,41.8,Cloudy,0,0,14
2025-01-06 14:00:00,2,45,40.0,Cloudy,0,0,14
2025-01-06 14:00:00,3,47,40.6,Cloudy,0,0,14
2025-01-06 14:00:00,4,66,32.7,Cloudy,0,0,14
2025-01-06 15:00:00,1,59,32.7,Cloudy,0,0,15
2025-01-06 15:00:00,2,50,37.5,Cloudy,0,0,15
2025-01-06 15:00:00,3,35,49.2,Cloudy,0,0,15
2025-01-06 15:00:00,4,56,35.9,Cloudy,0,0,15
2025-01-06 16:00:00,1,84,20.5,Cloudy,0,0,16
2025-01-06 16:00:00,2,73,23.0,Cloudy,0,0,16
2025-01-06 16:00:00,3,68,36.8,Cloudy,0,0,16
2025-01-06 16:00:00,4,60,34.9,Cloudy,0,0,16
2025-01-06 17:00:00,1,155,5,Cloudy,0,0,17
2025-01-06 17:00:00,2,96,,Cloudy,0,0,17
2025-01-06 17:00:00,3,90,15.2,Cloudy,0,0,17
2025-01-06 17:00:00,4,107,10.2,Cloudy,0,0,17
2025-01-06 18:00:00,1,183,5,Cloudy,0,0,18
2025-01-06 18:00:00,2,100,18.8,Cloudy,0,0,18
2025-01-06 18:00:00,3,102,21.6,Cloudy,0,0,18
2025-01-06 18:00:00,4,158,5,Cloudy,0,0,18
2025-01-06 19:00:00,1,132,5.9,Cloudy,0,0,19
2025-01-06 19:00:00,2,112,5,Cloudy,0,0,19
2025-01-06 19:00:00,3,79,28.2,Cloudy,0,0,19
2025-01-06 19:00:00,4,119,5.4,Cloudy,0,0,19
2025-01-06 20:00:00,1,96,20.6,Cloudy,0,0,20
2025-01-06 20:00:00,2,81,32.5,Cloudy,0,0,20
2025-01-06 20:00:00,3,58,38.1,Cloudy,0,0,20
2025-01-06 20:00:00,4,78,31.4,Cloudy,0,0,20
2025-01-06 21:00:00,1,500,28.9,Heavy Rain,0,0,21
2025-01-06 21:00:00,2,18,30.5,Heavy Rain,0,0,21
2025-01-06 21:00:00,3,22,32.6,Heavy Rain,0,0,21
2025-01-06 21:00:00,4,28,24.9,Heavy Rain,0,0,21
2025-01-06 22:00:00,1,34,52.3,Cloudy,0,0,22
2025-01-06 22:00:00,2,31,40.2,Cloudy,0,0,22
2025-01-06 22:00:00,3,27,54.0,Cloudy,0,0,22
2025-01-06 22:00:00,4,36,42.9,Cloudy,0,0,22
2025-01-06 23:00:00,1,14,46.0,Cloudy,0,0,23
2025-01-06 23:00:00,2,,47.1,Cloudy,0,0,23
2025-01-06 23:00:00,3,16,52.2,Cloudy,0,0,23
2025-01-06 23:00:00,4,23,51.4,Cloudy,0,0,23
2025-01-07 00:00:00,1,18,48.9,Cloudy,1,0,0
2025-01-07 00:00:00,2,14,44.8,Cloudy,1,0,0
2025-01-07 00:00:00,3,11,41.5,Cloudy,1,0,0
2025-01-07 00:00:00,4,19,45.8,Cloudy,1,0,0
2025-01-07 01:00:00,1,20,46.3,Cloudy,1,0,1
2025-01-07 01:00:00,2,21,54.5,Cloudy,1,0,1
2025-01-07 01:00:00,3,14,,Cloudy,1,0,1
2025-01-07 01:00:00,4,24,50.6,Cloudy,1,0,1
2025-01-07 02:00:00,1,21,43.2,Cloudy,1,0,2
2025-01-07 02:00:00,2,11,51.7,Cloudy,1,0,2
2025-01-07 02:00:00,3,16,46.2,Cloudy,1,0,2
2025-01-07 02:00:00,4,14,52.6,Cloudy,1,0,2
2025-01-07 03:00:00,1,16,42.6,Cloudy,1,0,3
2025-01-07 03:00:00,2,16,48.7,Cloudy,1,0,3
2025-01-07 03:00:00,3,14,46.0,Cloudy,1,0,3
2025-01-07 03:00:00,4,17,52.3,Cloudy,1,0,3
2025-01-07 04:00:00,1,21,55.5,Cloudy,1,0,4
2025-01-07 04:00:00,2,18,41.6,Cloudy,1,0,4
2025-01-07 04:00:00,3,14,50.7,Cloudy,1,0,4
2025-01-07 04:00:00,4,18,52.0,Cloudy,1,0,4
2025-01-07 05:00:00,1,19,,Cloudy,1,0,5
2025-01-07 05:00:00,2,16,49.5,Cloudy,1,0,5
2025-01-07 05:00:00,3,13,46.1,Cloudy,1,0,5
2025-01-07 05:00:00,4,20,49.9,Cloudy,1,0,5
2025-01-07 06:00:00,1,35,40.7,Cloudy,1,0,6
2025-01-07 06:00:00,2,30,45.4,Cloudy,1,0,6
2025-01-07 06:00:00,3,22,52.3,Cloudy,1,0,6
2025-01-07 06:00:00,4,37,53.0,Cloudy,1,0,6
2025-01-07 07:00:00,1,71,34.7,Cloudy,1,0,7
2025-01-07 07:00:00,2,37,40.9,Cloudy,1,0,7
2025-01-07 07:00:00,3,28,40.7,Cloudy,1,0,7
2025-01-07 07:00:00,4,59,35.9,Cloudy,1,0,7
2025-01-07 08:00:00,1,83,21.9,Cloudy,1,0,8
2025-01-07 08:00:00,2,81,19.6,Cloudy,1,0,8
2025-01-07 08:00:00,3,64,33.3,Cloudy,1,0,8
2025-01-07 08:00:00,4,108,17.9,Cloudy,1,0,8
2025-01-07 09:00:00,1,136,5,Cloudy,1,0,9
2025-01-07 09:00:00,2,111,11.6,Cloudy,1,0,9
2025-01-07 09:00:00,3,94,19.1,Cloudy,1,0,9
2025-01-07 09:00:00,4,141,7.6,Cloudy,1,0,9
2025-01-07 10:00:00,1,137,5,Cloudy,1,0,10
2025-01-07 10:00:00,2,62,29.6,Cloudy,1,0,10
2025-01-07 10:00:00,3,78,23.9,Cloudy,1,0,10
2025-01-07 10:00:00,4,102,13.7,Cloudy,1,0,10
2025-01-07 11:00:00,1,45,25.4,Fog,1,0,11
2025-01-07 11:00:00,2,32,33.7,Fog,1,0,11
2025-01-07 11:00:00,3,35,33.2,Fog,1,0,11
2025-01-07 11:00:00,4,57,24.5,Fog,1,0,11
2025-01-07 12:00:00,1,84,30.5,Cloudy,1,0,12
2025-01-07 12:00:00,2,68,35.8,Cloudy,1,0,12
2025-01-07 12:00:00,3,52,39.7,Cloudy,1,0,12
2025-01-07 12:00:00,4,71,32.3,Cloudy,1,0,12
2025-01-07 13:00:00,1,113,8.8,Cloudy,1,0,13
2025-01-07 13:00:00,2,61,34.8,Cloudy,1,0,13
2025-01-07 13:00:00,3,68,24.6,Cloudy,1,0,13
2025-01-07 13:00:00,4,81,25.2,Cloudy,1,0,13
2025-01-07 14:00:00,1,66,23.8,Cloudy,1,0,14
2025-01-07 14:00:00,2,65,28.2,Cloudy,1,0,14
2025-01-07 14:00:00,3,51,37.6,Cloudy,1,0,14
2025-01-07 14:00:00,4,77,22.5,Cloudy,1,0,14
2025-01-07 15:00:00,1,65,22.5,Cloudy,1,0,15
2025-01-07 15:00:00,2,46,29.1,Cloudy,1,0,15
2025-01-07 15:00:00,3,,37.9,Cloudy,1,0,15
2025-01-07 15:00:00,4,56,44.0,Cloudy,1,0,15
2025-01-07 16:00:00,1,69,29.4,Cloudy,1,0,16
2025-01-07 16:00:00,2,53,34.9,Cloudy,1,0,16
2025-01-07 16:00:00,3,45,36.1,Cloudy,1,0,16
2025-01-07 16:00:00,4,77,36.0,Cloudy,1,0,16
2025-01-07 17:00:00,1,109,10.8,Cloudy,1,0,17
2025-01-07 17:00:00,2,109,10.8,Cloudy,1,0,17
2025-01-07 17:00:00,3,74,24.1,Cloudy,1,0,17
2025-01-07 17:00:00,4,123,9.9,Cloudy,1,0,17
2025-01-07 18:00:00,1,182,5,Cloudy,1,0,18
2025-01-07 18:00:00,2,100,14.3,Cloudy,1,0,18
2025-01-07 18:00:00,3,106,21.5,Cloudy,1,0,18
2025-01-07 18:00:00,4,125,5,Cloudy,1,0,18
2025-01-07 19:00:00,1,138,200,Cloudy,1,0,19
2025-01-07 19:00:00,2,95,22.1,Cloudy,1,0,19
2025-01-07 19:00:00,3,118,9.6,Cloudy,1,0,19
2025-01-07 19:00:00,4,89,20.0,Cloudy,1,0,19
2025-01-07 20:00:00,1,90,23.2,Cloudy,1,0,20
2025-01-07 20:00:00,2,66,36.0,Cloudy,1,0,20
2025-01-07 20:00:00,3,58,37.1,Cloudy,1,0,20
2025-01-07 20:00:00,4,64,33.3,Cloudy,1,0,20
2025-01-07 21:00:00,1,45,39.9,Cloudy,1,0,21
2025-01-07 21:00:00,2,39,48.8,Cloudy,1,0,21
2025-01-07 21:00:00,3,31,39.6,Cloudy,1,0,21
2025-01-07 21:00:00,4,39,38.4,Cloudy,1,0,21
2025-01-07 22:00:00,1,41,39.5,Cloudy,1,0,22
2025-01-07 22:00:00,2,23,49.1,Cloudy,1,0,22
2025-01-07 22:00:00,3,32,43.8,Cloudy,1,0,22
2025-01-07 22:00:00,4,29,43.9,Cloudy,1,0,22
2025-01-07 23:00:00,1,18,47.2,Cloudy,1,0,23
2025-01-07 23:00:00,2,17,47.5,Cloudy,1,0,23
2025-01-07 23:00:00,3,15,53.5,Cloudy,1,0,23
2025-01-07 23:00:00,4,20,48.7,Cloudy,1,0,23
2025-01-08 00:00:00,1,15,36.3,Light Rain,2,0,0
2025-01-08 00:00:00,2,12,42.8,Light Rain,2,0,0
2025-01-08 00:00:00,3,10,48.1,Light Rain,2,0,0
2025-01-08 00:00:00,4,17,48.1,Light Rain,2,0,0
2025-01-08 01:00:00,1,17,38.9,Light Rain,2,0,1
2025-01-08 01:00:00,2,11,46.7,Light Rain,2,0,1
2025-01-08 01:00:00,3,10,49.6,Light Rain,2,0,1
2025-01-08 01:00:00,4,14,47.0,Light Rain,2,0,1
2025-01-08 02:00:00,1,18,39.4,Light Rain,2,0,2
2025-01-08 02:00:00,2,15,44.1,Light Rain,2,0,2
2025-01-08 02:00:00,3,11,46.1,Light Rain,2,0,2
2025-01-08 02:00:00,4,11,48.6,Light Rain,2,0,2
2025-01-08 03:00:00,1,15,46.0,Light Rain,2,0,3
2025-01-08 03:00:00,2,15,44.3,Light Rain,2,0,3
2025-01-08 03:00:00,3,10,44.0,Light Rain,2,0,3
2025-01-08 03:00:00,4,12,40.9,Light Rain,2,0,3
2025-01-08 04:00:00,1,14,47.6,Light Rain,2,0,4
2025-01-08 04:00:00,2,12,44.2,Light Rain,2,0,4
2025-01-08 04:00:00,3,15,43.7,Light Rain,2,0,4
2025-01-08 04:00:00,4,,46.3,Light Rain,2,0,4
2025-01-08 05:00:00,1,19,47.5,Light Rain,2,0,5
2025-01-08 05:00:00,2,13,50.6,Light Rain,2,0,5
2025-01-08 05:00:00,3,11,37.2,Light Rain,2,0,5
2025-01-08 05:00:00,4,12,40.0,Light Rain,2,0,5
2025-01-08 06:00:00,1,39,44.2,Cloudy,2,0,6
2025-01-08 06:00:00,2,33,49.0,Cloudy,2,0,6
2025-01-08 06:00:00,3,19,51.7,Cloudy,2,0,6
2025-01-08 06:00:00,4,34,42.3,Cloudy,2,0,6
2025-01-08 07:00:00,1,58,34.2,Light Rain,2,0,7
2025-01-08 07:00:00,2,44,34.8,Light Rain,2,0,7
2025-01-08 07:00:00,3,32,34.6,Light Rain,2,0,7
2025-01-08 07:00:00,4,38,35.4,Light Rain,2,0,7
2025-01-08 08:00:00,1,104,18.4,Light Rain,2,0,8
2025-01-08 08:00:00,2,69,25.4,Light Rain,2,0,8
2025-01-08 08:00:00,3,59,30.4,Light Rain,2,0,8
2025-01-08 08:00:00,4,96,17.2,Light Rain,2,0,8
2025-01-08 09:00:00,1,172,5,Clear,2,0,9
2025-01-08 09:00:00,2,99,16.0,Clear,2,0,9
2025-01-08 09:00:00,3,88,32.2,Clear,2,0,9
2025-01-08 09:00:00,4,115,23.3,Clear,2,0,9
2025-01-08 10:00:00,1,,23.3,Light Rain,2,0,10
2025-01-08 10:00:00,2,90,20.1,Light Rain,2,0,10
2025-01-08 10:00:00,3,53,30.1,Light Rain,2,0,10
2025-01-08 10:00:00,4,72,30.1,Light Rain,2,0,10
2025-01-08 11:00:00,1,41,27.0,Heavy Rain,2,0,11
2025-01-08 11:00:00,2,23,27.2,Heavy Rain,2,0,11
2025-01-08 11:00:00,3,30,25.6,Heavy Rain,2,0,11
2025-01-08 11:00:00,4,41,25.3,Heavy Rain,2,0,11
2025-01-08 12:00:00,1,61,29.6,Light Rain,2,0,12
2025-01-08 12:00:00,2,56,33.8,Light Rain,2,0,12
2025-01-08 12:00:00,3,39,33.7,Light Rain,2,0,12
2025-01-08 12:00:00,4,48,36.1,Light Rain,2,0,12
2025-01-08 13:00:00,1,74,26.3,Light Rain,2,0,13
2025-01-08 13:00:00,2,68,26.0,Light Rain,2,0,13
2025-01-08 13:00:00,3,45,30.4,Light Rain,2,0,13
2025-01-08 13:00:00,4,80,21.4,Light Rain,2,0,13
2025-01-08 14:00:00,1,68,26.1,Light Rain,2,0,14
2025-01-08 14:00:00,2,51,26.2,Light Rain,2,0,14
2025-01-08 14:00:00,3,42,35.5,Light Rain,2,0,14
2025-01-08 14:00:00,4,55,37.7,Light Rain,2,0,14
2025-01-08 15:00:00,1,48,30.3,Light Rain,2,0,15
2025-01-08 15:00:00,2,32,35.9,Light Rain,2,0,15
2025-01-08 15:00:00,3,33,33.8,Light Rain,2,0,15
2025-01-08 15:00:00,4,43,,Light Rain,2,0,15
2025-01-08 16:00:00,1,81,23.4,Light Rain,2,0,16
2025-01-08 16:00:00,2,52,27.4,Light Rain,2,0,16
2025-01-08 16:00:00,3,46,37.2,Light Rain,2,0,16
2025-01-08 16:00:00,4,57,30.8,Light Rain,2,0,16
2025-01-08 17:00:00,1,83,21.9,Light Rain,2,0,17
2025-01-08 17:00:00,2,101,18.7,Light Rain,2,0,17
2025-01-08 17:00:00,3,65,28.9,Light Rain,2,0,17
2025-01-08 17:00:00,4,114,11.1,Light Rain,2,0,17
2025-01-08 18:00:00,1,132,9.4,Light Rain,2,0,18
2025-01-08 18:00:00,2,129,5,Light Rain,2,0,18
2025-01-08 18:00:00,3,99,19.1,Light Rain,2,0,18
2025-01-08 18:00:00,4,99,15.9,Light Rain,2,0,18
2025-01-08 19:00:00,1,129,6.8,Cloudy,2,0,19
2025-01-08 19:00:00,2,,12.9,Cloudy,2,0,19
2025-01-08 19:00:00,3,,19.7,Cloudy,2,0,19
2025-01-08 19:00:00,4,81,35.1,Cloudy,2,0,19
2025-01-08 20:00:00,1,57,29.7,Light Rain,2,0,20
2025-01-08 20:00:00,2,48,36.1,Light Rain,2,0,20
2025-01-08 20:00:00,3,49,43.3,Light Rain,2,0,20
2025-01-08 20:00:00,4,73,20.0,Light Rain,2,0,20
2025-01-08 21:00:00,1,39,34.1,Light Rain,2,0,21
2025-01-08 21:00:00,2,32,40.7,Light Rain,2,0,21
2025-01-08 21:00:00,3,25,39.3,Light Rain,2,0,21
2025-01-08 21:00:00,4,33,43.3,Light Rain,2,0,21
2025-01-08 22:00:00,1,23,26.7,Heavy Rain,2,0,22
2025-01-08 22:00:00,2,19,25.8,Heavy Rain,2,0,22
2025-01-08 22:00:00,3,10,33.0,Heavy Rain,2,0,22
2025-01-08 22:00:00,4,20,29.7,Heavy Rain,2,0,22
2025-01-08 23:00:00,1,17,48.6,Light Rain,2,0,23
2025-01-08 23:00:00,2,10,40.9,Light Rain,2,0,23
2025-01-08 23:00:00,3,11,,Light Rain,2,0,23
2025-01-08 23:00:00,4,14,31.6,Light Rain,2,0,23
2025-01-09 00:00:00,1,10,33.5,Heavy Rain,3,0,0
2025-01-09 00:00:00,2,8,32.9,Heavy Rain,3,0,0
2025-01-09 00:00:00,3,9,27.6,Heavy Rain,3,0,0
2025-01-09 00:00:00,4,12,30.3,Heavy Rain,3,0,0
2025-01-09 01:00:00,1,13,30.8,Heavy Rain,3,0,1
2025-01-09 01:00:00,2,7,33.2,Heavy Rain,3,0,1
2025-01-09 01:00:00,3,6,33.0,Heavy Rain,3,0,1
2025-01-09 01:00:00,4,11,32.7,Heavy Rain,3,0,1
2025-01-09 02:00:00,1,10,31.4,Heavy Rain,3,0,2
2025-01-09 02:00:00,2,9,32.0,Heavy Rain,3,0,2
2025-01-09 02:00:00,3,8,28.1,Heavy Rain,3,0,2
2025-01-09 02:00:00,4,12,28.5,Heavy Rain,3,0,2
2025-01-09 03:00:00,1,10,31.9,Heavy Rain,3,0,3
2025-01-09 03:00:00,2,9,32.4,Heavy Rain,3,0,3
2025-01-09 03:00:00,3,7,31.4,Heavy Rain,3,0,3
2025-01-09 03:00:00,4,9,31.6,Heavy Rain,3,0,3
2025-01-09 04:00:00,1,11,29.8,Heavy Rain,3,0,4
2025-01-09 04:00:00,2,7,26.9,Heavy Rain,3,0,4
2025-01-09 04:00:00,3,8,34.9,Heavy Rain,3,0,4
2025-01-09 04:00:00,4,11,33.3,Heavy Rain,3,0,4
2025-01-09 05:00:00,1,11,31.3,Heavy Rain,3,0,5
2025-01-09 05:00:00,2,8,29.2,Heavy Rain,3,0,5
2025-01-09 05:00:00,3,9,33.8,Heavy Rain,3,0,5
2025-01-09 05:00:00,4,14,26.7,Heavy Rain,3,0,5
2025-01-09 06:00:00,1,21,29.5,Heavy Rain,3,0,6
2025-01-09 06:00:00,2,500,32.5,Heavy Rain,3,0,6
2025-01-09 06:00:00,3,16,25.2,Heavy Rain,3,0,6
2025-01-09 06:00:00,4,16,33.5,Heavy Rain,3,0,6
2025-01-09 07:00:00,1,44,39.8,Clear,3,0,7
2025-01-09 07:00:00,2,57,34.9,Clear,3,0,7
2025-01-09 07:00:00,3,38,45.0,Clear,3,0,7
2025-01-09 07:00:00,4,58,33.4,Clear,3,0,7
2025-01-09 08:00:00,1,,17.1,Heavy Rain,3,0,8
2025-01-09 08:00:00,2,49,21.2,Heavy Rain,3,0,8
2025-01-09 08:00:00,3,40,23.8,Heavy Rain,3,0,8
2025-01-09 08:00:00,4,50,27.1,Heavy Rain,3,0,8
2025-01-09 09:00:00,1,86,12.0,Heavy Rain,3,0,9
2025-01-09 09:00:00,2,64,20.1,Heavy Rain,3,0,9
2025-01-09 09:00:00,3,51,24.4,Heavy Rain,3,0,9
2025-01-09 09:00:00,4,97,16.2,Heavy Rain,3,0,9
2025-01-09 10:00:00,1,67,17.2,Heavy Rain,3,0,10
2025-01-09 10:00:00,2,41,29.0,Heavy Rain,3,0,10
2025-01-09 10:00:00,3,44,19.4,Heavy Rain,3,0,10
2025-01-09 10:00:00,4,58,16.2,Heavy Rain,3,0,10
2025-01-09 11:00:00,1,45,25.2,Heavy Rain,3,0,11
2025-01-09 11:00:00,2,28,26.1,Heavy Rain,3,0,11
2025-01-09 11:00:00,3,36,26.2,Heavy Rain,3,0,11
2025-01-09 11:00:00,4,32,20.4,Heavy Rain,3,0,11
2025-01-09 12:00:00,1,47,27.1,Heavy Rain,3,0,12
2025-01-09 12:00:00,2,31,25.7,Heavy Rain,3,0,12
2025-01-09 12:00:00,3,25,23.8,Heavy Rain,3,0,12
2025-01-09 12:00:00,4,38,27.3,Heavy Rain,3,0,12
2025-01-09 13:00:00,1,52,21.6,Heavy Rain,3,0,13
2025-01-09 13:00:00,2,37,27.8,Heavy Rain,3,0,13
2025-01-09 13:00:00,3,36,24.7,Heavy Rain,3,0,13
2025-01-09 13:00:00,4,48,24.1,Heavy Rain,3,0,13
2025-01-09 14:00:00,1,51,21.3,Heavy Rain,3,0,14
2025-01-09 14:00:00,2,32,21.6,Heavy Rain,3,0,14
2025-01-09 14:00:00,3,33,27.5,Heavy Rain,3,0,14
2025-01-09 14:00:00,4,29,23.7,Heavy Rain,3,0,14
2025-01-09 15:00:00,1,59,25.9,Cloudy,3,0,15
2025-01-09 15:00:00,2,39,38.7,Cloudy,3,0,15
2025-01-09 15:00:00,3,35,34.1,Cloudy,3,0,15
2025-01-09 15:00:00,4,42,37.8,Cloudy,3,0,15
2025-01-09 16:00:00,1,49,22.2,Heavy Rain,3,0,16
2025-01-09 16:00:00,2,43,24.1,Heavy Rain,3,0,16
2025-01-09 16:00:00,3,30,27.2,Heavy Rain,3,0,16
2025-01-09 16:00:00,4,38,26.8,Heavy Rain,3,0,16
2025-01-09 17:00:00,1,90,17.7,Heavy Rain,3,0,17
2025-01-09 17:00:00,2,64,13.8,Heavy Rain,3,0,17
2025-01-09 17:00:00,3,44,24.1,Heavy Rain,3,0,17
2025-01-09 17:00:00,4,78,16.0,Heavy Rain,3,0,17
2025-01-09 18:00:00,1,93,12.7,Heavy Rain,3,0,18
2025-01-09 18:00:00,2,83,16.9,Heavy Rain,3,0,18
2025-01-09 18:00:00,3,50,21.6,Heavy Rain,3,0,18
2025-01-09 18:00:00,4,70,14.0,Heavy Rain,3,0,18
2025-01-09 19:00:00,1,88,13.8,Heavy Rain,3,0,19
2025-01-09 19:00:00,2,65,18.4,Heavy Rain,3,0,19
2025-01-09 19:00:00,3,53,19.3,Heavy Rain,3,0,19
2025-01-09 19:00:00,4,62,23.7,Heavy Rain,3,0,19
2025-01-09 20:00:00,1,48,26.2,Heavy Rain,3,0,20
2025-01-09 20:00:00,2,44,20.9,Heavy Rain,3,0,20
2025-01-09 20:00:00,3,33,27.5,Heavy Rain,3,0,20
2025-01-09 20:00:00,4,32,23.1,Heavy Rain,3,0,20
2025-01-09 21:00:00,1,28,25.2,Heavy Rain,3,0,21
2025-01-09 21:00:00,2,22,27.3,Heavy Rain,3,0,21
2025-01-09 21:00:00,3,22,27.2,Heavy Rain,3,0,21
2025-01-09 21:00:00,4,22,29.1,Heavy Rain,3,0,21
2025-01-09 22:00:00,1,24,29.7,Heavy Rain,3,0,22
2025-01-09 22:00:00,2,16,31.6,Heavy Rain,3,0,22
2025-01-09 22:00:00,3,14,28.1,Heavy Rain,3,0,22
2025-01-09 22:00:00,4,,,Heavy Rain,3,0,22
2025-01-09 23:00:00,1,11,28.2,Heavy Rain,3,0,23
2025-01-09 23:00:00,2,10,32.1,Heavy Rain,3,0,23
2025-01-09 23:00:00,3,8,30.9,Heavy Rain,3,0,23
2025-01-09 23:00:00,4,10,29.1,Heavy Rain,3,0,23
2025-01-10 00:00:00,1,24,50.1,Clear,4,0,0
2025-01-10 00:00:00,2,15,50.0,Clear,4,0,0
2025-01-10 00:00:00,3,13,51.9,Clear,4,0,0
2025-01-10 00:00:00,4,16,51.7,Clear,4,0,0
2025-01-10 01:00:00,1,19,53.7,Clear,4,0,1
2025-01-10 01:00:00,2,,55.7,Clear,4,0,1
2025-01-10 01:00:00,3,,59.6,Clear,4,0,1
2025-01-10 01:00:00,4,13,59.4,Clear,4,0,1
2025-01-10 02:00:00,1,19,49.9,Clear,4,0,2
2025-01-10 02:00:00,2,22,57.0,Clear,4,0,2
2025-01-10 02:00:00,3,15,46.9,Clear,4,0,2
2025-01-10 02:00:00,4,16,50.0,Clear,4,0,2
2025-01-10 03:00:00,1,17,54.4,Clear,4,0,3
2025-01-10 03:00:00,2,11,61.3,Clear,4,0,3
2025-01-10 03:00:00,3,13,54.6,Clear,4,0,3
2025-01-10 03:00:00,4,18,59.9,Clear,4,0,3
2025-01-10 04:00:00,1,19,54.3,Clear,4,0,4
2025-01-10 04:00:00,2,13,,Clear,4,0,4
2025-01-10 04:00:00,3,13,52.8,Clear,4,0,4
2025-01-10 04:00:00,4,19,56.8,Clear,4,0,4
2025-01-10 05:00:00,1,19,47.3,Clear,4,0,5
2025-01-10 05:00:00,2,16,52.8,Clear,4,0,5
2025-01-10 05:00:00,3,13,51.8,Clear,4,0,5
2025-01-10 05:00:00,4,20,58.6,Clear,4,0,5
2025-01-10 06:00:00,1,44,38.9,Clear,4,0,6
2025-01-10 06:00:00,2,26,50.0,Clear,4,0,6
2025-01-10 06:00:00,3,28,55.6,Clear,4,0,6
2025-01-10 06:00:00,4,34,42.6,Clear,4,0,6
2025-01-10 07:00:00,1,45,35.2,Clear,4,0,7
2025-01-10 07:00:00,2,45,43.6,Clear,4,0,7
2025-01-10 07:00:00,3,36,45.6,Clear,4,0,7
2025-01-10 07:00:00,4,51,46.5,Clear,4,0,7
2025-01-10 08:00:00,1,108,17.8,Clear,4,0,8
2025-01-10 08:00:00,2,70,29.5,Clear,4,0,8
2025-01-10 08:00:00,3,74,34.0,Clear,4,0,8
2025-01-10 08:00:00,4,89,23.5,Clear,4,0,8
2025-01-10 09:00:00,1,123,11.7,Clear,4,0,9
2025-01-10 09:00:00,2,93,21.1,Clear,4,0,9
2025-01-10 09:00:00,3,96,25.7,Clear,4,0,9
2025-01-10 09:00:00,4,100,17.0,Clear,4,0,9
2025-01-10 10:00:00,1,,25.3,Clear,4,0,10
2025-01-10 10:00:00,2,74,31.8,Clear,4,0,10
2025-01-10 10:00:00,3,70,32.7,Clear,4,0,10
2025-01-10 10:00:00,4,74,36.0,Clear,4,0,10
2025-01-10 11:00:00,1,62,30.4,Clear,4,0,11
2025-01-10 11:00:00,2,62,35.9,Clear,4,0,11
2025-01-10 11:00:00,3,53,38.0,Clear,4,0,11
2025-01-10 11:00:00,4,,34.8,Clear,4,0,11
2025-01-10 12:00:00,1,67,41.2,Clear,4,0,12
2025-01-10 12:00:00,2,51,33.2,Clear,4,0,12
2025-01-10 12:00:00,3,48,42.0,Clear,4,0,12
2025-01-10 12:00:00,4,55,31.7,Clear,4,0,12
2025-01-10 13:00:00,1,78,22.2,Clear,4,0,13
2025-01-10 13:00:00,2,71,27.2,Clear,4,0,13
2025-01-10 13:00:00,3,56,41.5,Clear,4,0,13
2025-01-10 13:00:00,4,93,13.3,Clear,4,0,13
2025-01-10 14:00:00,1,76,27.4,Clear,4,0,14
2025-01-10 14:00:00,2,58,36.3,Clear,4,0,14
2025-01-10 14:00:00,3,54,50.2,Clear,4,0,14
2025-01-10 14:00:00,4,53,39.7,Clear,4,0,14
2025-01-10 15:00:00,1,61,30.4,Clear,4,0,15
2025-01-10 15:00:00,2,33,47.4,Clear,4,0,15
2025-01-10 15:00:00,3,42,40.6,Clear,4,0,15
2025-01-10 15:00:00,4,52,36.9,Clear,4,0,15
2025-01-10 16:00:00,1,84,29.2,Clear,4,0,16
2025-01-10 16:00:00,2,84,37.1,Clear,4,0,16
2025-01-10 16:00:00,3,52,32.1,Clear,4,0,16
2025-01-10 16:00:00,4,66,33.1,Clear,4,0,16
2025-01-10 17:00:00,1,154,9.4,Clear,4,0,17
2025-01-10 17:00:00,2,127,5,Clear,4,0,17
2025-01-10 17:00:00,3,83,15.6,Clear,4,0,17
2025-01-10 17:00:00,4,107,15.0,Clear,4,0,17
2025-01-10 18:00:00,1,138,5,Clear,4,0,18
2025-01-10 18:00:00,2,144,7.3,Clear,4,0,18
2025-01-10 18:00:00,3,82,27.6,Clear,4,0,18
2025-01-10 18:00:00,4,127,,Clear,4,0,18
2025-01-10 19:00:00,1,113,13.5,Clear,4,0,19
2025-01-10 19:00:00,2,109,23.3,Clear,4,0,19
2025-01-10 19:00:00,3,81,26.0,Clear,4,0,19
2025-01-10 19:00:00,4,132,,Clear,4,0,19
2025-01-10 20:00:00,1,65,35.5,Clear,4,0,20
2025-01-10 20:00:00,2,44,42.9,Clear,4,0,20
2025-01-10 20:00:00,3,58,45.5,Clear,4,0,20
2025-01-10 20:00:00,4,82,32.4,Clear,4,0,20
2025-01-10 21:00:00,1,24,40.8,Light Rain,4,0,21
2025-01-10 21:00:00,2,31,44.2,Light Rain,4,0,21
2025-01-10 21:00:00,3,31,38.4,Light Rain,4,0,21
2025-01-10 21:00:00,4,35,37.8,Light Rain,4,0,21
2025-01-10 22:00:00,1,34,44.9,Clear,4,0,22
2025-01-10 22:00:00,2,29,52.2,Clear,4,0,22
2025-01-10 22:00:00,3,23,46.3,Clear,4,0,22
2025-01-10 22:00:00,4,30,56.5,Clear,4,0,22
2025-01-10 23:00:00,1,22,43.4,Clear,4,0,23
2025-01-10 23:00:00,2,14,46.8,Clear,4,0,23
2025-01-10 23:00:00,3,14,55.1,Clear,4,0,23
2025-01-10 23:00:00,4,20,51.5,Clear,4,0,23
2025-01-11 00:00:00,1,19,46.0,Cloudy,5,0,0
2025-01-11 00:00:00,2,16,51.5,Cloudy,5,0,0
2025-01-11 00:00:00,3,12,47.1,Cloudy,5,0,0
2025-01-11 00:00:00,4,19,49.9,Cloudy,5,0,0
2025-01-11 01:00:00,1,21,52.1,Clear,5,0,1
2025-01-11 01:00:00,2,17,46.3,Clear,5,0,1
2025-01-11 01:00:00,3,13,48.7,Clear,5,0,1
2025-01-11 01:00:00,4,21,51.8,Clear,5,0,1
2025-01-11 02:00:00,1,21,58.5,Clear,5,0,2
2025-01-11 02:00:00,2,12,54.7,Clear,5,0,2
2025-01-11 02:00:00,3,11,55.7,Clear,5,0,2
2025-01-11 02:00:00,4,15,57.7,Clear,5,0,2
2025-01-11 03:00:00,1,22,50.7,Clear,5,0,3
2025-01-11 03:00:00,2,14,55.0,Clear,5,0,3
2025-01-11 03:00:00,3,13,52.5,Clear,5,0,3
2025-01-11 03:00:00,4,18,50.9,Clear,5,0,3
2025-01-11 04:00:00,1,19,57.6,Clear,5,0,4
2025-01-11 04:00:00,2,15,45.0,Clear,5,0,4
2025-01-11 04:00:00,3,15,53.5,Clear,5,0,4
2025-01-11 04:00:00,4,17,65.1,Clear,5,0,4
2025-01-11 05:00:00,1,17,50.5,Clear,5,0,5
2025-01-11 05:00:00,2,12,54.5,Clear,5,0,5
2025-01-11 05:00:00,3,9,,Clear,5,0,5
2025-01-11 05:00:00,4,18,51.1,Clear,5,0,5
2025-01-11 06:00:00,1,44,35.1,Clear,5,0,6
2025-01-11 06:00:00,2,32,52.7,Clear,5,0,6
2025-01-11 06:00:00,3,29,49.6,Clear,5,0,6
2025-01-11 06:00:00,4,38,50.0,Clear,5,0,6
2025-01-11 07:00:00,1,66,27.4,Clear,5,0,7
2025-01-11 07:00:00,2,55,37.7,Clear,5,0,7
2025-01-11 07:00:00,3,51,43.5,Clear,5,0,7
2025-01-11 07:00:00,4,66,35.3,Clear,5,0,7
2025-01-11 08:00:00,1,80,28.6,Clear,5,0,8
2025-01-11 08:00:00,2,52,36.0,Clear,5,0,8
2025-01-11 08:00:00,3,43,55.4,Clear,5,0,8
2025-01-11 08:00:00,4,67,30.4,Clear,5,0,8
2025-01-11 09:00:00,1,97,19.1,Clear,5,0,9
2025-01-11 09:00:00,2,51,38.6,Clear,5,0,9
2025-01-11 09:00:00,3,51,46.6,Clear,5,0,9
2025-01-11 09:00:00,4,64,28.9,Clear,5,0,9
2025-01-11 10:00:00,1,73,22.9,Clear,5,0,10
2025-01-11 10:00:00,2,78,20.1,Clear,5,0,10
2025-01-11 10:00:00,3,52,40.1,Clear,5,0,10
2025-01-11 10:00:00,4,91,15.1,Clear,5,0,10
2025-01-11 11:00:00,1,85,22.6,Clear,5,0,11
2025-01-11 11:00:00,2,64,39.8,Clear,5,0,11
2025-01-11 11:00:00,3,61,36.8,Clear,5,0,11
2025-01-11 11:00:00,4,97,23.3,Clear,5,0,11
2025-01-11 12:00:00,1,122,16.0,Clear,5,0,12
2025-01-11 12:00:00,2,80,19.9,Clear,5,0,12
2025-01-11 12:00:00,3,56,31.9,Clear,5,0,12
2025-01-11 12:00:00,4,63,29.7,Clear,5,0,12
2025-01-11 13:00:00,1,98,19.4,Clear,5,0,13
2025-01-11 13:00:00,2,71,30.3,Clear,5,0,13
2025-01-11 13:00:00,3,55,38.6,Clear,5,0,13
2025-01-11 13:00:00,4,72,34.4,Clear,5,0,13
2025-01-11 14:00:00,1,112,19.0,Clear,5,0,14
2025-01-11 14:00:00,2,59,26.1,Clear,5,0,14
2025-01-11 14:00:00,3,82,27.8,Clear,5,0,14
2025-01-11 14:00:00,4,76,25.4,Clear,5,0,14
2025-01-11 15:00:00,1,66,26.6,Clear,5,0,15
2025-01-11 15:00:00,2,59,25.0,Clear,5,0,15
2025-01-11 15:00:00,3,58,40.1,Clear,5,0,15
2025-01-11 15:00:00,4,62,42.0,Clear,5,0,15
2025-01-11 16:00:00,1,78,28.9,Clear,5,0,16
2025-01-11 16:00:00,2,51,31.3,Clear,5,0,16
2025-01-11 16:00:00,3,57,35.2,Clear,5,0,16
2025-01-11 16:00:00,4,59,40.0,Clear,5,0,16
2025-01-11 17:00:00,1,60,35.6,Clear,5,0,17
2025-01-11 17:00:00,2,54,41.4,Clear,5,0,17
2025-01-11 17:00:00,3,40,42.3,Clear,5,0,17
2025-01-11 17:00:00,4,40,42.6,Clear,5,0,17
2025-01-11 18:00:00,1,65,31.0,Clear,5,0,18
2025-01-11 18:00:00,2,41,47.0,Clear,5,0,18
2025-01-11 18:00:00,3,36,44.4,Clear,5,0,18
2025-01-11 18:00:00,4,37,41.6,Clear,5,0,18
2025-01-11 19:00:00,1,43,47.6,Clear,5,0,19
2025-01-11 19:00:00,2,42,46.9,Clear,5,0,19
2025-01-11 19:00:00,3,31,,Clear,5,0,19
2025-01-11 19:00:00,4,45,41.0,Clear,5,0,19
2025-01-11 20:00:00,1,28,49.0,Clear,5,0,20
2025-01-11 20:00:00,2,24,54.7,Clear,5,0,20
2025-01-11 20:00:00,3,20,56.1,Clear,5,0,20
2025-01-11 20:00:00,4,24,49.8,Clear,5,0,20
2025-01-11 21:00:00,1,29,45.1,Clear,5,0,21
2025-01-11 21:00:00,2,17,53.8,Clear,5,0,21
2025-01-11 21:00:00,3,9,61.8,Clear,5,0,21
2025-01-11 21:00:00,4,23,54.5,Clear,5,0,21
2025-01-11 22:00:00,1,600,51.5,Clear,5,0,22
2025-01-11 22:00:00,2,17,57.2,Clear,5,0,22
2025-01-11 22:00:00,3,11,51.1,Clear,5,0,22
2025-01-11 22:00:00,4,20,56.6,Clear,5,0,22
2025-01-11 23:00:00,1,11,29.5,Fog,5,0,23
2025-01-11 23:00:00,2,10,35.5,Fog,5,0,23
2025-01-11 23:00:00,3,13,39.1,Fog,5,0,23
2025-01-11 23:00:00,4,13,34.6,Fog,5,0,23
2025-01-12 00:00:00,1,18,45.4,Light Rain,6,0,0
2025-01-12 00:00:00,2,14,47.9,Light Rain,6,0,0
2025-01-12 00:00:00,3,9,45.9,Light Rain,6,0,0
2025-01-12 00:00:00,4,12,45.9,Light Rain,6,0,0
2025-01-12 01:00:00,1,18,46.1,Light Rain,6,0,1
2025-01-12 01:00:00,2,14,41.0,Light Rain,6,0,1
2025-01-12 01:00:00,3,10,44.3,Light Rain,6,0,1
2025-01-12 01:00:00,4,13,44.6,Light Rain,6,0,1
2025-01-12 02:00:00,1,23,52.8,Cloudy,6,0,2
2025-01-12 02:00:00,2,17,47.7,Cloudy,6,0,2
2025-01-12 02:00:00,3,13,64.4,Cloudy,6,0,2
2025-01-12 02:00:00,4,13,46.2,Cloudy,6,0,2
2025-01-12 03:00:00,1,12,45.0,Light Rain,6,0,3
2025-01-12 03:00:00,2,8,38.1,Light Rain,6,0,3
2025-01-12 03:00:00,3,,46.4,Light Rain,6,0,3
2025-01-12 03:00:00,4,15,41.1,Light Rain,6,0,3
2025-01-12 04:00:00,1,17,45.7,Light Rain,6,0,4
2025-01-12 04:00:00,2,14,48.6,Light Rain,6,0,4
2025-01-12 04:00:00,3,12,49.1,Light Rain,6,0,4
2025-01-12 04:00:00,4,13,33.0,Light Rain,6,0,4
2025-01-12 05:00:00,1,13,44.2,Light Rain,6,0,5
2025-01-12 05:00:00,2,9,45.6,Light Rain,6,0,5
2025-01-12 05:00:00,3,12,41.6,Light Rain,6,0,5
2025-01-12 05:00:00,4,14,42.7,Light Rain,6,0,5
2025-01-12 06:00:00,1,49,30.4,Light Rain,6,0,6
2025-01-12 06:00:00,2,31,44.2,Light Rain,6,0,6
2025-01-12 06:00:00,3,32,30.9,Light Rain,6,0,6
2025-01-12 06:00:00,4,37,34.3,Light Rain,6,0,6
2025-01-12 07:00:00,1,50,,Light Rain,6,0,7
2025-01-12 07:00:00,2,46,39.6,Light Rain,6,0,7
2025-01-12 07:00:00,3,34,35.8,Light Rain,6,0,7
2025-01-12 07:00:00,4,60,31.2,Light Rain,6,0,7
2025-01-12 08:00:00,1,55,21.6,Light Rain,6,0,8
2025-01-12 08:00:00,2,54,34.1,Light Rain,6,0,8
2025-01-12 08:00:00,3,49,35.8,Light Rain,6,0,8
2025-01-12 08:00:00,4,44,35.6,Light Rain,6,0,8
2025-01-12 09:00:00,1,57,31.3,Light Rain,6,0,9
2025-01-12 09:00:00,2,48,32.6,Light Rain,6,0,9
2025-01-12 09:00:00,3,53,36.5,Light Rain,6,0,9
2025-01-12 09:00:00,4,51,34.1,Light Rain,6,0,9
2025-01-12 10:00:00,1,96,10.3,Clear,6,0,10
2025-01-12 10:00:00,2,81,30.8,Clear,6,0,10
2025-01-12 10:00:00,3,49,34.6,Clear,6,0,10
2025-01-12 10:00:00,4,69,26.6,Clear,6,0,10
2025-01-12 11:00:00,1,50,30.4,Light Rain,6,0,11
2025-01-12 11:00:00,2,61,22.8,Light Rain,6,0,11
2025-01-12 11:00:00,3,54,33.9,Light Rain,6,0,11
2025-01-12 11:00:00,4,89,28.4,Light Rain,6,0,11
2025-01-12 12:00:00,1,78,23.8,Light Rain,6,0,12
2025-01-12 12:00:00,2,55,18.7,Light Rain,6,0,12
2025-01-12 12:00:00,3,52,32.4,Light Rain,6,0,12
2025-01-12 12:00:00,4,40,38.5,Light Rain,6,0,12
2025-01-12 13:00:00,1,61,27.4,Light Rain,6,0,13
2025-01-12 13:00:00,2,52,25.8,Light Rain,6,0,13
2025-01-12 13:00:00,3,56,26.7,Light Rain,6,0,13
2025-01-12 13:00:00,4,87,23.4,Light Rain,6,0,13
2025-01-12 14:00:00,1,62,27.7,Light Rain,6,0,14
2025-01-12 14:00:00,2,64,25.6,Light Rain,6,0,14
2025-01-12 14:00:00,3,49,30.3,Light Rain,6,0,14
2025-01-12 14:00:00,4,48,33.7,Light Rain,6,0,14
2025-01-12 15:00:00,1,77,26.9,Light Rain,6,0,15
2025-01-12 15:00:00,2,49,36.7,Light Rain,6,0,15
2025-01-12 15:00:00,3,58,24.3,Light Rain,6,0,15
2025-01-12 15:00:00,4,49,38.9,Light Rain,6,0,15
2025-01-12 16:00:00,1,46,34.3,Light Rain,6,0,16
2025-01-12 16:00:00,2,39,36.9,Light Rain,6,0,16
2025-01-12 16:00:00,3,38,37.4,Light Rain,6,0,16
2025-01-12 16:00:00,4,52,25.6,Light Rain,6,0,16
2025-01-12 17:00:00,1,49,31.6,Light Rain,6,0,17
2025-01-12 17:00:00,2,48,34.3,Light Rain,6,0,17
2025-01-12 17:00:00,3,,34.5,Light Rain,6,0,17
2025-01-12 17:00:00,4,52,28.5,Light Rain,6,0,17
2025-01-12 18:00:00,1,51,32.3,Light Rain,6,0,18
2025-01-12 18:00:00,2,35,38.0,Light Rain,6,0,18
2025-01-12 18:00:00,3,28,42.9,Light Rain,6,0,18
2025-01-12 18:00:00,4,44,35.3,Light Rain,6,0,18
2025-01-12 19:00:00,1,38,37.7,Light Rain,6,0,19
2025-01-12 19:00:00,2,25,41.3,Light Rain,6,0,19
2025-01-12 19:00:00,3,22,42.6,Light Rain,6,0,19
2025-01-12 19:00:00,4,31,43.2,Light Rain,6,0,19
2025-01-12 20:00:00,1,30,48.4,Light Rain,6,0,20
2025-01-12 20:00:00,2,15,,Light Rain,6,0,20
2025-01-12 20:00:00,3,,52.9,Light Rain,6,0,20
2025-01-12 20:00:00,4,26,36.4,Light Rain,6,0,20
2025-01-12 21:00:00,1,18,40.9,Light Rain,6,0,21
2025-01-12 21:00:00,2,15,47.4,Light Rain,6,0,21
2025-01-12 21:00:00,3,13,46.4,Light Rain,6,0,21
2025-01-12 21:00:00,4,16,,Light Rain,6,0,21
2025-01-12 22:00:00,1,22,44.5,Cloudy,6,0,22
2025-01-12 22:00:00,2,10,51.2,Cloudy,6,0,22
2025-01-12 22:00:00,3,11,46.6,Cloudy,6,0,22
2025-01-12 22:00:00,4,18,,Cloudy,6,0,22
2025-01-12 23:00:00,1,16,43.7,Light Rain,6,0,23
2025-01-12 23:00:00,2,11,42.3,Light Rain,6,0,23
2025-01-12 23:00:00,3,10,53.3,Light Rain,6,0,23
2025-01-12 23:00:00,4,11,49.4,Light Rain,6,0,23
2025-01-13 00:00:00,1,19,49.1,Cloudy,0,0,0
2025-01-13 00:00:00,2,16,56.6,Cloudy,0,0,0
2025-01-13 00:00:00,3,13,46.6,Cloudy,0,0,0
2025-01-13 00:00:00,4,13,43.3,Cloudy,0,0,0
2025-01-13 01:00:00,1,19,45.0,Cloudy,0,0,1
2025-01-13 01:00:00,2,15,,Cloudy,0,0,1
2025-01-13 01:00:00,3,13,51.6,Cloudy,0,0,1
2025-01-13 01:00:00,4,18,53.0,Cloudy,0,0,1
2025-01-13 02:00:00,1,16,47.3,Cloudy,0,0,2
2025-01-13 02:00:00,2,15,52.6,Cloudy,0,0,2
2025-01-13 02:00:00,3,11,47.3,Cloudy,0,0,2
2025-01-13 02:00:00,4,20,50.3,Cloudy,0,0,2
2025-01-13 03:00:00,1,19,56.1,Cloudy,0,0,3
2025-01-13 03:00:00,2,14,53.1,Cloudy,0,0,3
2025-01-13 03:00:00,3,16,51.2,Cloudy,0,0,3
2025-01-13 03:00:00,4,22,45.5,Cloudy,0,0,3
2025-01-13 04:00:00,1,25,51.0,Cloudy,0,0,4
2025-01-13 04:00:00,2,12,56.1,Cloudy,0,0,4
2025-01-13 04:00:00,3,13,56.8,Cloudy,0,0,4
2025-01-13 04:00:00,4,18,47.5,Cloudy,0,0,4
2025-01-13 05:00:00,1,20,47.9,Cloudy,0,0,5
2025-01-13 05:00:00,2,16,53.9,Cloudy,0,0,5
2025-01-13 05:00:00,3,12,39.8,Cloudy,0,0,5
2025-01-13 05:00:00,4,16,47.6,Cloudy,0,0,5
2025-01-13 06:00:00,1,43,40.7,Cloudy,0,0,6
2025-01-13 06:00:00,2,33,43.2,Cloudy,0,0,6
2025-01-13 06:00:00,3,25,48.9,Cloudy,0,0,6
2025-01-13 06:00:00,4,26,43.0,Cloudy,0,0,6
2025-01-13 07:00:00,1,59,30.3,Cloudy,0,0,7
2025-01-13 07:00:00,2,48,38.2,Cloudy,0,0,7
2025-01-13 07:00:00,3,47,37.6,Cloudy,0,0,7
2025-01-13 07:00:00,4,82,23.5,Cloudy,0,0,7
2025-01-13 08:00:00,1,114,10.7,Cloudy,0,0,8
2025-01-13 08:00:00,2,85,26.2,Cloudy,0,0,8
2025-01-13 08:00:00,3,75,29.9,Cloudy,0,0,8
2025-01-13 08:00:00,4,106,14.6,Cloudy,0,0,8
2025-01-13 09:00:00,1,143,5,Cloudy,0,0,9
2025-01-13 09:00:00,2,92,27.2,Cloudy,0,0,9
2025-01-13 09:00:00,3,116,9.9,Cloudy,0,0,9
2025-01-13 09:00:00,4,113,16.5,Cloudy,0,0,9
2025-01-13 10:00:00,1,116,14.4,Cloudy,0,0,10
2025-01-13 10:00:00,2,76,24.7,Cloudy,0,0,10
2025-01-13 10:00:00,3,72,31.7,Cloudy,0,0,10
2025-01-13 10:00:00,4,108,11.2,Cloudy,0,0,10
2025-01-13 11:00:00,1,68,35.9,Clear,0,0,11
2025-01-13 11:00:00,2,49,48.1,Clear,0,0,11
2025-01-13 11:00:00,3,46,41.3,Clear,0,0,11
2025-01-13 11:00:00,4,49,44.1,Clear,0,0,11
2025-01-13 12:00:00,1,75,38.2,Clear,0,0,12
2025-01-13 12:00:00,2,54,32.9,Clear,0,0,12
2025-01-13 12:00:00,3,48,37.6,Clear,0,0,12
2025-01-13 12:00:00,4,,36.6,Clear,0,0,12
2025-01-13 13:00:00,1,90,18.4,Cloudy,0,0,13
2025-01-13 13:00:00,2,79,16.5,Cloudy,0,0,13
2025-01-13 13:00:00,3,55,32.2,Cloudy,0,0,13
2025-01-13 13:00:00,4,77,27.1,Cloudy,0,0,13
2025-01-13 14:00:00,1,68,32.4,Clear,0,0,14
2025-01-13 14:00:00,2,61,34.7,Clear,0,0,14
2025-01-13 14:00:00,3,44,42.0,Clear,0,0,14
2025-01-13 14:00:00,4,52,37.9,Clear,0,0,14
2025-01-13 15:00:00,1,46,42.6,Cloudy,0,0,15
2025-01-13 15:00:00,2,35,,Cloudy,0,0,15
2025-01-13 15:00:00,3,31,50.3,Cloudy,0,0,15
2025-01-13 15:00:00,4,40,38.2,Cloudy,0,0,15
2025-01-13 16:00:00,1,80,32.9,Cloudy,0,0,16
2025-01-13 16:00:00,2,64,27.5,Cloudy,0,0,16
2025-01-13 16:00:00,3,65,31.1,Cloudy,0,0,16
2025-01-13 16:00:00,4,90,19.1,Cloudy,0,0,16
2025-01-13 17:00:00,1,140,5,Cloudy,0,0,17
2025-01-13 17:00:00,2,101,24.3,Cloudy,0,0,17
2025-01-13 17:00:00,3,75,33.8,Cloudy,0,0,17
2025-01-13 17:00:00,4,130,5.5,Cloudy,0,0,17
2025-01-13 18:00:00,1,169,5,Cloudy,0,0,18
2025-01-13 18:00:00,2,132,9.2,Cloudy,0,0,18
2025-01-13 18:00:00,3,104,15.0,Cloudy,0,0,18
2025-01-13 18:00:00,4,145,9.1,Cloudy,0,0,18
2025-01-13 19:00:00,1,119,,Cloudy,0,0,19
2025-01-13 19:00:00,2,115,11.3,Cloudy,0,0,19
2025-01-13 19:00:00,3,87,26.6,Cloudy,0,0,19
2025-01-13 19:00:00,4,122,8.1,Cloudy,0,0,19
2025-01-13 20:00:00,1,87,26.9,Cloudy,0,0,20
2025-01-13 20:00:00,2,61,36.1,Cloudy,0,0,20
2025-01-13 20:00:00,3,73,32.8,Cloudy,0,0,20
2025-01-13 20:00:00,4,70,36.5,Cloudy,0,0,20
2025-01-13 21:00:00,1,59,45.2,Cloudy,0,0,21
2025-01-13 21:00:00,2,47,37.9,Cloudy,0,0,21
2025-01-13 21:00:00,3,38,38.2,Cloudy,0,0,21
2025-01-13 21:00:00,4,41,38.7,Cloudy,0,0,21
2025-01-13 22:00:00,1,34,51.3,Cloudy,0,0,22
2025-01-13 22:00:00,2,28,49.0,Cloudy,0,0,22
2025-01-13 22:00:00,3,32,42.2,Cloudy,0,0,22
2025-01-13 22:00:00,4,19,48.1,Cloudy,0,0,22
2025-01-13 23:00:00,1,21,54.9,Cloudy,0,0,23
2025-01-13 23:00:00,2,15,44.9,Cloudy,0,0,23
2025-01-13 23:00:00,3,15,50.0,Cloudy,0,0,23
2025-01-13 23:00:00,4,21,52.5,Cloudy,0,0,23
2025-01-14 00:00:00,1,16,39.9,Light Rain,1,0,0
2025-01-14 00:00:00,2,11,42.1,Light Rain,1,0,0
2025-01-14 00:00:00,3,12,47.9,Light Rain,1,0,0
2025-01-14 00:00:00,4,14,42.7,Light Rain,1,0,0
2025-01-14 01:00:00,1,18,47.5,Light Rain,1,0,1
2025-01-14 01:00:00,2,12,43.2,Light Rain,1,0,1
2025-01-14 01:00:00,3,13,44.2,Light Rain,1,0,1
2025-01-14 01:00:00,4,16,42.2,Light Rain,1,0,1
2025-01-14 02:00:00,1,10,33.2,Heavy Rain,1,0,2
2025-01-14 02:00:00,2,8,28.0,Heavy Rain,1,0,2
2025-01-14 02:00:00,3,9,29.0,Heavy Rain,1,0,2
2025-01-14 02:00:00,4,9,27.2,Heavy Rain,1,0,2
2025-01-14 03:00:00,1,11,,Light Rain,1,0,3
2025-01-14 03:00:00,2,14,41.5,Light Rain,1,0,3
2025-01-14 03:00:00,3,8,48.9,Light Rain,1,0,3
2025-01-14 03:00:00,4,13,46.1,Light Rain,1,0,3
2025-01-14 04:00:00,1,16,39.3,Light Rain,1,0,4
2025-01-14 04:00:00,2,10,,Light Rain,1,0,4
2025-01-14 04:00:00,3,9,44.2,Light Rain,1,0,4
2025-01-14 04:00:00,4,15,45.6,Light Rain,1,0,4
2025-01-14 05:00:00,1,20,48.1,Clear,1,0,5
2025-01-14 05:00:00,2,16,51.4,Clear,1,0,5
2025-01-14 05:00:00,3,11,52.7,Clear,1,0,5
2025-01-14 05:00:00,4,21,51.9,Clear,1,0,5
2025-01-14 06:00:00,1,39,35.0,Light Rain,1,0,6
2025-01-14 06:00:00,2,18,48.3,Light Rain,1,0,6
2025-01-14 06:00:00,3,21,42.2,Light Rain,1,0,6
2025-01-14 06:00:00,4,25,33.9,Light Rain,1,0,6
2025-01-14 07:00:00,1,45,26.6,Light Rain,1,0,7
2025-01-14 07:00:00,2,35,38.1,Light Rain,1,0,7
2025-01-14 07:00:00,3,33,38.4,Light Rain,1,0,7
2025-01-14 07:00:00,4,36,39.7,Light Rain,1,0,7
2025-01-14 08:00:00,1,108,6.6,Light Rain,1,0,8
2025-01-14 08:00:00,2,55,29.7,Light Rain,1,0,8
2025-01-14 08:00:00,3,57,35.4,Light Rain,1,0,8
2025-01-14 08:00:00,4,92,22.5,Light Rain,1,0,8
2025-01-14 09:00:00,1,133,5,Clear,1,0,9
2025-01-14 09:00:00,2,104,24.1,Clear,1,0,9
2025-01-14 09:00:00,3,93,20.6,Clear,1,0,9
2025-01-14 09:00:00,4,99,16.2,Clear,1,0,9
2025-01-14 10:00:00,1,65,24.2,Light Rain,1,0,10
2025-01-14 10:00:00,2,84,24.6,Light Rain,1,0,10
2025-01-14 10:00:00,3,76,,Light Rain,1,0,10
2025-01-14 10:00:00,4,99,7.2,Light Rain,1,0,10
2025-01-14 11:00:00,1,51,30.0,Light Rain,1,0,11
2025-01-14 11:00:00,2,54,28.0,Light Rain,1,0,11
2025-01-14 11:00:00,3,33,31.2,Light Rain,1,0,11
2025-01-14 11:00:00,4,68,35.7,Light Rain,1,0,11
2025-01-14 12:00:00,1,43,42.1,Light Rain,1,0,12
2025-01-14 12:00:00,2,51,25.9,Light Rain,1,0,12
2025-01-14 12:00:00,3,28,46.3,Light Rain,1,0,12
2025-01-14 12:00:00,4,48,37.8,Light Rain,1,0,12
2025-01-14 13:00:00,1,75,21.5,Light Rain,1,0,13
2025-01-14 13:00:00,2,45,30.1,Light Rain,1,0,13
2025-01-14 13:00:00,3,62,32.9,Light Rain,1,0,13
2025-01-14 13:00:00,4,68,25.7,Light Rain,1,0,13
2025-01-14 14:00:00,1,39,31.6,Fog,1,0,14
2025-01-14 14:00:00,2,57,27.1,Fog,1,0,14
2025-01-14 14:00:00,3,35,30.4,Fog,1,0,14
2025-01-14 14:00:00,4,43,25.2,Fog,1,0,14
2025-01-14 15:00:00,1,44,31.3,Light Rain,1,0,15
2025-01-14 15:00:00,2,28,39.4,Light Rain,1,0,15
2025-01-14 15:00:00,3,31,44.6,Light Rain,1,0,15
2025-01-14 15:00:00,4,34,39.2,Light Rain,1,0,15
2025-01-14 16:00:00,1,69,25.2,Light Rain,1,0,16
2025-01-14 16:00:00,2,42,33.9,Light Rain,1,0,16
2025-01-14 16:00:00,3,62,26.3,Light Rain,1,0,16
2025-01-14 16:00:00,4,62,26.2,Light Rain,1,0,16
2025-01-14 17:00:00,1,151,5,Light Rain,1,0,17
2025-01-14 17:00:00,2,82,21.7,Light Rain,1,0,17
2025-01-14 17:00:00,3,67,22.9,Light Rain,1,0,17
2025-01-14 17:00:00,4,84,25.1,Light Rain,1,0,17
2025-01-14 18:00:00,1,116,18.1,Light Rain,1,0,18
2025-01-14 18:00:00,2,111,16.5,Light Rain,1,0,18
2025-01-14 18:00:00,3,83,22.4,Light Rain,1,0,18
2025-01-14 18:00:00,4,137,6.9,Light Rain,1,0,18
2025-01-14 19:00:00,1,116,6.0,Light Rain,1,0,19
2025-01-14 19:00:00,2,99,17.2,Light Rain,1,0,19
2025-01-14 19:00:00,3,88,22.1,Light Rain,1,0,19
2025-01-14 19:00:00,4,95,18.2,Light Rain,1,0,19
2025-01-14 20:00:00,1,75,29.8,Light Rain,1,0,20
2025-01-14 20:00:00,2,47,25.3,Light Rain,1,0,20
2025-01-14 20:00:00,3,54,29.4,Light Rain,1,0,20
2025-01-14 20:00:00,4,45,29.2,Light Rain,1,0,20
2025-01-14 21:00:00,1,45,36.4,Light Rain,1,0,21
2025-01-14 21:00:00,2,30,35.5,Light Rain,1,0,21
2025-01-14 21:00:00,3,29,34.2,Light Rain,1,0,21
2025-01-14 21:00:00,4,38,32.7,Light Rain,1,0,21
2025-01-14 22:00:00,1,34,34.5,Clear,1,0,22
2025-01-14 22:00:00,2,19,52.9,Clear,1,0,22
2025-01-14 22:00:00,3,20,52.8,Clear,1,0,22
2025-01-14 22:00:00,4,23,43.5,Clear,1,0,22
2025-01-14 23:00:00,1,16,33.1,Light Rain,1,0,23
2025-01-14 23:00:00,2,9,38.7,Light Rain,1,0,23
2025-01-14 23:00:00,3,14,47.0,Light Rain,1,0,23
2025-01-14 23:00:00,4,14,44.9,Light Rain,1,0,23
2025-01-15 00:00:00,1,18,56.1,Clear,2,0,0
2025-01-15 00:00:00,2,17,50.3,Clear,2,0,0
2025-01-15 00:00:00,3,11,55.9,Clear,2,0,0
2025-01-15 00:00:00,4,18,50.8,Clear,2,0,0
2025-01-15 01:00:00,1,20,54.1,Clear,2,0,1
2025-01-15 01:00:00,2,13,57.4,Clear,2,0,1
2025-01-15 01:00:00,3,9,60.0,Clear,2,0,1
2025-01-15 01:00:00,4,18,50.4,Clear,2,0,1
2025-01-15 02:00:00,1,20,54.8,Clear,2,0,2
2025-01-15 02:00:00,2,11,52.8,Clear,2,0,2
2025-01-15 02:00:00,3,8,56.7,Clear,2,0,2
2025-01-15 02:00:00,4,18,53.2,Clear,2,0,2
2025-01-15 03:00:00,1,24,49.2,Clear,2,0,3
2025-01-15 03:00:00,2,15,56.9,Clear,2,0,3
2025-01-15 03:00:00,3,15,53.9,Clear,2,0,3
2025-01-15 03:00:00,4,16,48.0,Clear,2,0,3
2025-01-15 04:00:00,1,20,53.0,Clear,2,0,4
2025-01-15 04:00:00,2,15,54.9,Clear,2,0,4
2025-01-15 04:00:00,3,12,60.1,Clear,2,0,4
2025-01-15 04:00:00,4,16,58.2,Clear,2,0,4
2025-01-15 05:00:00,1,17,47.0,Light Rain,2,0,5
2025-01-15 05:00:00,2,11,,Light Rain,2,0,5
2025-01-15 05:00:00,3,10,50.5,Light Rain,2,0,5
2025-01-15 05:00:00,4,14,41.3,Light Rain,2,0,5
2025-01-15 06:00:00,1,46,35.9,Cloudy,2,0,6
2025-01-15 06:00:00,2,25,46.2,Cloudy,2,0,6
2025-01-15 06:00:00,3,29,46.8,Cloudy,2,0,6
2025-01-15 06:00:00,4,46,32.4,Cloudy,2,0,6
2025-01-15 07:00:00,1,67,30.7,Clear,2,0,7
2025-01-15 07:00:00,2,53,40.6,Clear,2,0,7
2025-01-15 07:00:00,3,35,36.7,Clear,2,0,7
2025-01-15 07:00:00,4,53,33.8,Clear,2,0,7
2025-01-15 08:00:00,1,126,5,Clear,2,0,8
2025-01-15 08:00:00,2,85,33.7,Clear,2,0,8
2025-01-15 08:00:00,3,79,29.1,Clear,2,0,8
2025-01-15 08:00:00,4,-10,22.2,Clear,2,0,8
2025-01-15 09:00:00,1,114,25.2,Clear,2,0,9
2025-01-15 09:00:00,2,92,,Clear,2,0,9
2025-01-15 09:00:00,3,,27.0,Clear,2,0,9
2025-01-15 09:00:00,4,95,18.0,Clear,2,0,9
2025-01-15 10:00:00,1,111,20.8,Clear,2,0,10
2025-01-15 10:00:00,2,71,34.9,Clear,2,0,10
2025-01-15 10:00:00,3,61,35.7,Clear,2,0,10
2025-01-15 10:00:00,4,99,24.1,Clear,2,0,10
2025-01-15 11:00:00,1,72,35.3,Clear,2,0,11
2025-01-15 11:00:00,2,,42.7,Clear,2,0,11
2025-01-15 11:00:00,3,58,37.6,Clear,2,0,11
2025-01-15 11:00:00,4,69,,Clear,2,0,11
2025-01-15 12:00:00,1,75,28.3,Clear,2,0,12
2025-01-15 12:00:00,2,52,44.5,Clear,2,0,12
2025-01-15 12:00:00,3,52,39.4,Clear,2,0,12
2025-01-15 12:00:00,4,71,31.6,Clear,2,0,12
2025-01-15 13:00:00,1,83,19.8,Clear,2,0,13
2025-01-15 13:00:00,2,74,42.8,Clear,2,0,13
2025-01-15 13:00:00,3,67,32.2,Clear,2,0,13
2025-01-15 13:00:00,4,86,30.4,Clear,2,0,13
2025-01-15 14:00:00,1,69,38.2,Clear,2,0,14
2025-01-15 14:00:00,2,58,27.1,Clear,2,0,14
2025-01-15 14:00:00,3,36,48.5,Clear,2,0,14
2025-01-15 14:00:00,4,62,32.4,Clear,2,0,14
2025-01-15 15:00:00,1,33,48.4,Clear,2,0,15
2025-01-15 15:00:00,2,48,38.5,Clear,2,0,15
2025-01-15 15:00:00,3,39,46.5,Clear,2,0,15
2025-01-15 15:00:00,4,50,42.1,Clear,2,0,15
2025-01-15 16:00:00,1,85,27.8,Clear,2,0,16
2025-01-15 16:00:00,2,69,36.7,Clear,2,0,16
2025-01-15 16:00:00,3,57,40.7,Clear,2,0,16
2025-01-15 16:00:00,4,70,24.3,Clear,2,0,16
2025-01-15 17:00:00,1,116,12.0,Clear,2,0,17
2025-01-15 17:00:00,2,104,13.9,Clear,2,0,17
2025-01-15 17:00:00,3,101,17.8,Clear,2,0,17
2025-01-15 17:00:00,4,116,14.7,Clear,2,0,17
2025-01-15 18:00:00,1,101,25.2,Clear,2,0,18
2025-01-15 18:00:00,2,110,19.4,Clear,2,0,18
2025-01-15 18:00:00,3,127,6.7,Clear,2,0,18
2025-01-15 18:00:00,4,158,5,Clear,2,0,18
2025-01-15 19:00:00,1,121,12.7,Clear,2,0,19
2025-01-15 19:00:00,2,80,34.6,Clear,2,0,19
2025-01-15 19:00:00,3,87,25.9,Clear,2,0,19
2025-01-15 19:00:00,4,112,17.3,Clear,2,0,19
2025-01-15 20:00:00,1,68,45.9,Clear,2,0,20
2025-01-15 20:00:00,2,55,41.0,Clear,2,0,20
2025-01-15 20:00:00,3,45,41.9,Clear,2,0,20
2025-01-15 20:00:00,4,73,29.8,Clear,2,0,20
2025-01-15 21:00:00,1,48,44.3,Clear,2,0,21
2025-01-15 21:00:00,2,19,52.2,Clear,2,0,21
2025-01-15 21:00:00,3,36,48.6,Clear,2,0,21
2025-01-15 21:00:00,4,40,40.6,Clear,2,0,21
2025-01-15 22:00:00,1,36,46.1,Clear,2,0,22
2025-01-15 22:00:00,2,31,44.0,Clear,2,0,22
2025-01-15 22:00:00,3,21,49.4,Clear,2,0,22
2025-01-15 22:00:00,4,39,43.3,Clear,2,0,22
2025-01-15 23:00:00,1,18,55.9,Clear,2,0,23
2025-01-15 23:00:00,2,12,54.7,Clear,2,0,23
2025-01-15 23:00:00,3,18,42.1,Clear,2,0,23
2025-01-15 23:00:00,4,16,47.5,Clear,2,0,23
2025-01-16 00:00:00,1,13,27.2,Heavy Rain,3,0,0
2025-01-16 00:00:00,2,9,32.1,Heavy Rain,3,0,0
2025-01-16 00:00:00,3,7,32.0,Heavy Rain,3,0,0
2025-01-16 00:00:00,4,11,32.6,Heavy Rain,3,0,0
2025-01-16 01:00:00,1,14,29.6,Heavy Rain,3,0,1
2025-01-16 01:00:00,2,9,32.9,Heavy Rain,3,0,1
2025-01-16 01:00:00,3,8,32.6,Heavy Rain,3,0,1
2025-01-16 01:00:00,4,9,31.9,Heavy Rain,3,0,1
2025-01-16 02:00:00,1,13,29.6,Heavy Rain,3,0,2
2025-01-16 02:00:00,2,9,24.0,Heavy Rain,3,0,2
2025-01-16 02:00:00,3,5,29.7,Heavy Rain,3,0,2
2025-01-16 02:00:00,4,8,26.8,Heavy Rain,3,0,2
2025-01-16 03:00:00,1,13,28.8,Heavy Rain,3,0,3
2025-01-16 03:00:00,2,8,23.2,Heavy Rain,3,0,3
2025-01-16 03:00:00,3,7,31.1,Heavy Rain,3,0,3
2025-01-16 03:00:00,4,9,29.9,Heavy Rain,3,0,3
2025-01-16 04:00:00,1,10,32.6,Heavy Rain,3,0,4
2025-01-16 04:00:00,2,10,30.8,Heavy Rain,3,0,4
2025-01-16 04:00:00,3,6,37.1,Heavy Rain,3,0,4
2025-01-16 04:00:00,4,9,31.9,Heavy Rain,3,0,4
2025-01-16 05:00:00,1,12,29.7,Heavy Rain,3,0,5
2025-01-16 05:00:00,2,9,30.5,Heavy Rain,3,0,5
2025-01-16 05:00:00,3,6,31.6,Heavy Rain,3,0,5
2025-01-16 05:00:00,4,9,30.6,Heavy Rain,3,0,5
2025-01-16 06:00:00,1,26,25.1,Heavy Rain,3,0,6
2025-01-16 06:00:00,2,15,29.6,Heavy Rain,3,0,6
2025-01-16 06:00:00,3,15,29.5,Heavy Rain,3,0,6
2025-01-16 06:00:00,4,21,25.6,Heavy Rain,3,0,6
2025-01-16 07:00:00,1,30,25.5,Heavy Rain,3,0,7
2025-01-16 07:00:00,2,18,31.8,Heavy Rain,3,0,7
2025-01-16 07:00:00,3,25,29.2,Heavy Rain,3,0,7
2025-01-16 07:00:00,4,24,30.6,Heavy Rain,3,0,7
2025-01-16 08:00:00,1,133,7.4,Clear,3,0,8
2025-01-16 08:00:00,2,79,27.9,Clear,3,0,8
2025-01-16 08:00:00,3,79,35.1,Clear,3,0,8
2025-01-16 08:00:00,4,98,16.2,Clear,3,0,8
2025-01-16 09:00:00,1,107,10.0,Fog,3,0,9
2025-01-16 09:00:00,2,80,19.4,Fog,3,0,9
2025-01-16 09:00:00,3,73,16.8,Fog,3,0,9
2025-01-16 09:00:00,4,105,8.8,Fog,3,0,9
2025-01-16 10:00:00,1,51,17.8,Heavy Rain,3,0,10
2025-01-16 10:00:00,2,48,22.3,Heavy Rain,3,0,10
2025-01-16 10:00:00,3,36,24.3,Heavy Rain,3,0,10
2025-01-16 10:00:00,4,61,19.9,Heavy Rain,3,0,10
2025-01-16 11:00:00,1,47,25.0,Heavy Rain,3,0,11
2025-01-16 11:00:00,2,40,22.1,Heavy Rain,3,0,11
2025-01-16 11:00:00,3,29,26.3,Heavy Rain,3,0,11
2025-01-16 11:00:00,4,34,22.6,Heavy Rain,3,0,11
2025-01-16 12:00:00,1,75,34.4,Clear,3,0,12
2025-01-16 12:00:00,2,62,34.2,Clear,3,0,12
2025-01-16 12:00:00,3,42,42.2,Clear,3,0,12
2025-01-16 12:00:00,4,64,37.9,Clear,3,0,12
2025-01-16 13:00:00,1,53,19.5,Heavy Rain,3,0,13
2025-01-16 13:00:00,2,41,25.8,Heavy Rain,3,0,13
2025-01-16 13:00:00,3,41,20.1,Heavy Rain,3,0,13
2025-01-16 13:00:00,4,50,20.3,Heavy Rain,3,0,13
2025-01-16 14:00:00,1,62,29.7,Cloudy,3,0,14
2025-01-16 14:00:00,2,56,35.5,Cloudy,3,0,14
2025-01-16 14:00:00,3,42,,Cloudy,3,0,14
2025-01-16 14:00:00,4,59,36.6,Cloudy,3,0,14
2025-01-16 15:00:00,1,37,25.5,Heavy Rain,3,0,15
2025-01-16 15:00:00,2,31,20.8,Heavy Rain,3,0,15
2025-01-16 15:00:00,3,30,26.2,Heavy Rain,3,0,15
2025-01-16 15:00:00,4,33,,Heavy Rain,3,0,15
2025-01-16 16:00:00,1,50,22.2,Heavy Rain,3,0,16
2025-01-16 16:00:00,2,31,29.1,Heavy Rain,3,0,16
2025-01-16 16:00:00,3,37,27.8,Heavy Rain,3,0,16
2025-01-16 16:00:00,4,38,24.4,Heavy Rain,3,0,16
2025-01-16 17:00:00,1,91,15.5,Heavy Rain,3,0,17
2025-01-16 17:00:00,2,47,18.3,Heavy Rain,3,0,17
2025-01-16 17:00:00,3,48,19.7,Heavy Rain,3,0,17
2025-01-16 17:00:00,4,67,15.0,Heavy Rain,3,0,17
2025-01-16 18:00:00,1,95,13.0,Heavy Rain,3,0,18
2025-01-16 18:00:00,2,72,19.8,Heavy Rain,3,0,18
2025-01-16 18:00:00,3,58,19.6,Heavy Rain,3,0,18
2025-01-16 18:00:00,4,70,18.1,Heavy Rain,3,0,18
2025-01-16 19:00:00,1,70,19.1,Heavy Rain,3,0,19
2025-01-16 19:00:00,2,56,21.3,Heavy Rain,3,0,19
2025-01-16 19:00:00,3,55,22.9,Heavy Rain,3,0,19
2025-01-16 19:00:00,4,67,19.6,Heavy Rain,3,0,19
2025-01-16 20:00:00,1,45,28.7,Heavy Rain,3,0,20
2025-01-16 20:00:00,2,41,20.2,Heavy Rain,3,0,20
2025-01-16 20:00:00,3,,23.8,Heavy Rain,3,0,20
2025-01-16 20:00:00,4,41,18.6,Heavy Rain,3,0,20
2025-01-16 21:00:00,1,18,31.0,Heavy Rain,3,0,21
2025-01-16 21:00:00,2,23,,Heavy Rain,3,0,21
2025-01-16 21:00:00,3,26,27.3,Heavy Rain,3,0,21
2025-01-16 21:00:00,4,24,29.6,Heavy Rain,3,0,21
2025-01-16 22:00:00,1,19,31.6,Heavy Rain,3,0,22
2025-01-16 22:00:00,2,12,31.7,Heavy Rain,3,0,22
2025-01-16 22:00:00,3,17,25.3,Heavy Rain,3,0,22
2025-01-16 22:00:00,4,20,30.9,Heavy Rain,3,0,22
2025-01-16 23:00:00,1,11,27.8,Heavy Rain,3,0,23
2025-01-16 23:00:00,2,10,32.2,Heavy Rain,3,0,23
2025-01-16 23:00:00,3,8,30.0,Heavy Rain,3,0,23
2025-01-16 23:00:00,4,11,29.8,Heavy Rain,3,0,23
2025-01-17 00:00:00,1,14,50.8,Clear,4,0,0
2025-01-17 00:00:00,2,17,59.2,Clear,4,0,0
2025-01-17 00:00:00,3,12,55.4,Clear,4,0,0
2025-01-17 00:00:00,4,,56.5,Clear,4,0,0
2025-01-17 01:00:00,1,12,27.2,Heavy Rain,4,0,1
2025-01-17 01:00:00,2,10,34.3,Heavy Rain,4,0,1
2025-01-17 01:00:00,3,8,30.4,Heavy Rain,4,0,1
2025-01-17 01:00:00,4,13,26.3,Heavy Rain,4,0,1
2025-01-17 02:00:00,1,22,57.8,Clear,4,0,2
2025-01-17 02:00:00,2,13,65.7,Clear,4,0,2
2025-01-17 02:00:00,3,15,57.5,Clear,4,0,2
2025-01-17 02:00:00,4,15,58.4,Clear,4,0,2
2025-01-17 03:00:00,1,20,53.5,Clear,4,0,3
2025-01-17 03:00:00,2,11,48.2,Clear,4,0,3
2025-01-17 03:00:00,3,12,50.3,Clear,4,0,3
2025-01-17 03:00:00,4,16,68.1,Clear,4,0,3
2025-01-17 04:00:00,1,20,50.1,Clear,4,0,4
2025-01-17 04:00:00,2,12,54.5,Clear,4,0,4
2025-01-17 04:00:00,3,15,59.8,Clear,4,0,4
2025-01-17 04:00:00,4,17,55.0,Clear,4,0,4
2025-01-17 05:00:00,1,16,53.4,Clear,4,0,5
2025-01-17 05:00:00,2,15,63.7,Clear,4,0,5
2025-01-17 05:00:00,3,14,56.4,Clear,4,0,5
2025-01-17 05:00:00,4,13,54.2,Clear,4,0,5
2025-01-17 06:00:00,1,34,49.4,Clear,4,0,6
2025-01-17 06:00:00,2,30,51.3,Clear,4,0,6
2025-01-17 06:00:00,3,22,45.3,Clear,4,0,6
2025-01-17 06:00:00,4,,41.9,Clear,4,0,6
2025-01-17 07:00:00,1,67,29.7,Clear,4,0,7
2025-01-17 07:00:00,2,38,42.7,Clear,4,0,7
2025-01-17 07:00:00,3,42,42.3,Clear,4,0,7
2025-01-17 07:00:00,4,56,44.7,Clear,4,0,7
2025-01-17 08:00:00,1,87,22.0,Clear,4,0,8
2025-01-17 08:00:00,2,83,34.1,Clear,4,0,8
2025-01-17 08:00:00,3,76,18.5,Clear,4,0,8
2025-01-17 08:00:00,4,65,43.0,Clear,4,0,8
2025-01-17 09:00:00,1,118,14.5,Clear,4,0,9
2025-01-17 09:00:00,2,97,22.0,Clear,4,0,9
2025-01-17 09:00:00,3,90,20.8,Clear,4,0,9
2025-01-17 09:00:00,4,124,11.0,Clear,4,0,9
2025-01-17 10:00:00,1,65,23.9,Light Rain,4,0,10
2025-01-17 10:00:00,2,63,27.4,Light Rain,4,0,10
2025-01-17 10:00:00,3,77,18.7,Light Rain,4,0,10
2025-01-17 10:00:00,4,74,23.4,Light Rain,4,0,10
2025-01-17 11:00:00,1,84,27.7,Clear,4,0,11
2025-01-17 11:00:00,2,54,36.3,Clear,4,0,11
2025-01-17 11:00:00,3,41,40.8,Clear,4,0,11
2025-01-17 11:00:00,4,82,21.6,Clear,4,0,11
2025-01-17 12:00:00,1,79,29.6,Clear,4,0,12
2025-01-17 12:00:00,2,64,36.6,Clear,4,0,12
2025-01-17 12:00:00,3,52,34.9,Clear,4,0,12
2025-01-17 12:00:00,4,72,27.5,Clear,4,0,12
2025-01-17 13:00:00,1,82,31.8,Clear,4,0,13
2025-01-17 13:00:00,2,88,26.2,Clear,4,0,13
2025-01-17 13:00:00,3,74,31.1,Clear,4,0,13
2025-01-17 13:00:00,4,75,29.2,Clear,4,0,13
2025-01-17 14:00:00,1,78,,Clear,4,0,14
2025-01-17 14:00:00,2,58,31.0,Clear,4,0,14
2025-01-17 14:00:00,3,51,40.2,Clear,4,0,14
2025-01-17 14:00:00,4,88,13.6,Clear,4,0,14
2025-01-17 15:00:00,1,35,29.4,Heavy Rain,4,0,15
2025-01-17 15:00:00,2,24,30.2,Heavy Rain,4,0,15
2025-01-17 15:00:00,3,21,31.5,Heavy Rain,4,0,15
2025-01-17 15:00:00,4,28,26.9,Heavy Rain,4,0,15
2025-01-17 16:00:00,1,95,27.6,Clear,4,0,16
2025-01-17 16:00:00,2,64,22.1,Clear,4,0,16
2025-01-17 16:00:00,3,49,52.7,Clear,4,0,16
2025-01-17 16:00:00,4,63,38.4,Clear,4,0,16
2025-01-17 17:00:00,1,157,5,Clear,4,0,17
2025-01-17 17:00:00,2,102,15.8,Clear,4,0,17
2025-01-17 17:00:00,3,68,25.9,Clear,4,0,17
2025-01-17 17:00:00,4,72,27.1,Clear,4,0,17
2025-01-17 18:00:00,1,142,5,Clear,4,0,18
2025-01-17 18:00:00,2,117,24.1,Clear,4,0,18
2025-01-17 18:00:00,3,105,13.8,Clear,4,0,18
2025-01-17 18:00:00,4,132,,Clear,4,0,18
2025-01-17 19:00:00,1,,,Clear,4,0,19
2025-01-17 19:00:00,2,85,21.1,Clear,4,0,19
2025-01-17 19:00:00,3,56,33.7,Clear,4,0,19
2025-01-17 19:00:00,4,99,20.5,Clear,4,0,19
2025-01-17 20:00:00,1,86,31.0,Clear,4,0,20
2025-01-17 20:00:00,2,89,,Clear,4,0,20
2025-01-17 20:00:00,3,53,38.4,Clear,4,0,20
2025-01-17 20:00:00,4,77,30.8,Clear,4,0,20
2025-01-17 21:00:00,1,47,42.3,Clear,4,0,21
2025-01-17 21:00:00,2,27,57.7,Clear,4,0,21
2025-01-17 21:00:00,3,37,50.6,Clear,4,0,21
2025-01-17 21:00:00,4,42,34.5,Clear,4,0,21
2025-01-17 22:00:00,1,41,50.5,Clear,4,0,22
2025-01-17 22:00:00,2,14,47.4,Clear,4,0,22
2025-01-17 22:00:00,3,29,42.2,Clear,4,0,22
2025-01-17 22:00:00,4,33,53.0,Clear,4,0,22
2025-01-17 23:00:00,1,16,65.9,Clear,4,0,23
2025-01-17 23:00:00,2,17,56.3,Clear,4,0,23
2025-01-17 23:00:00,3,14,50.9,Clear,4,0,23
2025-01-17 23:00:00,4,20,48.0,Clear,4,0,23
2025-01-18 00:00:00,1,17,53.1,Clear,5,0,0
2025-01-18 00:00:00,2,13,55.7,Clear,5,0,0
2025-01-18 00:00:00,3,16,59.6,Clear,5,0,0
2025-01-18 00:00:00,4,14,53.8,Clear,5,0,0
2025-01-18 01:00:00,1,18,57.2,Clear,5,0,1
2025-01-18 01:00:00,2,14,52.5,Clear,5,0,1
2025-01-18 01:00:00,3,13,49.5,Clear,5,0,1
2025-01-18 01:00:00,4,13,49.9,Clear,5,0,1
2025-01-18 02:00:00,1,17,54.5,Clear,5,0,2
2025-01-18 02:00:00,2,15,59.8,Clear,5,0,2
2025-01-18 02:00:00,3,14,52.6,Clear,5,0,2
2025-01-18 02:00:00,4,22,47.7,Clear,5,0,2
2025-01-18 03:00:00,1,18,55.3,Clear,5,0,3
2025-01-18 03:00:00,2,16,52.2,Clear,5,0,3
2025-01-18 03:00:00,3,15,57.6,Clear,5,0,3
2025-01-18 03:00:00,4,19,48.5,Clear,5,0,3
2025-01-18 04:00:00,1,22,49.5,Clear,5,0,4
2025-01-18 04:00:00,2,13,43.8,Clear,5,0,4
2025-01-18 04:00:00,3,14,57.5,Clear,5,0,4
2025-01-18 04:00:00,4,17,55.1,Clear,5,0,4
2025-01-18 05:00:00,1,23,54.2,Clear,5,0,5
2025-01-18 05:00:00,2,13,54.4,Clear,5,0,5
2025-01-18 05:00:00,3,12,52.5,Clear,5,0,5
2025-01-18 05:00:00,4,14,55.5,Clear,5,0,5
2025-01-18 06:00:00,1,53,33.6,Cloudy,5,0,6
2025-01-18 06:00:00,2,51,39.4,Cloudy,5,0,6
2025-01-18 06:00:00,3,23,46.0,Cloudy,5,0,6
2025-01-18 06:00:00,4,38,43.0,Cloudy,5,0,6
2025-01-18 07:00:00,1,74,25.3,Clear,5,0,7
2025-01-18 07:00:00,2,55,49.2,Clear,5,0,7
2025-01-18 07:00:00,3,52,32.7,Clear,5,0,7
2025-01-18 07:00:00,4,54,41.9,Clear,5,0,7
2025-01-18 08:00:00,1,54,43.2,Clear,5,0,8
2025-01-18 08:00:00,2,57,44.2,Clear,5,0,8
2025-01-18 08:00:00,3,36,43.6,Clear,5,0,8
2025-01-18 08:00:00,4,40,41.0,Clear,5,0,8
2025-01-18 09:00:00,1,80,26.2,Clear,5,0,9
2025-01-18 09:00:00,2,66,29.3,Clear,5,0,9
2025-01-18 09:00:00,3,46,,Clear,5,0,9
2025-01-18 09:00:00,4,58,35.8,Clear,5,0,9
2025-01-18 10:00:00,1,84,25.2,Clear,5,0,10
2025-01-18 10:00:00,2,74,21.1,Clear,5,0,10
2025-01-18 10:00:00,3,59,35.4,Clear,5,0,10
2025-01-18 10:00:00,4,66,31.0,Clear,5,0,10
2025-01-18 11:00:00,1,84,31.6,Clear,5,0,11
2025-01-18 11:00:00,2,62,36.7,Clear,5,0,11
2025-01-18 11:00:00,3,52,39.0,Clear,5,0,11
2025-01-18 11:00:00,4,76,24.2,Clear,5,0,11
2025-01-18 12:00:00,1,100,22.7,Clear,5,0,12
2025-01-18 12:00:00,2,76,41.1,Clear,5,0,12
2025-01-18 12:00:00,3,45,40.6,Clear,5,0,12
2025-01-18 12:00:00,4,79,18.9,Clear,5,0,12
2025-01-18 13:00:00,1,94,28.6,Clear,5,0,13
2025-01-18 13:00:00,2,57,38.6,Clear,5,0,13
2025-01-18 13:00:00,3,58,,Clear,5,0,13
2025-01-18 13:00:00,4,87,34.7,Clear,5,0,13
2025-01-18 14:00:00,1,102,,Clear,5,0,14
2025-01-18 14:00:00,2,62,25.1,Clear,5,0,14
2025-01-18 14:00:00,3,63,38.4,Clear,5,0,14
2025-01-18 14:00:00,4,65,30.5,Clear,5,0,14
2025-01-18 15:00:00,1,89,31.2,Clear,5,0,15
2025-01-18 15:00:00,2,62,35.2,Clear,5,0,15
2025-01-18 15:00:00,3,64,38.3,Clear,5,0,15
2025-01-18 15:00:00,4,69,33.1,Clear,5,0,15
2025-01-18 16:00:00,1,59,42.7,Clear,5,0,16
2025-01-18 16:00:00,2,51,38.3,Clear,5,0,16
2025-01-18 16:00:00,3,38,43.8,Clear,5,0,16
2025-01-18 16:00:00,4,78,200,Clear,5,0,16
2025-01-18 17:00:00,1,76,34.5,Clear,5,0,17
2025-01-18 17:00:00,2,49,39.4,Clear,5,0,17
2025-01-18 17:00:00,3,39,44.4,Clear,5,0,17
2025-01-18 17:00:00,4,51,45.2,Clear,5,0,17
2025-01-18 18:00:00,1,58,30.0,Clear,5,0,18
2025-01-18 18:00:00,2,36,39.7,Clear,5,0,18
2025-01-18 18:00:00,3,28,50.4,Clear,5,0,18
2025-01-18 18:00:00,4,52,37.4,Clear,5,0,18
2025-01-18 19:00:00,1,47,41.4,Clear,5,0,19
2025-01-18 19:00:00,2,31,46.8,Clear,5,0,19
2025-01-18 19:00:00,3,28,55.8,Clear,5,0,19
2025-01-18 19:00:00,4,44,42.3,Clear,5,0,19
2025-01-18 20:00:00,1,33,47.1,Clear,5,0,20
2025-01-18 20:00:00,2,27,53.0,Clear,5,0,20
2025-01-18 20:00:00,3,25,53.6,Clear,5,0,20
2025-01-18 20:00:00,4,33,38.5,Clear,5,0,20
2025-01-18 21:00:00,1,15,52.8,Clear,5,0,21
2025-01-18 21:00:00,2,20,46.7,Clear,5,0,21
2025-01-18 21:00:00,3,17,-5,Clear,5,0,21
2025-01-18 21:00:00,4,20,51.1,Clear,5,0,21
2025-01-18 22:00:00,1,11,31.6,Heavy Rain,5,0,22
2025-01-18 22:00:00,2,10,31.1,Heavy Rain,5,0,22
2025-01-18 22:00:00,3,6,25.7,Heavy Rain,5,0,22
2025-01-18 22:00:00,4,8,32.8,Heavy Rain,5,0,22
2025-01-18 23:00:00,1,22,64.4,Clear,5,0,23
2025-01-18 23:00:00,2,12,61.7,Clear,5,0,23
2025-01-18 23:00:00,3,16,51.5,Clear,5,0,23
2025-01-18 23:00:00,4,14,48.4,Clear,5,0,23
2025-01-19 00:00:00,1,14,43.3,Light Rain,6,0,0
2025-01-19 00:00:00,2,11,41.1,Light Rain,6,0,0
2025-01-19 00:00:00,3,12,42.1,Light Rain,6,0,0
2025-01-19 00:00:00,4,12,44.7,Light Rain,6,0,0
2025-01-19 01:00:00,1,16,38.6,Light Rain,6,0,1
2025-01-19 01:00:00,2,11,45.0,Light Rain,6,0,1
2025-01-19 01:00:00,3,15,45.5,Light Rain,6,0,1
2025-01-19 01:00:00,4,13,45.3,Light Rain,6,0,1
2025-01-19 02:00:00,1,13,40.3,Light Rain,6,0,2
2025-01-19 02:00:00,2,11,38.4,Light Rain,6,0,2
2025-01-19 02:00:00,3,10,48.1,Light Rain,6,0,2
2025-01-19 02:00:00,4,14,45.9,Light Rain,6,0,2
2025-01-19 03:00:00,1,16,42.5,Light Rain,6,0,3
2025-01-19 03:00:00,2,13,48.2,Light Rain,6,0,3
2025-01-19 03:00:00,3,10,47.1,Light Rain,6,0,3
2025-01-19 03:00:00,4,12,36.9,Light Rain,6,0,3
2025-01-19 04:00:00,1,21,42.7,Light Rain,6,0,4
2025-01-19 04:00:00,2,15,43.3,Light Rain,6,0,4
2025-01-19 04:00:00,3,12,45.1,Light Rain,6,0,4
2025-01-19 04:00:00,4,13,49.4,Light Rain,6,0,4
2025-01-19 05:00:00,1,15,43.0,Light Rain,6,0,5
2025-01-19 05:00:00,2,9,49.2,Light Rain,6,0,5
2025-01-19 05:00:00,3,13,44.3,Light Rain,6,0,5
2025-01-19 05:00:00,4,14,41.5,Light Rain,6,0,5
2025-01-19 06:00:00,1,54,21.9,Light Rain,6,0,6
2025-01-19 06:00:00,2,,35.6,Light Rain,6,0,6
2025-01-19 06:00:00,3,24,39.8,Light Rain,6,0,6
2025-01-19 06:00:00,4,43,31.0,Light Rain,6,0,6
2025-01-19 07:00:00,1,52,30.5,Light Rain,6,0,7
2025-01-19 07:00:00,2,40,36.2,Light Rain,6,0,7
2025-01-19 07:00:00,3,39,39.9,Light Rain,6,0,7
2025-01-19 07:00:00,4,42,38.2,Light Rain,6,0,7
2025-01-19 08:00:00,1,58,29.0,Light Rain,6,0,8
2025-01-19 08:00:00,2,47,31.3,Light Rain,6,0,8
2025-01-19 08:00:00,3,40,39.0,Light Rain,6,0,8
2025-01-19 08:00:00,4,69,30.1,Light Rain,6,0,8
2025-01-19 09:00:00,1,50,30.3,Light Rain,6,0,9
2025-01-19 09:00:00,2,57,28.5,Light Rain,6,0,9
2025-01-19 09:00:00,3,43,,Light Rain,6,0,9
2025-01-19 09:00:00,4,55,27.7,Light Rain,6,0,9
2025-01-19 10:00:00,1,70,22.9,Light Rain,6,0,10
2025-01-19 10:00:00,2,46,35.8,Light Rain,6,0,10
2025-01-19 10:00:00,3,44,40.7,Light Rain,6,0,10
2025-01-19 10:00:00,4,69,29.4,Light Rain,6,0,10
2025-01-19 11:00:00,1,80,22.2,Light Rain,6,0,11
2025-01-19 11:00:00,2,49,33.7,Light Rain,6,0,11
2025-01-19 11:00:00,3,41,38.3,Light Rain,6,0,11
2025-01-19 11:00:00,4,58,32.9,Light Rain,6,0,11
2025-01-19 12:00:00,1,84,23.2,Light Rain,6,0,12
2025-01-19 12:00:00,2,51,30.5,Light Rain,6,0,12
2025-01-19 12:00:00,3,45,29.3,Light Rain,6,0,12
2025-01-19 12:00:00,4,61,27.9,Light Rain,6,0,12
2025-01-19 13:00:00,1,,18.2,Light Rain,6,0,13
2025-01-19 13:00:00,2,57,28.1,Light Rain,6,0,13
2025-01-19 13:00:00,3,58,30.0,Light Rain,6,0,13
2025-01-19 13:00:00,4,65,27.7,Light Rain,6,0,13
2025-01-19 14:00:00,1,87,20.9,Light Rain,6,0,14
2025-01-19 14:00:00,2,64,25.2,Light Rain,6,0,14
2025-01-19 14:00:00,3,51,33.7,Light Rain,6,0,14
2025-01-19 14:00:00,4,60,24.8,Light Rain,6,0,14
2025-01-19 15:00:00,1,78,16.1,Light Rain,6,0,15
2025-01-19 15:00:00,2,51,25.6,Light Rain,6,0,15
2025-01-19 15:00:00,3,50,22.2,Light Rain,6,0,15
2025-01-19 15:00:00,4,74,23.9,Light Rain,6,0,15
2025-01-19 16:00:00,1,60,27.7,Light Rain,6,0,16
2025-01-19 16:00:00,2,47,31.1,Light Rain,6,0,16
2025-01-19 16:00:00,3,41,31.1,Light Rain,6,0,16
2025-01-19 16:00:00,4,53,34.6,Light Rain,6,0,16
2025-01-19 17:00:00,1,46,38.4,Light Rain,6,0,17
2025-01-19 17:00:00,2,43,34.7,Light Rain,6,0,17
2025-01-19 17:00:00,3,35,33.5,Light Rain,6,0,17
2025-01-19 17:00:00,4,44,31.9,Light Rain,6,0,17
2025-01-19 18:00:00,1,45,41.3,Light Rain,6,0,18
2025-01-19 18:00:00,2,23,40.2,Light Rain,6,0,18
2025-01-19 18:00:00,3,26,35.5,Light Rain,6,0,18
2025-01-19 18:00:00,4,32,31.3,Light Rain,6,0,18
2025-01-19 19:00:00,1,42,45.9,Clear,6,0,19
2025-01-19 19:00:00,2,25,,Clear,6,0,19
2025-01-19 19:00:00,3,31,37.2,Clear,6,0,19
2025-01-19 19:00:00,4,43,41.0,Clear,6,0,19
2025-01-19 20:00:00,1,22,42.6,Light Rain,6,0,20
2025-01-19 20:00:00,2,22,38.7,Light Rain,6,0,20
2025-01-19 20:00:00,3,18,48.7,Light Rain,6,0,20
2025-01-19 20:00:00,4,23,43.2,Light Rain,6,0,20
2025-01-19 21:00:00,1,25,42.2,Light Rain,6,0,21
2025-01-19 21:00:00,2,18,45.4,Light Rain,6,0,21
2025-01-19 21:00:00,3,17,39.0,Light Rain,6,0,21
2025-01-19 21:00:00,4,18,29.8,Light Rain,6,0,21
2025-01-19 22:00:00,1,13,44.2,Light Rain,6,0,22
2025-01-19 22:00:00,2,10,40.5,Light Rain,6,0,22
2025-01-19 22:00:00,3,14,43.9,Light Rain,6,0,22
2025-01-19 22:00:00,4,13,42.3,Light Rain,6,0,22
2025-01-19 23:00:00,1,17,44.4,Light Rain,6,0,23
2025-01-19 23:00:00,2,11,36.1,Light Rain,6,0,23
2025-01-19 23:00:00,3,10,46.3,Light Rain,6,0,23
2025-01-19 23:00:00,4,11,45.4,Light Rain,6,0,23
2025-01-20 00:00:00,1,10,32.5,Heavy Rain,0,0,0
2025-01-20 00:00:00,2,,29.9,Heavy Rain,0,0,0
2025-01-20 00:00:00,3,7,30.3,Heavy Rain,0,0,0
2025-01-20 00:00:00,4,9,29.2,Heavy Rain,0,0,0
2025-01-20 01:00:00,1,11,25.7,Heavy Rain,0,0,1
2025-01-20 01:00:00,2,10,34.5,Heavy Rain,0,0,1
2025-01-20 01:00:00,3,8,28.6,Heavy Rain,0,0,1
2025-01-20 01:00:00,4,9,30.5,Heavy Rain,0,0,1
2025-01-20 02:00:00,1,8,32.2,Heavy Rain,0,0,2
2025-01-20 02:00:00,2,10,28.2,Heavy Rain,0,0,2
2025-01-20 02:00:00,3,6,30.5,Heavy Rain,0,0,2
2025-01-20 02:00:00,4,10,25.3,Heavy Rain,0,0,2
2025-01-20 03:00:00,1,11,28.7,Heavy Rain,0,0,3
2025-01-20 03:00:00,2,10,30.4,Heavy Rain,0,0,3
2025-01-20 03:00:00,3,6,33.9,Heavy Rain,0,0,3
2025-01-20 03:00:00,4,8,33.8,Heavy Rain,0,0,3
2025-01-20 04:00:00,1,11,33.0,Heavy Rain,0,0,4
2025-01-20 04:00:00,2,9,32.1,Heavy Rain,0,0,4
2025-01-20 04:00:00,3,7,30.0,Heavy Rain,0,0,4
2025-01-20 04:00:00,4,14,24.3,Heavy Rain,0,0,4
2025-01-20 05:00:00,1,12,25.9,Heavy Rain,0,0,5
2025-01-20 05:00:00,2,,29.3,Heavy Rain,0,0,5
2025-01-20 05:00:00,3,6,29.3,Heavy Rain,0,0,5
2025-01-20 05:00:00,4,13,27.5,Heavy Rain,0,0,5
2025-01-20 06:00:00,1,25,29.5,Heavy Rain,0,0,6
2025-01-20 06:00:00,2,21,30.7,Heavy Rain,0,0,6
2025-01-20 06:00:00,3,17,29.1,Heavy Rain,0,0,6
2025-01-20 06:00:00,4,21,27.9,Heavy Rain,0,0,6
2025-01-20 07:00:00,1,40,25.1,Heavy Rain,0,0,7
2025-01-20 07:00:00,2,31,25.6,Heavy Rain,0,0,7
2025-01-20 07:00:00,3,29,25.0,Heavy Rain,0,0,7
2025-01-20 07:00:00,4,35,27.1,Heavy Rain,0,0,7
2025-01-20 08:00:00,1,42,27.1,Heavy Rain,0,0,8
2025-01-20 08:00:00,2,58,18.9,Heavy Rain,0,0,8
2025-01-20 08:00:00,3,44,23.0,Heavy Rain,0,0,8
2025-01-20 08:00:00,4,,18.6,Heavy Rain,0,0,8
2025-01-20 09:00:00,1,152,6.8,Cloudy,0,0,9
2025-01-20 09:00:00,2,119,16.9,Cloudy,0,0,9
2025-01-20 09:00:00,3,122,6.8,Cloudy,0,0,9
2025-01-20 09:00:00,4,141,5,Cloudy,0,0,9
2025-01-20 10:00:00,1,70,19.8,Heavy Rain,0,0,10
2025-01-20 10:00:00,2,54,22.6,Heavy Rain,0,0,10
2025-01-20 10:00:00,3,37,25.5,Heavy Rain,0,0,10
2025-01-20 10:00:00,4,66,18.5,Heavy Rain,0,0,10
2025-01-20 11:00:00,1,38,23.6,Heavy Rain,0,0,11
2025-01-20 11:00:00,2,22,27.7,Heavy Rain,0,0,11
2025-01-20 11:00:00,3,26,31.0,Heavy Rain,0,0,11
2025-01-20 11:00:00,4,33,22.8,Heavy Rain,0,0,11
2025-01-20 12:00:00,1,40,26.6,Heavy Rain,0,0,12
2025-01-20 12:00:00,2,35,21.6,Heavy Rain,0,0,12
2025-01-20 12:00:00,3,31,,Heavy Rain,0,0,12
2025-01-20 12:00:00,4,42,28.9,Heavy Rain,0,0,12
2025-01-20 13:00:00,1,42,25.4,Heavy Rain,0,0,13
2025-01-20 13:00:00,2,44,25.6,Heavy Rain,0,0,13
2025-01-20 13:00:00,3,44,19.7,Heavy Rain,0,0,13
2025-01-20 13:00:00,4,45,22.8,Heavy Rain,0,0,13
2025-01-20 14:00:00,1,58,38.7,Clear,0,0,14
2025-01-20 14:00:00,2,62,25.8,Clear,0,0,14
2025-01-20 14:00:00,3,53,46.6,Clear,0,0,14
2025-01-20 14:00:00,4,74,32.2,Clear,0,0,14
2025-01-20 15:00:00,1,30,22.9,Heavy Rain,0,0,15
2025-01-20 15:00:00,2,16,27.7,Heavy Rain,0,0,15
2025-01-20 15:00:00,3,20,30.2,Heavy Rain,0,0,15
2025-01-20 15:00:00,4,29,24.3,Heavy Rain,0,0,15
2025-01-20 16:00:00,1,46,22.3,Heavy Rain,0,0,16
2025-01-20 16:00:00,2,52,20.2,Heavy Rain,0,0,16
2025-01-20 16:00:00,3,30,25.3,Heavy Rain,0,0,16
2025-01-20 16:00:00,4,34,28.1,Heavy Rain,0,0,16
2025-01-20 17:00:00,1,68,21.5,Heavy Rain,0,0,17
2025-01-20 17:00:00,2,59,23.0,Heavy Rain,0,0,17
2025-01-20 17:00:00,3,62,16.2,Heavy Rain,0,0,17
2025-01-20 17:00:00,4,71,15.6,Heavy Rain,0,0,17
2025-01-20 18:00:00,1,78,16.0,Heavy Rain,0,0,18
2025-01-20 18:00:00,2,74,15.2,Heavy Rain,0,0,18
2025-01-20 18:00:00,3,66,18.9,Heavy Rain,0,0,18
2025-01-20 18:00:00,4,72,15.3,Heavy Rain,0,0,18
2025-01-20 19:00:00,1,60,20.1,Heavy Rain,0,0,19
2025-01-20 19:00:00,2,62,16.5,Heavy Rain,0,0,19
2025-01-20 19:00:00,3,51,21.1,Heavy Rain,0,0,19
2025-01-20 19:00:00,4,88,17.7,Heavy Rain,0,0,19
2025-01-20 20:00:00,1,47,21.9,Heavy Rain,0,0,20
2025-01-20 20:00:00,2,42,24.4,Heavy Rain,0,0,20
2025-01-20 20:00:00,3,34,27.2,Heavy Rain,0,0,20
2025-01-20 20:00:00,4,49,22.8,Heavy Rain,0,0,20
2025-01-20 21:00:00,1,27,31.8,Heavy Rain,0,0,21
2025-01-20 21:00:00,2,24,30.7,Heavy Rain,0,0,21
2025-01-20 21:00:00,3,20,26.9,Heavy Rain,0,0,21
2025-01-20 21:00:00,4,29,19.9,Heavy Rain,0,0,21
2025-01-20 22:00:00,1,18,26.3,Heavy Rain,0,0,22
2025-01-20 22:00:00,2,15,32.2,Heavy Rain,0,0,22
2025-01-20 22:00:00,3,15,31.9,Heavy Rain,0,0,22
2025-01-20 22:00:00,4,20,32.0,Heavy Rain,0,0,22
2025-01-20 23:00:00,1,12,29.1,Heavy Rain,0,0,23
2025-01-20 23:00:00,2,10,27.1,Heavy Rain,0,0,23
2025-01-20 23:00:00,3,7,33.2,Heavy Rain,0,0,23
2025-01-20 23:00:00,4,11,30.9,Heavy Rain,0,0,23
2025-01-21 00:00:00,1,25,47.8,Clear,1,0,0
2025-01-21 00:00:00,2,15,57.0,Clear,1,0,0
2025-01-21 00:00:00,3,12,57.7,Clear,1,0,0
2025-01-21 00:00:00,4,13,63.4,Clear,1,0,0
2025-01-21 01:00:00,1,18,36.7,Light Rain,1,0,1
2025-01-21 01:00:00,2,15,42.6,Light Rain,1,0,1
2025-01-21 01:00:00,3,9,50.2,Light Rain,1,0,1
2025-01-21 01:00:00,4,15,39.4,Light Rain,1,0,1
2025-01-21 02:00:00,1,15,45.4,Clear,1,0,2
2025-01-21 02:00:00,2,16,52.5,Clear,1,0,2
2025-01-21 02:00:00,3,10,59.6,Clear,1,0,2
2025-01-21 02:00:00,4,16,49.6,Clear,1,0,2
2025-01-21 03:00:00,1,19,41.3,Light Rain,1,0,3
2025-01-21 03:00:00,2,9,41.5,Light Rain,1,0,3
2025-01-21 03:00:00,3,13,54.3,Light Rain,1,0,3
2025-01-21 03:00:00,4,17,39.8,Light Rain,1,0,3
2025-01-21 04:00:00,1,17,38.9,Light Rain,1,0,4
2025-01-21 04:00:00,2,13,47.6,Light Rain,1,0,4
2025-01-21 04:00:00,3,10,49.4,Light Rain,1,0,4
2025-01-21 04:00:00,4,15,150,Light Rain,1,0,4
2025-01-21 05:00:00,1,18,61.2,Clear,1,0,5
2025-01-21 05:00:00,2,13,50.4,Clear,1,0,5
2025-01-21 05:00:00,3,14,58.4,Clear,1,0,5
2025-01-21 05:00:00,4,12,54.8,Clear,1,0,5
2025-01-21 06:00:00,1,39,41.9,Light Rain,1,0,6
2025-01-21 06:00:00,2,25,41.6,Light Rain,1,0,6
2025-01-21 06:00:00,3,17,44.2,Light Rain,1,0,6
2025-01-21 06:00:00,4,30,39.6,Light Rain,1,0,6
2025-01-21 07:00:00,1,68,32.2,Clear,1,0,7
2025-01-21 07:00:00,2,46,39.8,Clear,1,0,7
2025-01-21 07:00:00,3,30,46.9,Clear,1,0,7
2025-01-21 07:00:00,4,48,47.6,Clear,1,0,7
2025-01-21 08:00:00,1,76,24.1,Light Rain,1,0,8
2025-01-21 08:00:00,2,87,22.7,Light Rain,1,0,8
2025-01-21 08:00:00,3,57,28.7,Light Rain,1,0,8
2025-01-21 08:00:00,4,71,27.7,Light Rain,1,0,8
2025-01-21 09:00:00,1,128,5,Light Rain,1,0,9
2025-01-21 09:00:00,2,92,21.2,Light Rain,1,0,9
2025-01-21 09:00:00,3,77,22.6,Light Rain,1,0,9
2025-01-21 09:00:00,4,121,6.0,Light Rain,1,0,9
2025-01-21 10:00:00,1,102,13.4,Light Rain,1,0,10
2025-01-21 10:00:00,2,83,18.6,Light Rain,1,0,10
2025-01-21 10:00:00,3,50,,Light Rain,1,0,10
2025-01-21 10:00:00,4,84,19.0,Light Rain,1,0,10
2025-01-21 11:00:00,1,65,31.6,Light Rain,1,0,11
2025-01-21 11:00:00,2,50,34.0,Light Rain,1,0,11
2025-01-21 11:00:00,3,37,33.1,Light Rain,1,0,11
2025-01-21 11:00:00,4,37,41.3,Light Rain,1,0,11
2025-01-21 12:00:00,1,72,26.0,Light Rain,1,0,12
2025-01-21 12:00:00,2,46,31.9,Light Rain,1,0,12
2025-01-21 12:00:00,3,43,28.4,Light Rain,1,0,12
2025-01-21 12:00:00,4,55,30.6,Light Rain,1,0,12
2025-01-21 13:00:00,1,81,21.3,Light Rain,1,0,13
2025-01-21 13:00:00,2,54,28.1,Light Rain,1,0,13
2025-01-21 13:00:00,3,48,30.7,Light Rain,1,0,13
2025-01-21 13:00:00,4,,24.3,Light Rain,1,0,13
2025-01-21 14:00:00,1,,23.5,Heavy Rain,1,0,14
2025-01-21 14:00:00,2,38,21.0,Heavy Rain,1,0,14
2025-01-21 14:00:00,3,23,28.5,Heavy Rain,1,0,14
2025-01-21 14:00:00,4,38,27.8,Heavy Rain,1,0,14
2025-01-21 15:00:00,1,33,39.8,Light Rain,1,0,15
2025-01-21 15:00:00,2,33,39.4,Light Rain,1,0,15
2025-01-21 15:00:00,3,38,36.9,Light Rain,1,0,15
2025-01-21 15:00:00,4,39,33.6,Light Rain,1,0,15
2025-01-21 16:00:00,1,59,29.9,Light Rain,1,0,16
2025-01-21 16:00:00,2,50,27.0,Light Rain,1,0,16
2025-01-21 16:00:00,3,33,39.3,Light Rain,1,0,16
2025-01-21 16:00:00,4,49,33.3,Light Rain,1,0,16
2025-01-21 17:00:00,1,111,15.9,Light Rain,1,0,17
2025-01-21 17:00:00,2,85,20.5,Light Rain,1,0,17
2025-01-21 17:00:00,3,66,20.7,Light Rain,1,0,17
2025-01-21 17:00:00,4,90,21.9,Light Rain,1,0,17
2025-01-21 18:00:00,1,100,14.9,Light Rain,1,0,18
2025-01-21 18:00:00,2,123,5,Light Rain,1,0,18
2025-01-21 18:00:00,3,86,10.4,Light Rain,1,0,18
2025-01-21 18:00:00,4,127,5,Light Rain,1,0,18
2025-01-21 19:00:00,1,114,9.9,Light Rain,1,0,19
2025-01-21 19:00:00,2,69,21.4,Light Rain,1,0,19
2025-01-21 19:00:00,3,97,14.0,Light Rain,1,0,19
2025-01-21 19:00:00,4,70,26.6,Light Rain,1,0,19
2025-01-21 20:00:00,1,66,27.1,Light Rain,1,0,20
2025-01-21 20:00:00,2,59,31.1,Light Rain,1,0,20
2025-01-21 20:00:00,3,60,34.8,Light Rain,1,0,20
2025-01-21 20:00:00,4,64,20.7,Light Rain,1,0,20
2025-01-21 21:00:00,1,46,33.1,Light Rain,1,0,21
2025-01-21 21:00:00,2,35,37.3,Light Rain,1,0,21
2025-01-21 21:00:00,3,32,37.7,Light Rain,1,0,21
2025-01-21 21:00:00,4,35,37.7,Light Rain,1,0,21
2025-01-21 22:00:00,1,32,42.0,Light Rain,1,0,22
2025-01-21 22:00:00,2,20,45.2,Light Rain,1,0,22
2025-01-21 22:00:00,3,19,44.5,Light Rain,1,0,22
2025-01-21 22:00:00,4,23,34.3,Light Rain,1,0,22
2025-01-21 23:00:00,1,17,45.1,Light Rain,1,0,23
2025-01-21 23:00:00,2,15,46.1,Light Rain,1,0,23
2025-01-21 23:00:00,3,7,40.6,Light Rain,1,0,23
2025-01-21 23:00:00,4,14,42.6,Light Rain,1,0,23
2025-01-22 00:00:00,1,18,49.6,Clear,2,0,0
2025-01-22 00:00:00,2,16,46.4,Clear,2,0,0
2025-01-22 00:00:00,3,10,50.6,Clear,2,0,0
2025-01-22 00:00:00,4,16,63.8,Clear,2,0,0
2025-01-22 01:00:00,1,19,36.4,Light Rain,2,0,1
2025-01-22 01:00:00,2,10,47.8,Light Rain,2,0,1
2025-01-22 01:00:00,3,15,43.6,Light Rain,2,0,1
2025-01-22 01:00:00,4,9,45.4,Light Rain,2,0,1
2025-01-22 02:00:00,1,10,48.5,Light Rain,2,0,2
2025-01-22 02:00:00,2,11,39.3,Light Rain,2,0,2
2025-01-22 02:00:00,3,9,50.8,Light Rain,2,0,2
2025-01-22 02:00:00,4,14,40.6,Light Rain,2,0,2
2025-01-22 03:00:00,1,18,33.0,Light Rain,2,0,3
2025-01-22 03:00:00,2,12,40.2,Light Rain,2,0,3
2025-01-22 03:00:00,3,12,42.5,Light Rain,2,0,3
2025-01-22 03:00:00,4,17,,Light Rain,2,0,3
2025-01-22 04:00:00,1,15,43.2,Light Rain,2,0,4
2025-01-22 04:00:00,2,10,41.9,Light Rain,2,0,4
2025-01-22 04:00:00,3,10,46.3,Light Rain,2,0,4
2025-01-22 04:00:00,4,12,43.6,Light Rain,2,0,4
2025-01-22 05:00:00,1,15,48.4,Light Rain,2,0,5
2025-01-22 05:00:00,2,10,49.2,Light Rain,2,0,5
2025-01-22 05:00:00,3,10,47.0,Light Rain,2,0,5
2025-01-22 05:00:00,4,11,38.1,Light Rain,2,0,5
2025-01-22 06:00:00,1,41,28.9,Light Rain,2,0,6
2025-01-22 06:00:00,2,19,37.3,Light Rain,2,0,6
2025-01-22 06:00:00,3,24,37.6,Light Rain,2,0,6
2025-01-22 06:00:00,4,36,30.8,Light Rain,2,0,6
2025-01-22 07:00:00,1,47,-5,Light Rain,2,0,7
2025-01-22 07:00:00,2,41,30.8,Light Rain,2,0,7
2025-01-22 07:00:00,3,29,35.7,Light Rain,2,0,7
2025-01-22 07:00:00,4,51,36.1,Light Rain,2,0,7
2025-01-22 08:00:00,1,,30.0,Light Rain,2,0,8
2025-01-22 08:00:00,2,59,23.6,Light Rain,2,0,8
2025-01-22 08:00:00,3,53,27.4,Light Rain,2,0,8
2025-01-22 08:00:00,4,76,29.9,Light Rain,2,0,8
2025-01-22 09:00:00,1,70,16.7,Heavy Rain,2,0,9
2025-01-22 09:00:00,2,57,18.3,Heavy Rain,2,0,9
2025-01-22 09:00:00,3,46,21.5,Heavy Rain,2,0,9
2025-01-22 09:00:00,4,76,16.7,Heavy Rain,2,0,9
2025-01-22 10:00:00,1,102,14.7,Light Rain,2,0,10
2025-01-22 10:00:00,2,54,29.8,Light Rain,2,0,10
2025-01-22 10:00:00,3,58,30.1,Light Rain,2,0,10
2025-01-22 10:00:00,4,76,23.2,Light Rain,2,0,10
2025-01-22 11:00:00,1,66,33.5,Light Rain,2,0,11
2025-01-22 11:00:00,2,54,31.5,Light Rain,2,0,11
2025-01-22 11:00:00,3,46,34.6,Light Rain,2,0,11
2025-01-22 11:00:00,4,43,32.4,Light Rain,2,0,11
2025-01-22 12:00:00,1,61,25.2,Light Rain,2,0,12
2025-01-22 12:00:00,2,42,32.3,Light Rain,2,0,12
2025-01-22 12:00:00,3,51,32.7,Light Rain,2,0,12
2025-01-22 12:00:00,4,68,28.1,Light Rain,2,0,12
2025-01-22 13:00:00,1,86,15.3,Light Rain,2,0,13
2025-01-22 13:00:00,2,51,28.0,Light Rain,2,0,13
2025-01-22 13:00:00,3,55,32.9,Light Rain,2,0,13
2025-01-22 13:00:00,4,59,30.2,Light Rain,2,0,13
2025-01-22 14:00:00,1,500,24.1,Light Rain,2,0,14
2025-01-22 14:00:00,2,57,22.2,Light Rain,2,0,14
2025-01-22 14:00:00,3,43,35.4,Light Rain,2,0,14
2025-01-22 14:00:00,4,61,30.4,Light Rain,2,0,14
2025-01-22 15:00:00,1,61,24.9,Light Rain,2,0,15
2025-01-22 15:00:00,2,36,35.6,Light Rain,2,0,15
2025-01-22 15:00:00,3,34,45.2,Light Rain,2,0,15
2025-01-22 15:00:00,4,32,38.6,Light Rain,2,0,15
2025-01-22 16:00:00,1,74,20.7,Light Rain,2,0,16
2025-01-22 16:00:00,2,53,27.8,Light Rain,2,0,16
2025-01-22 16:00:00,3,500,41.6,Light Rain,2,0,16
2025-01-22 16:00:00,4,66,23.2,Light Rain,2,0,16
2025-01-22 17:00:00,1,109,13.2,Clear,2,0,17
2025-01-22 17:00:00,2,89,23.5,Clear,2,0,17
2025-01-22 17:00:00,3,75,30.9,Clear,2,0,17
2025-01-22 17:00:00,4,96,20.4,Clear,2,0,17
2025-01-22 18:00:00,1,95,19.0,Light Rain,2,0,18
2025-01-22 18:00:00,2,110,8.5,Light Rain,2,0,18
2025-01-22 18:00:00,3,90,17.1,Light Rain,2,0,18
2025-01-22 18:00:00,4,105,150,Light Rain,2,0,18
2025-01-22 19:00:00,1,113,14.3,Light Rain,2,0,19
2025-01-22 19:00:00,2,87,15.3,Light Rain,2,0,19
2025-01-22 19:00:00,3,74,18.2,Light Rain,2,0,19
2025-01-22 19:00:00,4,86,14.2,Light Rain,2,0,19
2025-01-22 20:00:00,1,82,18.7,Light Rain,2,0,20
2025-01-22 20:00:00,2,40,,Light Rain,2,0,20
2025-01-22 20:00:00,3,52,26.0,Light Rain,2,0,20
2025-01-22 20:00:00,4,59,28.6,Light Rain,2,0,20
2025-01-22 21:00:00,1,48,29.9,Light Rain,2,0,21
2025-01-22 21:00:00,2,29,41.2,Light Rain,2,0,21
2025-01-22 21:00:00,3,23,43.1,Light Rain,2,0,21
2025-01-22 21:00:00,4,26,46.7,Light Rain,2,0,21
2025-01-22 22:00:00,1,33,32.5,Light Rain,2,0,22
2025-01-22 22:00:00,2,20,42.3,Light Rain,2,0,22
2025-01-22 22:00:00,3,25,43.4,Light Rain,2,0,22
2025-01-22 22:00:00,4,29,39.8,Light Rain,2,0,22
2025-01-22 23:00:00,1,16,44.9,Light Rain,2,0,23
2025-01-22 23:00:00,2,15,44.5,Light Rain,2,0,23
2025-01-22 23:00:00,3,10,45.1,Light Rain,2,0,23
2025-01-22 23:00:00,4,13,46.2,Light Rain,2,0,23
2025-01-23 00:00:00,1,17,41.9,Light Rain,3,0,0
2025-01-23 00:00:00,2,14,44.2,Light Rain,3,0,0
2025-01-23 00:00:00,3,10,48.5,Light Rain,3,0,0
2025-01-23 00:00:00,4,15,43.9,Light Rain,3,0,0
2025-01-23 01:00:00,1,17,41.6,Light Rain,3,0,1
2025-01-23 01:00:00,2,11,40.2,Light Rain,3,0,1
2025-01-23 01:00:00,3,10,43.8,Light Rain,3,0,1
2025-01-23 01:00:00,4,13,,Light Rain,3,0,1
2025-01-23 02:00:00,1,15,50.1,Light Rain,3,0,2
2025-01-23 02:00:00,2,11,40.6,Light Rain,3,0,2
2025-01-23 02:00:00,3,11,43.3,Light Rain,3,0,2
2025-01-23 02:00:00,4,8,47.1,Light Rain,3,0,2
2025-01-23 03:00:00,1,20,38.7,Light Rain,3,0,3
2025-01-23 03:00:00,2,11,46.1,Light Rain,3,0,3
2025-01-23 03:00:00,3,12,52.8,Light Rain,3,0,3
2025-01-23 03:00:00,4,16,38.8,Light Rain,3,0,3
2025-01-23 04:00:00,1,13,46.4,Light Rain,3,0,4
2025-01-23 04:00:00,2,12,47.4,Light Rain,3,0,4
2025-01-23 04:00:00,3,8,39.9,Light Rain,3,0,4
2025-01-23 04:00:00,4,16,38.4,Light Rain,3,0,4
2025-01-23 05:00:00,1,16,40.9,Clear,3,0,5
2025-01-23 05:00:00,2,19,48.3,Clear,3,0,5
2025-01-23 05:00:00,3,13,58.1,Clear,3,0,5
2025-01-23 05:00:00,4,16,60.2,Clear,3,0,5
2025-01-23 06:00:00,1,30,36.0,Light Rain,3,0,6
2025-01-23 06:00:00,2,19,43.0,Light Rain,3,0,6
2025-01-23 06:00:00,3,18,39.0,Light Rain,3,0,6
2025-01-23 06:00:00,4,22,45.0,Light Rain,3,0,6
2025-01-23 07:00:00,1,50,44.4,Clear,3,0,7
2025-01-23 07:00:00,2,29,48.8,Clear,3,0,7
2025-01-23 07:00:00,3,38,58.9,Clear,3,0,7
2025-01-23 07:00:00,4,50,42.5,Clear,3,0,7
2025-01-23 08:00:00,1,97,20.6,Clear,3,0,8
2025-01-23 08:00:00,2,79,26.9,Clear,3,0,8
2025-01-23 08:00:00,3,73,34.3,Clear,3,0,8
2025-01-23 08:00:00,4,94,23.5,Clear,3,0,8
2025-01-23 09:00:00,1,112,12.0,Light Rain,3,0,9
2025-01-23 09:00:00,2,91,17.0,Light Rain,3,0,9
2025-01-23 09:00:00,3,101,,Light Rain,3,0,9
2025-01-23 09:00:00,4,121,5,Light Rain,3,0,9
2025-01-23 10:00:00,1,107,20.5,Light Rain,3,0,10
2025-01-23 10:00:00,2,74,30.1,Light Rain,3,0,10
2025-01-23 10:00:00,3,53,30.9,Light Rain,3,0,10
2025-01-23 10:00:00,4,89,14.3,Light Rain,3,0,10
2025-01-23 11:00:00,1,52,23.0,Light Rain,3,0,11
2025-01-23 11:00:00,2,34,34.9,Light Rain,3,0,11
2025-01-23 11:00:00,3,38,36.5,Light Rain,3,0,11
2025-01-23 11:00:00,4,46,35.9,Light Rain,3,0,11
2025-01-23 12:00:00,1,50,31.5,Light Rain,3,0,12
2025-01-23 12:00:00,2,48,38.9,Light Rain,3,0,12
2025-01-23 12:00:00,3,37,35.7,Light Rain,3,0,12
2025-01-23 12:00:00,4,57,33.5,Light Rain,3,0,12
2025-01-23 13:00:00,1,82,13.8,Light Rain,3,0,13
2025-01-23 13:00:00,2,,31.5,Light Rain,3,0,13
2025-01-23 13:00:00,3,54,27.6,Light Rain,3,0,13
2025-01-23 13:00:00,4,64,29.4,Light Rain,3,0,13
2025-01-23 14:00:00,1,58,36.7,Light Rain,3,0,14
2025-01-23 14:00:00,2,33,38.9,Light Rain,3,0,14
2025-01-23 14:00:00,3,35,37.8,Light Rain,3,0,14
2025-01-23 14:00:00,4,75,27.0,Light Rain,3,0,14
2025-01-23 15:00:00,1,36,34.5,Light Rain,3,0,15
2025-01-23 15:00:00,2,38,30.7,Light Rain,3,0,15
2025-01-23 15:00:00,3,37,43.0,Light Rain,3,0,15
2025-01-23 15:00:00,4,44,32.3,Light Rain,3,0,15
2025-01-23 16:00:00,1,69,23.1,Light Rain,3,0,16
2025-01-23 16:00:00,2,53,28.8,Light Rain,3,0,16
2025-01-23 16:00:00,3,52,29.6,Light Rain,3,0,16
2025-01-23 16:00:00,4,76,31.1,Light Rain,3,0,16
2025-01-23 17:00:00,1,86,27.6,Light Rain,3,0,17
2025-01-23 17:00:00,2,89,15.0,Light Rain,3,0,17
2025-01-23 17:00:00,3,69,,Light Rain,3,0,17
2025-01-23 17:00:00,4,90,18.7,Light Rain,3,0,17
2025-01-23 18:00:00,1,113,9.4,Light Rain,3,0,18
2025-01-23 18:00:00,2,116,6.4,Light Rain,3,0,18
2025-01-23 18:00:00,3,87,15.4,Light Rain,3,0,18
2025-01-23 18:00:00,4,106,7.8,Light Rain,3,0,18
2025-01-23 19:00:00,1,105,,Light Rain,3,0,19
2025-01-23 19:00:00,2,90,25.9,Light Rain,3,0,19
2025-01-23 19:00:00,3,82,33.7,Light Rain,3,0,19
2025-01-23 19:00:00,4,100,24.7,Light Rain,3,0,19
2025-01-23 20:00:00,1,59,34.5,Light Rain,3,0,20
2025-01-23 20:00:00,2,36,33.9,Light Rain,3,0,20
2025-01-23 20:00:00,3,42,28.8,Light Rain,3,0,20
2025-01-23 20:00:00,4,60,29.6,Light Rain,3,0,20
2025-01-23 21:00:00,1,28,44.6,Light Rain,3,0,21
2025-01-23 21:00:00,2,32,44.7,Light Rain,3,0,21
2025-01-23 21:00:00,3,26,35.2,Light Rain,3,0,21
2025-01-23 21:00:00,4,36,42.1,Light Rain,3,0,21
2025-01-23 22:00:00,1,30,50.1,Clear,3,0,22
2025-01-23 22:00:00,2,13,56.3,Clear,3,0,22
2025-01-23 22:00:00,3,25,53.7,Clear,3,0,22
2025-01-23 22:00:00,4,33,45.0,Clear,3,0,22
2025-01-23 23:00:00,1,21,38.4,Light Rain,3,0,23
2025-01-23 23:00:00,2,14,44.2,Light Rain,3,0,23
2025-01-23 23:00:00,3,11,43.0,Light Rain,3,0,23
2025-01-23 23:00:00,4,,43.8,Light Rain,3,0,23
2025-01-24 00:00:00,1,16,46.2,Light Rain,4,0,0
2025-01-24 00:00:00,2,9,47.0,Light Rain,4,0,0
2025-01-24 00:00:00,3,11,47.7,Light Rain,4,0,0
2025-01-24 00:00:00,4,9,48.0,Light Rain,4,0,0
2025-01-24 01:00:00,1,17,35.1,Light Rain,4,0,1
2025-01-24 01:00:00,2,13,44.2,Light Rain,4,0,1
2025-01-24 01:00:00,3,11,41.3,Light Rain,4,0,1
2025-01-24 01:00:00,4,10,49.7,Light Rain,4,0,1
2025-01-24 02:00:00,1,19,38.4,Light Rain,4,0,2
2025-01-24 02:00:00,2,14,37.5,Light Rain,4,0,2
2025-01-24 02:00:00,3,12,36.4,Light Rain,4,0,2
2025-01-24 02:00:00,4,11,36.0,Light Rain,4,0,2
2025-01-24 03:00:00,1,16,44.6,Light Rain,4,0,3
2025-01-24 03:00:00,2,10,44.4,Light Rain,4,0,3
2025-01-24 03:00:00,3,13,44.1,Light Rain,4,0,3
2025-01-24 03:00:00,4,15,32.7,Light Rain,4,0,3
2025-01-24 04:00:00,1,16,46.8,Light Rain,4,0,4
2025-01-24 04:00:00,2,13,37.4,Light Rain,4,0,4
2025-01-24 04:00:00,3,13,,Light Rain,4,0,4
2025-01-24 04:00:00,4,18,45.1,Light Rain,4,0,4
2025-01-24 05:00:00,1,17,40.1,Light Rain,4,0,5
2025-01-24 05:00:00,2,11,,Light Rain,4,0,5
2025-01-24 05:00:00,3,,41.5,Light Rain,4,0,5
2025-01-24 05:00:00,4,10,,Light Rain,4,0,5
2025-01-24 06:00:00,1,33,30.8,Light Rain,4,0,6
2025-01-24 06:00:00,2,18,40.0,Light Rain,4,0,6
2025-01-24 06:00:00,3,,45.9,Light Rain,4,0,6
2025-01-24 06:00:00,4,25,40.2,Light Rain,4,0,6
2025-01-24 07:00:00,1,53,34.6,Light Rain,4,0,7
2025-01-24 07:00:00,2,46,33.2,Light Rain,4,0,7
2025-01-24 07:00:00,3,46,29.5,Light Rain,4,0,7
2025-01-24 07:00:00,4,48,38.8,Light Rain,4,0,7
2025-01-24 08:00:00,1,71,25.9,Light Rain,4,0,8
2025-01-24 08:00:00,2,73,,Light Rain,4,0,8
2025-01-24 08:00:00,3,63,26.2,Light Rain,4,0,8
2025-01-24 08:00:00,4,66,25.9,Light Rain,4,0,8
2025-01-24 09:00:00,1,87,23.2,Light Rain,4,0,9
2025-01-24 09:00:00,2,71,25.8,Light Rain,4,0,9
2025-01-24 09:00:00,3,99,13.5,Light Rain,4,0,9
2025-01-24 09:00:00,4,106,13.4,Light Rain,4,0,9
2025-01-24 10:00:00,1,,28.7,Light Rain,4,0,10
2025-01-24 10:00:00,2,80,25.2,Light Rain,4,0,10
2025-01-24 10:00:00,3,47,30.8,Light Rain,4,0,10
2025-01-24 10:00:00,4,80,27.4,Light Rain,4,0,10
2025-01-24 11:00:00,1,69,25.9,Light Rain,4,0,11
2025-01-24 11:00:00,2,60,27.5,Light Rain,4,0,11
2025-01-24 11:00:00,3,43,34.8,Light Rain,4,0,11
2025-01-24 11:00:00,4,47,31.9,Light Rain,4,0,11
2025-01-24 12:00:00,1,72,28.7,Cloudy,4,0,12
2025-01-24 12:00:00,2,61,32.8,Cloudy,4,0,12
2025-01-24 12:00:00,3,62,29.6,Cloudy,4,0,12
2025-01-24 12:00:00,4,70,28.9,Cloudy,4,0,12
2025-01-24 13:00:00,1,102,15.6,Light Rain,4,0,13
2025-01-24 13:00:00,2,71,33.2,Light Rain,4,0,13
2025-01-24 13:00:00,3,65,24.1,Light Rain,4,0,13
2025-01-24 13:00:00,4,80,27.1,Light Rain,4,0,13
2025-01-24 14:00:00,1,69,22.2,Light Rain,4,0,14
2025-01-24 14:00:00,2,37,38.5,Light Rain,4,0,14
2025-01-24 14:00:00,3,48,32.0,Light Rain,4,0,14
2025-01-24 14:00:00,4,51,,Light Rain,4,0,14
2025-01-24 15:00:00,1,44,29.0,Light Rain,4,0,15
2025-01-24 15:00:00,2,35,34.0,Light Rain,4,0,15
2025-01-24 15:00:00,3,37,,Light Rain,4,0,15
2025-01-24 15:00:00,4,40,31.3,Light Rain,4,0,15
2025-01-24 16:00:00,1,93,22.1,Clear,4,0,16
2025-01-24 16:00:00,2,68,36.7,Clear,4,0,16
2025-01-24 16:00:00,3,49,,Clear,4,0,16
2025-01-24 16:00:00,4,74,29.3,Clear,4,0,16
2025-01-24 17:00:00,1,123,11.2,Clear,4,0,17
2025-01-24 17:00:00,2,87,20.9,Clear,4,0,17
2025-01-24 17:00:00,3,92,,Clear,4,0,17
2025-01-24 17:00:00,4,119,24.3,Clear,4,0,17
2025-01-24 18:00:00,1,121,6.3,Light Rain,4,0,18
2025-01-24 18:00:00,2,69,22.5,Light Rain,4,0,18
2025-01-24 18:00:00,3,79,18.3,Light Rain,4,0,18
2025-01-24 18:00:00,4,91,,Light Rain,4,0,18
2025-01-24 19:00:00,1,97,20.8,Light Rain,4,0,19
2025-01-24 19:00:00,2,79,19.7,Light Rain,4,0,19
2025-01-24 19:00:00,3,69,25.2,Light Rain,4,0,19
2025-01-24 19:00:00,4,86,24.4,Light Rain,4,0,19
2025-01-24 20:00:00,1,74,29.3,Clear,4,0,20
2025-01-24 20:00:00,2,61,33.3,Clear,4,0,20
2025-01-24 20:00:00,3,57,,Clear,4,0,20
2025-01-24 20:00:00,4,68,39.3,Clear,4,0,20
2025-01-24 21:00:00,1,43,29.4,Light Rain,4,0,21
2025-01-24 21:00:00,2,24,,Light Rain,4,0,21
2025-01-24 21:00:00,3,29,42.7,Light Rain,4,0,21
2025-01-24 21:00:00,4,35,41.0,Light Rain,4,0,21
2025-01-24 22:00:00,1,35,45.3,Clear,4,0,22
2025-01-24 22:00:00,2,27,45.9,Clear,4,0,22
2025-01-24 22:00:00,3,25,52.7,Clear,4,0,22
2025-01-24 22:00:00,4,34,43.5,Clear,4,0,22
2025-01-24 23:00:00,1,19,42.1,Light Rain,4,0,23
2025-01-24 23:00:00,2,13,41.1,Light Rain,4,0,23
2025-01-24 23:00:00,3,11,49.3,Light Rain,4,0,23
2025-01-24 23:00:00,4,19,36.6,Light Rain,4,0,23
2025-01-25 00:00:00,1,23,46.8,Cloudy,5,0,0
2025-01-25 00:00:00,2,16,58.4,Cloudy,5,0,0
2025-01-25 00:00:00,3,9,51.2,Cloudy,5,0,0
2025-01-25 00:00:00,4,18,57.5,Cloudy,5,0,0
2025-01-25 01:00:00,1,20,46.8,Cloudy,5,0,1
2025-01-25 01:00:00,2,18,47.1,Cloudy,5,0,1
2025-01-25 01:00:00,3,12,57.4,Cloudy,5,0,1
2025-01-25 01:00:00,4,13,56.1,Cloudy,5,0,1
2025-01-25 02:00:00,1,19,48.5,Cloudy,5,0,2
2025-01-25 02:00:00,2,16,54.2,Cloudy,5,0,2
2025-01-25 02:00:00,3,14,44.5,Cloudy,5,0,2
2025-01-25 02:00:00,4,17,43.8,Cloudy,5,0,2
2025-01-25 03:00:00,1,23,44.0,Cloudy,5,0,3
2025-01-25 03:00:00,2,17,54.1,Cloudy,5,0,3
2025-01-25 03:00:00,3,14,48.0,Cloudy,5,0,3
2025-01-25 03:00:00,4,14,52.5,Cloudy,5,0,3
2025-01-25 04:00:00,1,21,45.0,Cloudy,5,0,4
2025-01-25 04:00:00,2,19,51.9,Cloudy,5,0,4
2025-01-25 04:00:00,3,13,48.3,Cloudy,5,0,4
2025-01-25 04:00:00,4,19,44.3,Cloudy,5,0,4
2025-01-25 05:00:00,1,16,47.4,Cloudy,5,0,5
2025-01-25 05:00:00,2,15,57.7,Cloudy,5,0,5
2025-01-25 05:00:00,3,14,43.5,Cloudy,5,0,5
2025-01-25 05:00:00,4,22,51.8,Cloudy,5,0,5
2025-01-25 06:00:00,1,66,28.0,Cloudy,5,0,6
2025-01-25 06:00:00,2,35,42.1,Cloudy,5,0,6
2025-01-25 06:00:00,3,40,48.1,Cloudy,5,0,6
2025-01-25 06:00:00,4,39,46.4,Cloudy,5,0,6
2025-01-25 07:00:00,1,64,33.6,Cloudy,5,0,7
2025-01-25 07:00:00,2,54,32.3,Cloudy,5,0,7
2025-01-25 07:00:00,3,51,38.8,Cloudy,5,0,7
2025-01-25 07:00:00,4,52,40.0,Cloudy,5,0,7
2025-01-25 08:00:00,1,68,30.3,Cloudy,5,0,8
2025-01-25 08:00:00,2,50,38.8,Cloudy,5,0,8
2025-01-25 08:00:00,3,34,42.1,Cloudy,5,0,8
2025-01-25 08:00:00,4,62,28.0,Cloudy,5,0,8
2025-01-25 09:00:00,1,77,21.0,Cloudy,5,0,9
2025-01-25 09:00:00,2,62,36.5,Cloudy,5,0,9
2025-01-25 09:00:00,3,46,38.5,Cloudy,5,0,9
2025-01-25 09:00:00,4,75,26.6,Cloudy,5,0,9
2025-01-25 10:00:00,1,95,21.4,Clear,5,0,10
2025-01-25 10:00:00,2,42,28.0,Clear,5,0,10
2025-01-25 10:00:00,3,72,35.4,Clear,5,0,10
2025-01-25 10:00:00,4,99,27.6,Clear,5,0,10
2025-01-25 11:00:00,1,54,21.7,Heavy Rain,5,0,11
2025-01-25 11:00:00,2,30,,Heavy Rain,5,0,11
2025-01-25 11:00:00,3,32,23.5,Heavy Rain,5,0,11
2025-01-25 11:00:00,4,60,16.4,Heavy Rain,5,0,11
2025-01-25 12:00:00,1,99,18.1,Cloudy,5,0,12
2025-01-25 12:00:00,2,68,30.1,Cloudy,5,0,12
2025-01-25 12:00:00,3,71,30.4,Cloudy,5,0,12
2025-01-25 12:00:00,4,88,29.9,Cloudy,5,0,12
2025-01-25 13:00:00,1,111,17.5,Clear,5,0,13
2025-01-25 13:00:00,2,78,30.1,Clear,5,0,13
2025-01-25 13:00:00,3,40,49.6,Clear,5,0,13
2025-01-25 13:00:00,4,58,41.1,Clear,5,0,13
2025-01-25 14:00:00,1,81,29.9,Cloudy,5,0,14
2025-01-25 14:00:00,2,67,29.8,Cloudy,5,0,14
2025-01-25 14:00:00,3,62,37.8,Cloudy,5,0,14
2025-01-25 14:00:00,4,92,26.2,Cloudy,5,0,14
2025-01-25 15:00:00,1,73,28.7,Cloudy,5,0,15
2025-01-25 15:00:00,2,76,28.3,Cloudy,5,0,15
2025-01-25 15:00:00,3,52,32.0,Cloudy,5,0,15
2025-01-25 15:00:00,4,61,39.2,Cloudy,5,0,15
2025-01-25 16:00:00,1,85,26.0,Cloudy,5,0,16
2025-01-25 16:00:00,2,58,35.7,Cloudy,5,0,16
2025-01-25 16:00:00,3,52,29.8,Cloudy,5,0,16
2025-01-25 16:00:00,4,54,42.3,Cloudy,5,0,16
2025-01-25 17:00:00,1,53,24.8,Cloudy,5,0,17
2025-01-25 17:00:00,2,45,43.4,Cloudy,5,0,17
2025-01-25 17:00:00,3,53,37.6,Cloudy,5,0,17
2025-01-25 17:00:00,4,60,37.0,Cloudy,5,0,17
2025-01-25 18:00:00,1,32,33.0,Fog,5,0,18
2025-01-25 18:00:00,2,25,33.1,Fog,5,0,18
2025-01-25 18:00:00,3,20,35.7,Fog,5,0,18
2025-01-25 18:00:00,4,35,34.7,Fog,5,0,18
2025-01-25 19:00:00,1,25,22.3,Heavy Rain,5,0,19
2025-01-25 19:00:00,2,20,27.7,Heavy Rain,5,0,19
2025-01-25 19:00:00,3,12,28.7,Heavy Rain,5,0,19
2025-01-25 19:00:00,4,19,29.7,Heavy Rain,5,0,19
2025-01-25 20:00:00,1,32,38.2,Light Rain,5,0,20
2025-01-25 20:00:00,2,22,45.5,Light Rain,5,0,20
2025-01-25 20:00:00,3,19,44.9,Light Rain,5,0,20
2025-01-25 20:00:00,4,19,41.6,Light Rain,5,0,20
2025-01-25 21:00:00,1,33,44.8,Cloudy,5,0,21
2025-01-25 21:00:00,2,24,50.9,Cloudy,5,0,21
2025-01-25 21:00:00,3,18,46.2,Cloudy,5,0,21
2025-01-25 21:00:00,4,18,49.0,Cloudy,5,0,21
2025-01-25 22:00:00,1,14,54.1,Cloudy,5,0,22
2025-01-25 22:00:00,2,12,47.2,Cloudy,5,0,22
2025-01-25 22:00:00,3,14,48.6,Cloudy,5,0,22
2025-01-25 22:00:00,4,20,44.4,Cloudy,5,0,22
2025-01-25 23:00:00,1,16,38.2,Light Rain,5,0,23
2025-01-25 23:00:00,2,14,48.8,Light Rain,5,0,23
2025-01-25 23:00:00,3,9,44.4,Light Rain,5,0,23
2025-01-25 23:00:00,4,19,38.1,Light Rain,5,0,23
2025-01-26 00:00:00,1,12,52.8,Cloudy,6,1,0
2025-01-26 00:00:00,2,9,53.5,Cloudy,6,1,0
2025-01-26 00:00:00,3,8,51.7,Cloudy,6,1,0
2025-01-26 00:00:00,4,10,55.0,Cloudy,6,1,0
2025-01-26 01:00:00,1,9,34.5,Fog,6,1,1
2025-01-26 01:00:00,2,7,38.6,Fog,6,1,1
2025-01-26 01:00:00,3,6,39.6,Fog,6,1,1
2025-01-26 01:00:00,4,7,,Fog,6,1,1
2025-01-26 02:00:00,1,9,33.0,Fog,6,1,2
2025-01-26 02:00:00,2,5,39.7,Fog,6,1,2
2025-01-26 02:00:00,3,4,40.0,Fog,6,1,2
2025-01-26 02:00:00,4,8,39.5,Fog,6,1,2
2025-01-26 03:00:00,1,6,39.1,Fog,6,1,3
2025-01-26 03:00:00,2,4,42.2,Fog,6,1,3
2025-01-26 03:00:00,3,4,38.1,Fog,6,1,3
2025-01-26 03:00:00,4,7,34.0,Fog,6,1,3
2025-01-26 04:00:00,1,8,35.7,Fog,6,1,4
2025-01-26 04:00:00,2,5,36.8,Fog,6,1,4
2025-01-26 04:00:00,3,4,37.2,Fog,6,1,4
2025-01-26 04:00:00,4,9,35.6,Fog,6,1,4
2025-01-26 05:00:00,1,7,34.3,Fog,6,1,5
2025-01-26 05:00:00,2,8,33.8,Fog,6,1,5
2025-01-26 05:00:00,3,6,34.5,Fog,6,1,5
2025-01-26 05:00:00,4,7,35.0,Fog,6,1,5
2025-01-26 06:00:00,1,27,55.0,Clear,6,1,6
2025-01-26 06:00:00,2,23,49.0,Clear,6,1,6
2025-01-26 06:00:00,3,17,54.1,Clear,6,1,6
2025-01-26 06:00:00,4,26,51.0,Clear,6,1,6
2025-01-26 07:00:00,1,22,33.5,Fog,6,1,7
2025-01-26 07:00:00,2,24,27.7,Fog,6,1,7
2025-01-26 07:00:00,3,23,34.1,Fog,6,1,7
2025-01-26 07:00:00,4,22,31.6,Fog,6,1,7
2025-01-26 08:00:00,1,36,29.5,Fog,6,1,8
2025-01-26 08:00:00,2,26,34.1,Fog,6,1,8
2025-01-26 08:00:00,3,22,40.9,Fog,6,1,8
2025-01-26 08:00:00,4,29,29.0,Fog,6,1,8
2025-01-26 09:00:00,1,35,33.1,Fog,6,1,9
2025-01-26 09:00:00,2,36,26.1,Fog,6,1,9
2025-01-26 09:00:00,3,22,36.8,Fog,6,1,9
2025-01-26 09:00:00,4,30,32.8,Fog,6,1,9
2025-01-26 10:00:00,1,28,30.7,Fog,6,1,10
2025-01-26 10:00:00,2,25,31.3,Fog,6,1,10
2025-01-26 10:00:00,3,20,37.9,Fog,6,1,10
2025-01-26 10:00:00,4,,32.9,Fog,6,1,10
2025-01-26 11:00:00,1,41,27.2,Fog,6,1,11
2025-01-26 11:00:00,2,33,36.3,Fog,6,1,11
2025-01-26 11:00:00,3,25,35.0,Fog,6,1,11
2025-01-26 11:00:00,4,36,31.8,Fog,6,1,11
2025-01-26 12:00:00,1,43,27.4,Fog,6,1,12
2025-01-26 12:00:00,2,23,27.5,Fog,6,1,12
2025-01-26 12:00:00,3,28,30.3,Fog,6,1,12
2025-01-26 12:00:00,4,44,27.5,Fog,6,1,12
2025-01-26 13:00:00,1,46,27.2,Fog,6,1,13
2025-01-26 13:00:00,2,23,37.0,Fog,6,1,13
2025-01-26 13:00:00,3,18,38.4,Fog,6,1,13
2025-01-26 13:00:00,4,31,30.3,Fog,6,1,13
2025-01-26 14:00:00,1,42,26.4,Fog,6,1,14
2025-01-26 14:00:00,2,34,25.9,Fog,6,1,14
2025-01-26 14:00:00,3,25,31.4,Fog,6,1,14
2025-01-26 14:00:00,4,34,30.0,Fog,6,1,14
2025-01-26 15:00:00,1,37,28.5,Fog,6,1,15
2025-01-26 15:00:00,2,30,33.1,Fog,6,1,15
2025-01-26 15:00:00,3,19,33.4,Fog,6,1,15
2025-01-26 15:00:00,4,30,35.0,Fog,6,1,15
2025-01-26 16:00:00,1,28,24.6,Fog,6,1,16
2025-01-26 16:00:00,2,23,36.3,Fog,6,1,16
2025-01-26 16:00:00,3,20,26.8,Fog,6,1,16
2025-01-26 16:00:00,4,31,26.2,Fog,6,1,16
2025-01-26 17:00:00,1,45,35.2,Cloudy,6,1,17
2025-01-26 17:00:00,2,34,40.3,Cloudy,6,1,17
2025-01-26 17:00:00,3,24,52.7,Cloudy,6,1,17
2025-01-26 17:00:00,4,36,46.0,Cloudy,6,1,17
2025-01-26 18:00:00,1,23,34.8,Fog,6,1,18
2025-01-26 18:00:00,2,22,36.5,Fog,6,1,18
2025-01-26 18:00:00,3,16,36.3,Fog,6,1,18
2025-01-26 18:00:00,4,19,32.5,Fog,6,1,18
2025-01-26 19:00:00,1,15,33.4,Fog,6,1,19
2025-01-26 19:00:00,2,17,41.3,Fog,6,1,19
2025-01-26 19:00:00,3,14,37.4,Fog,6,1,19
2025-01-26 19:00:00,4,15,34.5,Fog,6,1,19
2025-01-26 20:00:00,1,16,31.6,Fog,6,1,20
2025-01-26 20:00:00,2,10,32.8,Fog,6,1,20
2025-01-26 20:00:00,3,10,37.0,Fog,6,1,20
2025-01-26 20:00:00,4,9,36.7,Fog,6,1,20
2025-01-26 21:00:00,1,13,35.7,Fog,6,1,21
2025-01-26 21:00:00,2,6,34.3,Fog,6,1,21
2025-01-26 21:00:00,3,7,35.6,Fog,6,1,21
2025-01-26 21:00:00,4,11,37.0,Fog,6,1,21
2025-01-26 22:00:00,1,8,37.6,Fog,6,1,22
2025-01-26 22:00:00,2,6,32.9,Fog,6,1,22
2025-01-26 22:00:00,3,5,33.1,Fog,6,1,22
2025-01-26 22:00:00,4,7,41.2,Fog,6,1,22
2025-01-26 23:00:00,1,9,36.8,Fog,6,1,23
2025-01-26 23:00:00,2,5,35.2,Fog,6,1,23
2025-01-26 23:00:00,3,7,35.3,Fog,6,1,23
2025-01-26 23:00:00,4,7,35.6,Fog,6,1,23
2025-01-27 00:00:00,1,18,62.7,Clear,0,0,0
2025-01-27 00:00:00,2,8,49.6,Clear,0,0,0
2025-01-27 00:00:00,3,15,57.3,Clear,0,0,0
2025-01-27 00:00:00,4,21,43.2,Clear,0,0,0
2025-01-27 01:00:00,1,16,41.1,Light Rain,0,0,1
2025-01-27 01:00:00,2,12,43.5,Light Rain,0,0,1
2025-01-27 01:00:00,3,10,46.0,Light Rain,0,0,1
2025-01-27 01:00:00,4,15,,Light Rain,0,0,1
2025-01-27 02:00:00,1,18,58.6,Clear,0,0,2
2025-01-27 02:00:00,2,17,54.1,Clear,0,0,2
2025-01-27 02:00:00,3,11,53.5,Clear,0,0,2
2025-01-27 02:00:00,4,18,49.9,Clear,0,0,2
2025-01-27 03:00:00,1,,44.0,Clear,0,0,3
2025-01-27 03:00:00,2,12,62.4,Clear,0,0,3
2025-01-27 03:00:00,3,12,56.0,Clear,0,0,3
2025-01-27 03:00:00,4,13,60.3,Clear,0,0,3
2025-01-27 04:00:00,1,20,54.3,Clear,0,0,4
2025-01-27 04:00:00,2,12,56.0,Clear,0,0,4
2025-01-27 04:00:00,3,13,52.7,Clear,0,0,4
2025-01-27 04:00:00,4,19,47.7,Clear,0,0,4
2025-01-27 05:00:00,1,,46.3,Clear,0,0,5
2025-01-27 05:00:00,2,15,54.3,Clear,0,0,5
2025-01-27 05:00:00,3,14,49.0,Clear,0,0,5
2025-01-27 05:00:00,4,13,50.1,Clear,0,0,5
2025-01-27 06:00:00,1,500,42.5,Clear,0,0,6
2025-01-27 06:00:00,2,29,39.5,Clear,0,0,6
2025-01-27 06:00:00,3,26,43.5,Clear,0,0,6
2025-01-27 06:00:00,4,35,51.1,Clear,0,0,6
2025-01-27 07:00:00,1,59,37.4,Clear,0,0,7
2025-01-27 07:00:00,2,45,43.4,Clear,0,0,7
2025-01-27 07:00:00,3,42,44.0,Clear,0,0,7
2025-01-27 07:00:00,4,47,49.7,Clear,0,0,7
2025-01-27 08:00:00,1,86,24.4,Clear,0,0,8
2025-01-27 08:00:00,2,,25.7,Clear,0,0,8
2025-01-27 08:00:00,3,76,34.4,Clear,0,0,8
2025-01-27 08:00:00,4,80,29.9,Clear,0,0,8
2025-01-27 09:00:00,1,129,5,Clear,0,0,9
2025-01-27 09:00:00,2,99,24.6,Clear,0,0,9
2025-01-27 09:00:00,3,76,25.7,Clear,0,0,9
2025-01-27 09:00:00,4,101,16.4,Clear,0,0,9
2025-01-27 10:00:00,1,,17.9,Clear,0,0,10
2025-01-27 10:00:00,2,82,25.8,Clear,0,0,10
2025-01-27 10:00:00,3,83,18.7,Clear,0,0,10
2025-01-27 10:00:00,4,81,22.1,Clear,0,0,10
2025-01-27 11:00:00,1,58,35.4,Clear,0,0,11
2025-01-27 11:00:00,2,50,41.5,Clear,0,0,11
2025-01-27 11:00:00,3,44,45.3,Clear,0,0,11
2025-01-27 11:00:00,4,41,38.1,Clear,0,0,11
2025-01-27 12:00:00,1,78,33.4,Clear,0,0,12
2025-01-27 12:00:00,2,40,43.1,Clear,0,0,12
2025-01-27 12:00:00,3,56,43.8,Clear,0,0,12
2025-01-27 12:00:00,4,84,21.5,Clear,0,0,12
2025-01-27 13:00:00,1,75,27.1,Clear,0,0,13
2025-01-27 13:00:00,2,92,32.0,Clear,0,0,13
2025-01-27 13:00:00,3,84,23.9,Clear,0,0,13
2025-01-27 13:00:00,4,104,13.8,Clear,0,0,13
2025-01-27 14:00:00,1,63,39.5,Clear,0,0,14
2025-01-27 14:00:00,2,53,39.1,Clear,0,0,14
2025-01-27 14:00:00,3,41,44.5,Clear,0,0,14
2025-01-27 14:00:00,4,74,33.8,Clear,0,0,14
2025-01-27 15:00:00,1,51,33.7,Clear,0,0,15
2025-01-27 15:00:00,2,49,46.9,Clear,0,0,15
2025-01-27 15:00:00,3,37,43.8,Clear,0,0,15
2025-01-27 15:00:00,4,53,30.2,Clear,0,0,15
2025-01-27 16:00:00,1,85,29.7,Clear,0,0,16
2025-01-27 16:00:00,2,59,38.1,Clear,0,0,16
2025-01-27 16:00:00,3,52,36.7,Clear,0,0,16
2025-01-27 16:00:00,4,68,39.5,Clear,0,0,16
2025-01-27 17:00:00,1,,9.6,Cloudy,0,0,17
2025-01-27 17:00:00,2,116,12.4,Cloudy,0,0,17
2025-01-27 17:00:00,3,103,21.8,Cloudy,0,0,17
2025-01-27 17:00:00,4,96,19.4,Cloudy,0,0,17
2025-01-27 18:00:00,1,186,5,Clear,0,0,18
2025-01-27 18:00:00,2,128,10.4,Clear,0,0,18
2025-01-27 18:00:00,3,101,15.0,Clear,0,0,18
2025-01-27 18:00:00,4,154,5,Clear,0,0,18
2025-01-27 19:00:00,1,131,7.4,Clear,0,0,19
2025-01-27 19:00:00,2,98,19.9,Clear,0,0,19
2025-01-27 19:00:00,3,91,25.6,Clear,0,0,19
2025-01-27 19:00:00,4,110,17.2,Clear,0,0,19
2025-01-27 20:00:00,1,97,16.8,Clear,0,0,20
2025-01-27 20:00:00,2,62,28.1,Clear,0,0,20
2025-01-27 20:00:00,3,45,43.5,Clear,0,0,20
2025-01-27 20:00:00,4,90,23.7,Clear,0,0,20
2025-01-27 21:00:00,1,38,42.8,Clear,0,0,21
2025-01-27 21:00:00,2,31,51.8,Clear,0,0,21
2025-01-27 21:00:00,3,35,44.6,Clear,0,0,21
2025-01-27 21:00:00,4,49,44.8,Clear,0,0,21
2025-01-27 22:00:00,1,30,53.9,Clear,0,0,22
2025-01-27 22:00:00,2,33,50.4,Clear,0,0,22
2025-01-27 22:00:00,3,25,46.8,Clear,0,0,22
2025-01-27 22:00:00,4,28,48.4,Clear,0,0,22
2025-01-27 23:00:00,1,18,49.4,Clear,0,0,23
2025-01-27 23:00:00,2,14,59.1,Clear,0,0,23
2025-01-27 23:00:00,3,11,53.7,Clear,0,0,23
2025-01-27 23:00:00,4,22,52.0,Clear,0,0,23
2025-01-28 00:00:00,1,14,50.6,Clear,1,0,0
2025-01-28 00:00:00,2,15,52.9,Clear,1,0,0
2025-01-28 00:00:00,3,16,47.5,Clear,1,0,0
2025-01-28 00:00:00,4,19,54.1,Clear,1,0,0
2025-01-28 01:00:00,1,18,50.2,Clear,1,0,1
2025-01-28 01:00:00,2,15,49.0,Clear,1,0,1
2025-01-28 01:00:00,3,13,47.9,Clear,1,0,1
2025-01-28 01:00:00,4,19,55.2,Clear,1,0,1
2025-01-28 02:00:00,1,18,53.9,Clear,1,0,2
2025-01-28 02:00:00,2,12,54.7,Clear,1,0,2
2025-01-28 02:00:00,3,14,60.4,Clear,1,0,2
2025-01-28 02:00:00,4,18,47.7,Clear,1,0,2
2025-01-28 03:00:00,1,23,54.5,Clear,1,0,3
2025-01-28 03:00:00,2,15,48.3,Clear,1,0,3
2025-01-28 03:00:00,3,13,53.2,Clear,1,0,3
2025-01-28 03:00:00,4,16,59.6,Clear,1,0,3
2025-01-28 04:00:00,1,21,48.3,Clear,1,0,4
2025-01-28 04:00:00,2,13,56.6,Clear,1,0,4
2025-01-28 04:00:00,3,14,64.1,Clear,1,0,4
2025-01-28 04:00:00,4,13,57.6,Clear,1,0,4
2025-01-28 05:00:00,1,20,50.1,Clear,1,0,5
2025-01-28 05:00:00,2,14,61.3,Clear,1,0,5
2025-01-28 05:00:00,3,11,53.9,Clear,1,0,5
2025-01-28 05:00:00,4,17,51.7,Clear,1,0,5
2025-01-28 06:00:00,1,36,44.6,Clear,1,0,6
2025-01-28 06:00:00,2,26,49.5,Clear,1,0,6
2025-01-28 06:00:00,3,33,47.5,Clear,1,0,6
2025-01-28 06:00:00,4,31,42.7,Clear,1,0,6
2025-01-28 07:00:00,1,61,39.0,Clear,1,0,7
2025-01-28 07:00:00,2,47,38.1,Clear,1,0,7
2025-01-28 07:00:00,3,42,,Clear,1,0,7
2025-01-28 07:00:00,4,55,30.9,Clear,1,0,7
2025-01-28 08:00:00,1,88,16.2,Clear,1,0,8
2025-01-28 08:00:00,2,68,29.7,Clear,1,0,8
2025-01-28 08:00:00,3,82,27.0,Clear,1,0,8
2025-01-28 08:00:00,4,86,26.5,Clear,1,0,8
2025-01-28 09:00:00,1,136,5,Clear,1,0,9
2025-01-28 09:00:00,2,92,17.8,Clear,1,0,9
2025-01-28 09:00:00,3,135,5,Clear,1,0,9
2025-01-28 09:00:00,4,142,5,Clear,1,0,9
2025-01-28 10:00:00,1,115,12.6,Clear,1,0,10
2025-01-28 10:00:00,2,83,26.2,Clear,1,0,10
2025-01-28 10:00:00,3,84,23.2,Clear,1,0,10
2025-01-28 10:00:00,4,,28.6,Clear,1,0,10
2025-01-28 11:00:00,1,60,46.8,Clear,1,0,11
2025-01-28 11:00:00,2,49,38.8,Clear,1,0,11
2025-01-28 11:00:00,3,46,31.8,Clear,1,0,11
2025-01-28 11:00:00,4,44,37.4,Clear,1,0,11
2025-01-28 12:00:00,1,56,31.5,Light Rain,1,0,12
2025-01-28 12:00:00,2,40,,Light Rain,1,0,12
2025-01-28 12:00:00,3,52,30.3,Light Rain,1,0,12
2025-01-28 12:00:00,4,60,27.1,Light Rain,1,0,12
2025-01-28 13:00:00,1,86,34.5,Clear,1,0,13
2025-01-28 13:00:00,2,55,33.3,Clear,1,0,13
2025-01-28 13:00:00,3,64,29.1,Clear,1,0,13
2025-01-28 13:00:00,4,65,31.1,Clear,1,0,13
2025-01-28 14:00:00,1,59,34.2,Clear,1,0,14
2025-01-28 14:00:00,2,45,35.3,Clear,1,0,14
2025-01-28 14:00:00,3,40,51.3,Clear,1,0,14
2025-01-28 14:00:00,4,78,37.3,Clear,1,0,14
2025-01-28 15:00:00,1,48,36.0,Clear,1,0,15
2025-01-28 15:00:00,2,42,43.0,Clear,1,0,15
2025-01-28 15:00:00,3,44,44.9,Clear,1,0,15
2025-01-28 15:00:00,4,38,46.9,Clear,1,0,15
2025-01-28 16:00:00,1,96,25.9,Clear,1,0,16
2025-01-28 16:00:00,2,43,36.3,Clear,1,0,16
2025-01-28 16:00:00,3,50,45.7,Clear,1,0,16
2025-01-28 16:00:00,4,70,40.1,Clear,1,0,16
2025-01-28 17:00:00,1,90,24.8,Clear,1,0,17
2025-01-28 17:00:00,2,114,21.9,Clear,1,0,17
2025-01-28 17:00:00,3,86,23.8,Clear,1,0,17
2025-01-28 17:00:00,4,129,6.7,Clear,1,0,17
2025-01-28 18:00:00,1,164,5,Clear,1,0,18
2025-01-28 18:00:00,2,132,10.4,Clear,1,0,18
2025-01-28 18:00:00,3,101,16.0,Clear,1,0,18
2025-01-28 18:00:00,4,163,5,Clear,1,0,18
2025-01-28 19:00:00,1,111,5,Clear,1,0,19
2025-01-28 19:00:00,2,113,6.1,Clear,1,0,19
2025-01-28 19:00:00,3,110,21.0,Clear,1,0,19
2025-01-28 19:00:00,4,132,9.3,Clear,1,0,19
2025-01-28 20:00:00,1,110,17.2,Clear,1,0,20
2025-01-28 20:00:00,2,45,41.8,Clear,1,0,20
2025-01-28 20:00:00,3,62,40.2,Clear,1,0,20
2025-01-28 20:00:00,4,66,35.0,Clear,1,0,20
2025-01-28 21:00:00,1,60,33.8,Clear,1,0,21
2025-01-28 21:00:00,2,38,42.9,Clear,1,0,21
2025-01-28 21:00:00,3,37,46.5,Clear,1,0,21
2025-01-28 21:00:00,4,37,46.0,Clear,1,0,21
2025-01-28 22:00:00,1,38,42.3,Clear,1,0,22
2025-01-28 22:00:00,2,26,55.8,Clear,1,0,22
2025-01-28 22:00:00,3,37,44.1,Clear,1,0,22
2025-01-28 22:00:00,4,35,45.1,Clear,1,0,22
2025-01-28 23:00:00,1,18,54.3,Clear,1,0,23
2025-01-28 23:00:00,2,15,55.6,Clear,1,0,23
2025-01-28 23:00:00,3,12,57.2,Clear,1,0,23
2025-01-28 23:00:00,4,15,61.4,Clear,1,0,23
2025-01-29 00:00:00,1,21,47.6,Cloudy,2,0,0
2025-01-29 00:00:00,2,,56.8,Cloudy,2,0,0
2025-01-29 00:00:00,3,13,50.6,Cloudy,2,0,0
2025-01-29 00:00:00,4,16,53.4,Cloudy,2,0,0
2025-01-29 01:00:00,1,21,49.0,Cloudy,2,0,1
2025-01-29 01:00:00,2,11,48.9,Cloudy,2,0,1
2025-01-29 01:00:00,3,14,50.7,Cloudy,2,0,1
2025-01-29 01:00:00,4,23,39.7,Cloudy,2,0,1
2025-01-29 02:00:00,1,22,49.4,Cloudy,2,0,2
2025-01-29 02:00:00,2,17,46.1,Cloudy,2,0,2
2025-01-29 02:00:00,3,13,52.9,Cloudy,2,0,2
2025-01-29 02:00:00,4,12,59.9,Cloudy,2,0,2
2025-01-29 03:00:00,1,20,49.2,Cloudy,2,0,3
2025-01-29 03:00:00,2,12,52.1,Cloudy,2,0,3
2025-01-29 03:00:00,3,18,43.8,Cloudy,2,0,3
2025-01-29 03:00:00,4,20,48.3,Cloudy,2,0,3
2025-01-29 04:00:00,1,20,52.8,Clear,2,0,4
2025-01-29 04:00:00,2,13,58.0,Clear,2,0,4
2025-01-29 04:00:00,3,13,49.2,Clear,2,0,4
2025-01-29 04:00:00,4,16,61.1,Clear,2,0,4
2025-01-29 05:00:00,1,999,46.1,Cloudy,2,0,5
2025-01-29 05:00:00,2,16,,Cloudy,2,0,5
2025-01-29 05:00:00,3,16,51.3,Cloudy,2,0,5
2025-01-29 05:00:00,4,17,55.7,Cloudy,2,0,5
2025-01-29 06:00:00,1,39,38.9,Cloudy,2,0,6
2025-01-29 06:00:00,2,31,39.2,Cloudy,2,0,6
2025-01-29 06:00:00,3,27,53.5,Cloudy,2,0,6
2025-01-29 06:00:00,4,45,40.8,Cloudy,2,0,6
2025-01-29 07:00:00,1,80,27.0,Cloudy,2,0,7
2025-01-29 07:00:00,2,53,32.6,Cloudy,2,0,7
2025-01-29 07:00:00,3,44,43.0,Cloudy,2,0,7
2025-01-29 07:00:00,4,56,44.8,Cloudy,2,0,7
2025-01-29 08:00:00,1,96,21.7,Cloudy,2,0,8
2025-01-29 08:00:00,2,83,23.1,Cloudy,2,0,8
2025-01-29 08:00:00,3,,34.8,Cloudy,2,0,8
2025-01-29 08:00:00,4,86,19.1,Cloudy,2,0,8
2025-01-29 09:00:00,1,141,5,Cloudy,2,0,9
2025-01-29 09:00:00,2,91,24.7,Cloudy,2,0,9
2025-01-29 09:00:00,3,84,22.9,Cloudy,2,0,9
2025-01-29 09:00:00,4,97,19.4,Cloudy,2,0,9
2025-01-29 10:00:00,1,101,9.7,Cloudy,2,0,10
2025-01-29 10:00:00,2,98,16.8,Cloudy,2,0,10
2025-01-29 10:00:00,3,88,18.4,Cloudy,2,0,10
2025-01-29 10:00:00,4,108,16.0,Cloudy,2,0,10
2025-01-29 11:00:00,1,86,32.9,Cloudy,2,0,11
2025-01-29 11:00:00,2,46,33.2,Cloudy,2,0,11
2025-01-29 11:00:00,3,66,30.0,Cloudy,2,0,11
2025-01-29 11:00:00,4,60,26.5,Cloudy,2,0,11
2025-01-29 12:00:00,1,89,30.7,Cloudy,2,0,12
2025-01-29 12:00:00,2,57,33.3,Cloudy,2,0,12
2025-01-29 12:00:00,3,44,200,Cloudy,2,0,12
2025-01-29 12:00:00,4,57,42.3,Cloudy,2,0,12
2025-01-29 13:00:00,1,111,18.2,Cloudy,2,0,13
2025-01-29 13:00:00,2,64,29.8,Cloudy,2,0,13
2025-01-29 13:00:00,3,56,40.2,Cloudy,2,0,13
2025-01-29 13:00:00,4,101,24.3,Cloudy,2,0,13
2025-01-29 14:00:00,1,78,34.3,Clear,2,0,14
2025-01-29 14:00:00,2,47,41.2,Clear,2,0,14
2025-01-29 14:00:00,3,56,34.5,Clear,2,0,14
2025-01-29 14:00:00,4,66,32.7,Clear,2,0,14
2025-01-29 15:00:00,1,59,30.9,Cloudy,2,0,15
2025-01-29 15:00:00,2,41,35.5,Cloudy,2,0,15
2025-01-29 15:00:00,3,37,39.2,Cloudy,2,0,15
2025-01-29 15:00:00,4,55,34.5,Cloudy,2,0,15
2025-01-29 16:00:00,1,60,33.7,Light Rain,2,0,16
2025-01-29 16:00:00,2,59,24.5,Light Rain,2,0,16
2025-01-29 16:00:00,3,57,28.1,Light Rain,2,0,16
2025-01-29 16:00:00,4,54,37.6,Light Rain,2,0,16
2025-01-29 17:00:00,1,124,12.9,Cloudy,2,0,17
2025-01-29 17:00:00,2,111,14.3,Cloudy,2,0,17
2025-01-29 17:00:00,3,91,25.6,Cloudy,2,0,17
2025-01-29 17:00:00,4,134,5,Cloudy,2,0,17
2025-01-29 18:00:00,1,119,13.4,Cloudy,2,0,18
2025-01-29 18:00:00,2,97,22.0,Cloudy,2,0,18
2025-01-29 18:00:00,3,127,5,Cloudy,2,0,18
2025-01-29 18:00:00,4,98,21.4,Cloudy,2,0,18
2025-01-29 19:00:00,1,145,5,Cloudy,2,0,19
2025-01-29 19:00:00,2,69,28.5,Cloudy,2,0,19
2025-01-29 19:00:00,3,89,25.1,Cloudy,2,0,19
2025-01-29 19:00:00,4,138,5,Cloudy,2,0,19
2025-01-29 20:00:00,1,50,41.9,Cloudy,2,0,20
2025-01-29 20:00:00,2,64,37.3,Cloudy,2,0,20
2025-01-29 20:00:00,3,51,32.5,Cloudy,2,0,20
2025-01-29 20:00:00,4,71,34.0,Cloudy,2,0,20
2025-01-29 21:00:00,1,51,34.2,Cloudy,2,0,21
2025-01-29 21:00:00,2,37,40.7,Cloudy,2,0,21
2025-01-29 21:00:00,3,38,45.7,Cloudy,2,0,21
2025-01-29 21:00:00,4,48,42.5,Cloudy,2,0,21
2025-01-29 22:00:00,1,38,39.0,Cloudy,2,0,22
2025-01-29 22:00:00,2,22,48.8,Cloudy,2,0,22
2025-01-29 22:00:00,3,19,48.2,Cloudy,2,0,22
2025-01-29 22:00:00,4,27,48.6,Cloudy,2,0,22
2025-01-29 23:00:00,1,11,29.9,Heavy Rain,2,0,23
2025-01-29 23:00:00,2,9,30.6,Heavy Rain,2,0,23
2025-01-29 23:00:00,3,8,31.4,Heavy Rain,2,0,23
2025-01-29 23:00:00,4,10,33.0,Heavy Rain,2,0,23
2025-01-30 00:00:00,1,18,50.4,Clear,3,0,0
2025-01-30 00:00:00,2,21,59.8,Clear,3,0,0
2025-01-30 00:00:00,3,12,57.5,Clear,3,0,0
2025-01-30 00:00:00,4,18,60.2,Clear,3,0,0
2025-01-30 01:00:00,1,15,62.5,Clear,3,0,1
2025-01-30 01:00:00,2,12,48.6,Clear,3,0,1
2025-01-30 01:00:00,3,13,54.6,Clear,3,0,1
2025-01-30 01:00:00,4,19,44.8,Clear,3,0,1
2025-01-30 02:00:00,1,18,53.2,Clear,3,0,2
2025-01-30 02:00:00,2,11,50.1,Clear,3,0,2
2025-01-30 02:00:00,3,12,56.7,Clear,3,0,2
2025-01-30 02:00:00,4,24,46.2,Clear,3,0,2
2025-01-30 03:00:00,1,24,55.7,Clear,3,0,3
2025-01-30 03:00:00,2,14,64.3,Clear,3,0,3
2025-01-30 03:00:00,3,14,56.9,Clear,3,0,3
2025-01-30 03:00:00,4,22,47.9,Clear,3,0,3
2025-01-30 04:00:00,1,14,66.9,Clear,3,0,4
2025-01-30 04:00:00,2,13,45.7,Clear,3,0,4
2025-01-30 04:00:00,3,14,48.1,Clear,3,0,4
2025-01-30 04:00:00,4,17,63.9,Clear,3,0,4
2025-01-30 05:00:00,1,17,52.4,Clear,3,0,5
2025-01-30 05:00:00,2,13,55.2,Clear,3,0,5
2025-01-30 05:00:00,3,13,55.5,Clear,3,0,5
2025-01-30 05:00:00,4,21,54.7,Clear,3,0,5
2025-01-30 06:00:00,1,45,45.1,Clear,3,0,6
2025-01-30 06:00:00,2,31,36.4,Clear,3,0,6
2025-01-30 06:00:00,3,30,50.8,Clear,3,0,6
2025-01-30 06:00:00,4,34,45.5,Clear,3,0,6
2025-01-30 07:00:00,1,54,,Clear,3,0,7
2025-01-30 07:00:00,2,,44.8,Clear,3,0,7
2025-01-30 07:00:00,3,40,41.8,Clear,3,0,7
2025-01-30 07:00:00,4,34,51.6,Clear,3,0,7
2025-01-30 08:00:00,1,95,21.5,Clear,3,0,8
2025-01-30 08:00:00,2,64,29.3,Clear,3,0,8
2025-01-30 08:00:00,3,89,22.4,Clear,3,0,8
2025-01-30 08:00:00,4,77,36.9,Clear,3,0,8
2025-01-30 09:00:00,1,132,9.5,Clear,3,0,9
2025-01-30 09:00:00,2,127,7.1,Clear,3,0,9
2025-01-30 09:00:00,3,101,20.3,Clear,3,0,9
2025-01-30 09:00:00,4,79,39.3,Clear,3,0,9
2025-01-30 10:00:00,1,123,10.8,Clear,3,0,10
2025-01-30 10:00:00,2,70,34.0,Clear,3,0,10
2025-01-30 10:00:00,3,91,28.5,Clear,3,0,10
2025-01-30 10:00:00,4,96,20.6,Clear,3,0,10
2025-01-30 11:00:00,1,67,25.8,Light Rain,3,0,11
2025-01-30 11:00:00,2,37,31.8,Light Rain,3,0,11
2025-01-30 11:00:00,3,36,31.4,Light Rain,3,0,11
2025-01-30 11:00:00,4,53,34.5,Light Rain,3,0,11
2025-01-30 12:00:00,1,85,22.5,Clear,3,0,12
2025-01-30 12:00:00,2,63,32.4,Clear,3,0,12
2025-01-30 12:00:00,3,64,27.8,Clear,3,0,12
2025-01-30 12:00:00,4,74,26.2,Clear,3,0,12
2025-01-30 13:00:00,1,84,16.9,Clear,3,0,13
2025-01-30 13:00:00,2,76,26.9,Clear,3,0,13
2025-01-30 13:00:00,3,65,35.2,Clear,3,0,13
2025-01-30 13:00:00,4,114,8.5,Clear,3,0,13
2025-01-30 14:00:00,1,70,,Clear,3,0,14
2025-01-30 14:00:00,2,63,40.4,Clear,3,0,14
2025-01-30 14:00:00,3,56,34.0,Clear,3,0,14
2025-01-30 14:00:00,4,50,41.1,Clear,3,0,14
2025-01-30 15:00:00,1,49,42.1,Clear,3,0,15
2025-01-30 15:00:00,2,44,39.9,Clear,3,0,15
2025-01-30 15:00:00,3,38,39.3,Clear,3,0,15
2025-01-30 15:00:00,4,53,44.9,Clear,3,0,15
2025-01-30 16:00:00,1,90,13.4,Clear,3,0,16
2025-01-30 16:00:00,2,60,39.7,Clear,3,0,16
2025-01-30 16:00:00,3,48,39.5,Clear,3,0,16
2025-01-30 16:00:00,4,80,34.2,Clear,3,0,16
2025-01-30 17:00:00,1,,22.8,Clear,3,0,17
2025-01-30 17:00:00,2,74,30.2,Clear,3,0,17
2025-01-30 17:00:00,3,110,17.8,Clear,3,0,17
2025-01-30 17:00:00,4,99,18.7,Clear,3,0,17
2025-01-30 18:00:00,1,107,17.1,Cloudy,3,0,18
2025-01-30 18:00:00,2,124,8.5,Cloudy,3,0,18
2025-01-30 18:00:00,3,124,17.3,Cloudy,3,0,18
2025-01-30 18:00:00,4,139,5,Cloudy,3,0,18
2025-01-30 19:00:00,1,116,11.0,Clear,3,0,19
2025-01-30 19:00:00,2,103,28.8,Clear,3,0,19
2025-01-30 19:00:00,3,105,21.2,Clear,3,0,19
2025-01-30 19:00:00,4,144,5,Clear,3,0,19
2025-01-30 20:00:00,1,83,25.8,Clear,3,0,20
2025-01-30 20:00:00,2,65,37.2,Clear,3,0,20
2025-01-30 20:00:00,3,62,35.9,Clear,3,0,20
2025-01-30 20:00:00,4,46,44.7,Clear,3,0,20
2025-01-30 21:00:00,1,53,39.3,Cloudy,3,0,21
2025-01-30 21:00:00,2,42,34.0,Cloudy,3,0,21
2025-01-30 21:00:00,3,35,41.5,Cloudy,3,0,21
2025-01-30 21:00:00,4,44,42.5,Cloudy,3,0,21
2025-01-30 22:00:00,1,29,46.8,Clear,3,0,22
2025-01-30 22:00:00,2,23,59.4,Clear,3,0,22
2025-01-30 22:00:00,3,19,48.5,Clear,3,0,22
2025-01-30 22:00:00,4,23,50.4,Clear,3,0,22
2025-01-30 23:00:00,1,21,53.1,Clear,3,0,23
2025-01-30 23:00:00,2,16,53.3,Clear,3,0,23
2025-01-30 23:00:00,3,13,53.2,Clear,3,0,23
2025-01-30 23:00:00,4,19,48.0,Clear,3,0,23
2025-01-31 00:00:00,1,17,50.6,Clear,4,0,0
2025-01-31 00:00:00,2,15,55.5,Clear,4,0,0
2025-01-31 00:00:00,3,13,61.2,Clear,4,0,0
2025-01-31 00:00:00,4,18,54.8,Clear,4,0,0
2025-01-31 01:00:00,1,25,,Clear,4,0,1
2025-01-31 01:00:00,2,16,53.0,Clear,4,0,1
2025-01-31 01:00:00,3,11,54.9,Clear,4,0,1
2025-01-31 01:00:00,4,19,61.0,Clear,4,0,1
2025-01-31 02:00:00,1,20,49.7,Clear,4,0,2
2025-01-31 02:00:00,2,12,59.5,Clear,4,0,2
2025-01-31 02:00:00,3,13,58.0,Clear,4,0,2
2025-01-31 02:00:00,4,16,55.8,Clear,4,0,2
2025-01-31 03:00:00,1,22,56.6,Clear,4,0,3
2025-01-31 03:00:00,2,19,57.3,Clear,4,0,3
2025-01-31 03:00:00,3,12,62.9,Clear,4,0,3
2025-01-31 03:00:00,4,16,50.8,Clear,4,0,3
2025-01-31 04:00:00,1,22,52.5,Clear,4,0,4
2025-01-31 04:00:00,2,14,53.7,Clear,4,0,4
2025-01-31 04:00:00,3,15,55.0,Clear,4,0,4
2025-01-31 04:00:00,4,17,51.3,Clear,4,0,4
2025-01-31 05:00:00,1,18,59.9,Clear,4,0,5
2025-01-31 05:00:00,2,12,53.5,Clear,4,0,5
2025-01-31 05:00:00,3,15,56.8,Clear,4,0,5
2025-01-31 05:00:00,4,,59.1,Clear,4,0,5
2025-01-31 06:00:00,1,29,48.5,Clear,4,0,6
2025-01-31 06:00:00,2,34,44.6,Clear,4,0,6
2025-01-31 06:00:00,3,28,52.4,Clear,4,0,6
2025-01-31 06:00:00,4,31,42.4,Clear,4,0,6
2025-01-31 07:00:00,1,50,36.0,Clear,4,0,7
2025-01-31 07:00:00,2,52,36.0,Clear,4,0,7
2025-01-31 07:00:00,3,29,51.5,Clear,4,0,7
2025-01-31 07:00:00,4,50,37.9,Clear,4,0,7
2025-01-31 08:00:00,1,500,19.8,Heavy Rain,4,0,8
2025-01-31 08:00:00,2,50,23.5,Heavy Rain,4,0,8
2025-01-31 08:00:00,3,43,24.3,Heavy Rain,4,0,8
2025-01-31 08:00:00,4,55,20.8,Heavy Rain,4,0,8
2025-01-31 09:00:00,1,122,5.8,Clear,4,0,9
2025-01-31 09:00:00,2,113,19.5,Clear,4,0,9
2025-01-31 09:00:00,3,104,18.2,Clear,4,0,9
2025-01-31 09:00:00,4,132,6.3,Clear,4,0,9
2025-01-31 10:00:00,1,82,23.6,Cloudy,4,0,10
2025-01-31 10:00:00,2,76,,Cloudy,4,0,10
2025-01-31 10:00:00,3,70,30.3,Cloudy,4,0,10
2025-01-31 10:00:00,4,113,7.8,Cloudy,4,0,10
2025-01-31 11:00:00,1,57,36.4,Clear,4,0,11
2025-01-31 11:00:00,2,58,33.2,Clear,4,0,11
2025-01-31 11:00:00,3,47,38.5,Clear,4,0,11
2025-01-31 11:00:00,4,61,32.1,Clear,4,0,11
2025-01-31 12:00:00,1,41,21.6,Heavy Rain,4,0,12
2025-01-31 12:00:00,2,31,23.8,Heavy Rain,4,0,12
2025-01-31 12:00:00,3,29,22.4,Heavy Rain,4,0,12
2025-01-31 12:00:00,4,39,20.7,Heavy Rain,4,0,12
2025-01-31 13:00:00,1,74,30.1,Clear,4,0,13
2025-01-31 13:00:00,2,56,40.4,Clear,4,0,13
2025-01-31 13:00:00,3,55,34.6,Clear,4,0,13
2025-01-31 13:00:00,4,91,23.3,Clear,4,0,13
2025-01-31 14:00:00,1,47,34.6,Light Rain,4,0,14
2025-01-31 14:00:00,2,45,36.7,Light Rain,4,0,14
2025-01-31 14:00:00,3,39,39.4,Light Rain,4,0,14
2025-01-31 14:00:00,4,57,36.0,Light Rain,4,0,14
2025-01-31 15:00:00,1,,35.5,Clear,4,0,15
2025-01-31 15:00:00,2,42,43.6,Clear,4,0,15
2025-01-31 15:00:00,3,26,57.2,Clear,4,0,15
2025-01-31 15:00:00,4,59,37.1,Clear,4,0,15
2025-01-31 16:00:00,1,67,31.0,Clear,4,0,16
2025-01-31 16:00:00,2,56,46.2,Clear,4,0,16
2025-01-31 16:00:00,3,72,18.4,Clear,4,0,16
2025-01-31 16:00:00,4,500,,Clear,4,0,16
2025-01-31 17:00:00,1,127,5,Clear,4,0,17
2025-01-31 17:00:00,2,135,7.4,Clear,4,0,17
2025-01-31 17:00:00,3,92,28.2,Clear,4,0,17
2025-01-31 17:00:00,4,93,20.3,Clear,4,0,17
2025-01-31 18:00:00,1,121,15.3,Clear,4,0,18
2025-01-31 18:00:00,2,121,10.0,Clear,4,0,18
2025-01-31 18:00:00,3,117,18.1,Clear,4,0,18
2025-01-31 18:00:00,4,89,20.3,Clear,4,0,18
2025-01-31 19:00:00,1,133,11.3,Light Rain,4,0,19
2025-01-31 19:00:00,2,75,25.1,Light Rain,4,0,19
2025-01-31 19:00:00,3,77,28.9,Light Rain,4,0,19
2025-01-31 19:00:00,4,80,22.9,Light Rain,4,0,19
2025-01-31 20:00:00,1,78,30.8,Clear,4,0,20
2025-01-31 20:00:00,2,73,19.2,Clear,4,0,20
2025-01-31 20:00:00,3,64,25.0,Clear,4,0,20
2025-01-31 20:00:00,4,94,18.6,Clear,4,0,20
2025-01-31 21:00:00,1,42,39.1,Clear,4,0,21
2025-01-31 21:00:00,2,37,49.8,Clear,4,0,21
2025-01-31 21:00:00,3,29,46.2,Clear,4,0,21
2025-01-31 21:00:00,4,28,56.5,Clear,4,0,21
2025-01-31 22:00:00,1,45,45.1,Clear,4,0,22
2025-01-31 22:00:00,2,25,55.3,Clear,4,0,22
2025-01-31 22:00:00,3,20,54.3,Clear,4,0,22
2025-01-31 22:00:00,4,27,50.3,Clear,4,0,22
2025-01-31 23:00:00,1,21,49.6,Clear,4,0,23
2025-01-31 23:00:00,2,16,56.1,Clear,4,0,23
2025-01-31 23:00:00,3,10,47.2,Clear,4,0,23
2025-01-31 23:00:00,4,16,52.9,Clear,4,0,23
2025-02-01 00:00:00,1,14,44.9,Light Rain,5,0,0
2025-02-01 00:00:00,2,11,49.7,Light Rain,5,0,0
2025-02-01 00:00:00,3,10,44.7,Light Rain,5,0,0
2025-02-01 00:00:00,4,13,51.6,Light Rain,5,0,0
2025-02-01 01:00:00,1,21,43.1,Cloudy,5,0,1
2025-02-01 01:00:00,2,13,48.8,Cloudy,5,0,1
2025-02-01 01:00:00,3,12,57.9,Cloudy,5,0,1
2025-02-01 01:00:00,4,14,50.5,Cloudy,5,0,1
2025-02-01 02:00:00,1,20,46.7,Cloudy,5,0,2
2025-02-01 02:00:00,2,16,49.3,Cloudy,5,0,2
2025-02-01 02:00:00,3,13,59.6,Cloudy,5,0,2
2025-02-01 02:00:00,4,14,54.0,Cloudy,5,0,2
2025-02-01 03:00:00,1,18,54.8,Cloudy,5,0,3
2025-02-01 03:00:00,2,17,54.6,Cloudy,5,0,3
2025-02-01 03:00:00,3,16,43.4,Cloudy,5,0,3
2025-02-01 03:00:00,4,20,,Cloudy,5,0,3
2025-02-01 04:00:00,1,27,44.4,Cloudy,5,0,4
2025-02-01 04:00:00,2,10,53.4,Cloudy,5,0,4
2025-02-01 04:00:00,3,13,45.4,Cloudy,5,0,4
2025-02-01 04:00:00,4,18,51.5,Cloudy,5,0,4
2025-02-01 05:00:00,1,23,45.1,Cloudy,5,0,5
2025-02-01 05:00:00,2,18,43.4,Cloudy,5,0,5
2025-02-01 05:00:00,3,12,50.3,Cloudy,5,0,5
2025-02-01 05:00:00,4,18,58.4,Cloudy,5,0,5
2025-02-01 06:00:00,1,54,31.2,Cloudy,5,0,6
2025-02-01 06:00:00,2,41,40.6,Cloudy,5,0,6
2025-02-01 06:00:00,3,52,38.0,Cloudy,5,0,6
2025-02-01 06:00:00,4,44,37.0,Cloudy,5,0,6
2025-02-01 07:00:00,1,73,21.7,Cloudy,5,0,7
2025-02-01 07:00:00,2,54,33.7,Cloudy,5,0,7
2025-02-01 07:00:00,3,41,33.5,Cloudy,5,0,7
2025-02-01 07:00:00,4,69,34.2,Cloudy,5,0,7
2025-02-01 08:00:00,1,62,28.4,Cloudy,5,0,8
2025-02-01 08:00:00,2,62,29.2,Cloudy,5,0,8
2025-02-01 08:00:00,3,42,33.4,Cloudy,5,0,8
2025-02-01 08:00:00,4,54,44.5,Cloudy,5,0,8
2025-02-01 09:00:00,1,70,31.8,Clear,5,0,9
2025-02-01 09:00:00,2,47,,Clear,5,0,9
2025-02-01 09:00:00,3,47,40.6,Clear,5,0,9
2025-02-01 09:00:00,4,75,30.5,Clear,5,0,9
2025-02-01 10:00:00,1,65,30.4,Cloudy,5,0,10
2025-02-01 10:00:00,2,72,29.3,Cloudy,5,0,10
2025-02-01 10:00:00,3,67,31.7,Cloudy,5,0,10
2025-02-01 10:00:00,4,93,25.7,Cloudy,5,0,10
2025-02-01 11:00:00,1,103,7.4,Cloudy,5,0,11
2025-02-01 11:00:00,2,71,38.0,Cloudy,5,0,11
2025-02-01 11:00:00,3,71,30.1,Cloudy,5,0,11
2025-02-01 11:00:00,4,73,30.3,Cloudy,5,0,11
2025-02-01 12:00:00,1,97,14.3,Cloudy,5,0,12
2025-02-01 12:00:00,2,75,27.9,Cloudy,5,0,12
2025-02-01 12:00:00,3,70,22.6,Cloudy,5,0,12
2025-02-01 12:00:00,4,95,21.8,Cloudy,5,0,12
2025-02-01 13:00:00,1,79,25.4,Cloudy,5,0,13
2025-02-01 13:00:00,2,57,39.9,Cloudy,5,0,13
2025-02-01 13:00:00,3,54,32.4,Cloudy,5,0,13
2025-02-01 13:00:00,4,106,7.8,Cloudy,5,0,13
2025-02-01 14:00:00,1,100,19.9,Cloudy,5,0,14
2025-02-01 14:00:00,2,56,30.8,Cloudy,5,0,14
2025-02-01 14:00:00,3,65,33.0,Cloudy,5,0,14
2025-02-01 14:00:00,4,73,28.1,Cloudy,5,0,14
2025-02-01 15:00:00,1,79,25.5,Cloudy,5,0,15
2025-02-01 15:00:00,2,51,39.0,Cloudy,5,0,15
2025-02-01 15:00:00,3,65,27.7,Cloudy,5,0,15
2025-02-01 15:00:00,4,72,32.2,Cloudy,5,0,15
2025-02-01 16:00:00,1,70,31.5,Cloudy,5,0,16
2025-02-01 16:00:00,2,45,42.9,Cloudy,5,0,16
2025-02-01 16:00:00,3,50,35.3,Cloudy,5,0,16
2025-02-01 16:00:00,4,67,28.1,Cloudy,5,0,16
2025-02-01 17:00:00,1,,26.1,Cloudy,5,0,17
2025-02-01 17:00:00,2,54,38.5,Cloudy,5,0,17
2025-02-01 17:00:00,3,36,44.9,Cloudy,5,0,17
2025-02-01 17:00:00,4,59,36.5,Cloudy,5,0,17
2025-02-01 18:00:00,1,49,33.8,Cloudy,5,0,18
2025-02-01 18:00:00,2,51,33.8,Cloudy,5,0,18
2025-02-01 18:00:00,3,42,48.5,Cloudy,5,0,18
2025-02-01 18:00:00,4,48,40.3,Cloudy,5,0,18
2025-02-01 19:00:00,1,47,37.4,Cloudy,5,0,19
2025-02-01 19:00:00,2,35,49.9,Cloudy,5,0,19
2025-02-01 19:00:00,3,29,39.7,Cloudy,5,0,19
2025-02-01 19:00:00,4,42,47.0,Cloudy,5,0,19
2025-02-01 20:00:00,1,18,29.2,Heavy Rain,5,0,20
2025-02-01 20:00:00,2,16,29.2,Heavy Rain,5,0,20
2025-02-01 20:00:00,3,13,30.6,Heavy Rain,5,0,20
2025-02-01 20:00:00,4,11,29.1,Heavy Rain,5,0,20
2025-02-01 21:00:00,1,24,54.2,Cloudy,5,0,21
2025-02-01 21:00:00,2,25,38.3,Cloudy,5,0,21
2025-02-01 21:00:00,3,20,46.3,Cloudy,5,0,21
2025-02-01 21:00:00,4,18,52.8,Cloudy,5,0,21
2025-02-01 22:00:00,1,20,47.3,Cloudy,5,0,22
2025-02-01 22:00:00,2,15,40.3,Cloudy,5,0,22
2025-02-01 22:00:00,3,13,49.6,Cloudy,5,0,22
2025-02-01 22:00:00,4,14,51.4,Cloudy,5,0,22
2025-02-01 23:00:00,1,18,52.2,Cloudy,5,0,23
2025-02-01 23:00:00,2,17,57.3,Cloudy,5,0,23
2025-02-01 23:00:00,3,14,51.5,Cloudy,5,0,23
2025-02-01 23:00:00,4,16,50.5,Cloudy,5,0,23
2025-02-02 00:00:00,1,15,47.7,Cloudy,6,0,0
2025-02-02 00:00:00,2,21,50.7,Cloudy,6,0,0
2025-02-02 00:00:00,3,14,49.3,Cloudy,6,0,0
2025-02-02 00:00:00,4,13,50.4,Cloudy,6,0,0
2025-02-02 01:00:00,1,19,48.2,Clear,6,0,1
2025-02-02 01:00:00,2,12,53.5,Clear,6,0,1
2025-02-02 01:00:00,3,15,41.7,Clear,6,0,1
2025-02-02 01:00:00,4,21,57.0,Clear,6,0,1
2025-02-02 02:00:00,1,17,47.8,Clear,6,0,2
2025-02-02 02:00:00,2,16,52.6,Clear,6,0,2
2025-02-02 02:00:00,3,15,54.4,Clear,6,0,2
2025-02-02 02:00:00,4,14,65.2,Clear,6,0,2
2025-02-02 03:00:00,1,17,54.4,Clear,6,0,3
2025-02-02 03:00:00,2,14,45.4,Clear,6,0,3
2025-02-02 03:00:00,3,16,50.1,Clear,6,0,3
2025-02-02 03:00:00,4,20,60.5,Clear,6,0,3
2025-02-02 04:00:00,1,18,55.2,Clear,6,0,4
2025-02-02 04:00:00,2,12,66.6,Clear,6,0,4
2025-02-02 04:00:00,3,13,56.7,Clear,6,0,4
2025-02-02 04:00:00,4,13,52.5,Clear,6,0,4
2025-02-02 05:00:00,1,23,51.6,Clear,6,0,5
2025-02-02 05:00:00,2,15,55.5,Clear,6,0,5
2025-02-02 05:00:00,3,11,54.8,Clear,6,0,5
2025-02-02 05:00:00,4,18,52.5,Clear,6,0,5
2025-02-02 06:00:00,1,53,42.7,Cloudy,6,0,6
2025-02-02 06:00:00,2,43,49.3,Cloudy,6,0,6
2025-02-02 06:00:00,3,35,31.2,Cloudy,6,0,6
2025-02-02 06:00:00,4,62,32.7,Cloudy,6,0,6
2025-02-02 07:00:00,1,73,31.1,Clear,6,0,7
2025-02-02 07:00:00,2,43,42.9,Clear,6,0,7
2025-02-02 07:00:00,3,39,46.0,Clear,6,0,7
2025-02-02 07:00:00,4,35,49.2,Clear,6,0,7
2025-02-02 08:00:00,1,63,37.8,Clear,6,0,8
2025-02-02 08:00:00,2,75,28.7,Clear,6,0,8
2025-02-02 08:00:00,3,35,49.5,Clear,6,0,8
2025-02-02 08:00:00,4,56,32.0,Clear,6,0,8
2025-02-02 09:00:00,1,69,30.8,Cloudy,6,0,9
2025-02-02 09:00:00,2,67,27.8,Cloudy,6,0,9
2025-02-02 09:00:00,3,60,36.1,Cloudy,6,0,9
2025-02-02 09:00:00,4,73,24.8,Cloudy,6,0,9
2025-02-02 10:00:00,1,84,30.4,Clear,6,0,10
2025-02-02 10:00:00,2,59,150,Clear,6,0,10
2025-02-02 10:00:00,3,52,41.0,Clear,6,0,10
2025-02-02 10:00:00,4,68,32.7,Clear,6,0,10
2025-02-02 11:00:00,1,88,33.4,Clear,6,0,11
2025-02-02 11:00:00,2,84,31.4,Clear,6,0,11
2025-02-02 11:00:00,3,61,31.9,Clear,6,0,11
2025-02-02 11:00:00,4,91,22.0,Clear,6,0,11
2025-02-02 12:00:00,1,86,25.5,Clear,6,0,12
2025-02-02 12:00:00,2,58,33.3,Clear,6,0,12
2025-02-02 12:00:00,3,,33.6,Clear,6,0,12
2025-02-02 12:00:00,4,81,35.9,Clear,6,0,12
2025-02-02 13:00:00,1,111,17.9,Clear,6,0,13
2025-02-02 13:00:00,2,78,28.4,Clear,6,0,13
2025-02-02 13:00:00,3,61,42.2,Clear,6,0,13
2025-02-02 13:00:00,4,97,12.9,Clear,6,0,13
2025-02-02 14:00:00,1,89,26.6,Clear,6,0,14
2025-02-02 14:00:00,2,50,42.9,Clear,6,0,14
2025-02-02 14:00:00,3,60,38.4,Clear,6,0,14
2025-02-02 14:00:00,4,78,23.3,Clear,6,0,14
2025-02-02 15:00:00,1,71,27.9,Clear,6,0,15
2025-02-02 15:00:00,2,62,34.0,Clear,6,0,15
2025-02-02 15:00:00,3,,40.9,Clear,6,0,15
2025-02-02 15:00:00,4,43,45.6,Clear,6,0,15
2025-02-02 16:00:00,1,72,27.8,Clear,6,0,16
2025-02-02 16:00:00,2,42,38.7,Clear,6,0,16
2025-02-02 16:00:00,3,42,44.6,Clear,6,0,16
2025-02-02 16:00:00,4,75,32.8,Clear,6,0,16
2025-02-02 17:00:00,1,82,22.8,Clear,6,0,17
2025-02-02 17:00:00,2,46,44.3,Clear,6,0,17
2025-02-02 17:00:00,3,57,40.6,Clear,6,0,17
2025-02-02 17:00:00,4,53,42.2,Clear,6,0,17
2025-02-02 18:00:00,1,53,38.6,Cloudy,6,0,18
2025-02-02 18:00:00,2,,39.3,Cloudy,6,0,18
2025-02-02 18:00:00,3,42,38.6,Cloudy,6,0,18
2025-02-02 18:00:00,4,45,35.3,Cloudy,6,0,18
2025-02-02 19:00:00,1,,,Clear,6,0,19
2025-02-02 19:00:00,2,36,42.9,Clear,6,0,19
2025-02-02 19:00:00,3,30,38.4,Clear,6,0,19
2025-02-02 19:00:00,4,38,34.9,Clear,6,0,19
2025-02-02 20:00:00,1,35,48.1,Clear,6,0,20
2025-02-02 20:00:00,2,24,55.3,Clear,6,0,20
2025-02-02 20:00:00,3,,56.9,Clear,6,0,20
2025-02-02 20:00:00,4,31,43.6,Clear,6,0,20
2025-02-02 21:00:00,1,23,51.2,Clear,6,0,21
2025-02-02 21:00:00,2,16,48.6,Clear,6,0,21
2025-02-02 21:00:00,3,18,55.3,Clear,6,0,21
2025-02-02 21:00:00,4,21,53.5,Clear,6,0,21
2025-02-02 22:00:00,1,19,55.0,Clear,6,0,22
2025-02-02 22:00:00,2,15,58.4,Clear,6,0,22
2025-02-02 22:00:00,3,11,56.8,Clear,6,0,22
2025-02-02 22:00:00,4,20,48.7,Clear,6,0,22
2025-02-02 23:00:00,1,15,55.2,Clear,6,0,23
2025-02-02 23:00:00,2,12,55.1,Clear,6,0,23
2025-02-02 23:00:00,3,8,55.5,Clear,6,0,23
2025-02-02 23:00:00,4,15,,Clear,6,0,23
2025-02-03 00:00:00,1,12,31.8,Heavy Rain,0,0,0
2025-02-03 00:00:00,2,5,34.0,Heavy Rain,0,0,0
2025-02-03 00:00:00,3,7,32.0,Heavy Rain,0,0,0
2025-02-03 00:00:00,4,9,32.4,Heavy Rain,0,0,0
2025-02-03 01:00:00,1,11,35.9,Heavy Rain,0,0,1
2025-02-03 01:00:00,2,8,29.5,Heavy Rain,0,0,1
2025-02-03 01:00:00,3,8,31.9,Heavy Rain,0,0,1
2025-02-03 01:00:00,4,11,32.8,Heavy Rain,0,0,1
2025-02-03 02:00:00,1,12,31.8,Heavy Rain,0,0,2
2025-02-03 02:00:00,2,11,,Heavy Rain,0,0,2
2025-02-03 02:00:00,3,9,36.4,Heavy Rain,0,0,2
2025-02-03 02:00:00,4,15,30.5,Heavy Rain,0,0,2
2025-02-03 03:00:00,1,20,52.3,Clear,0,0,3
2025-02-03 03:00:00,2,17,53.1,Clear,0,0,3
2025-02-03 03:00:00,3,14,54.5,Clear,0,0,3
2025-02-03 03:00:00,4,17,57.2,Clear,0,0,3
2025-02-03 04:00:00,1,12,27.5,Heavy Rain,0,0,4
2025-02-03 04:00:00,2,10,31.4,Heavy Rain,0,0,4
2025-02-03 04:00:00,3,7,26.4,Heavy Rain,0,0,4
2025-02-03 04:00:00,4,10,33.8,Heavy Rain,0,0,4
2025-02-03 05:00:00,1,8,29.0,Heavy Rain,0,0,5
2025-02-03 05:00:00,2,9,30.1,Heavy Rain,0,0,5
2025-02-03 05:00:00,3,8,28.5,Heavy Rain,0,0,5
2025-02-03 05:00:00,4,8,150,Heavy Rain,0,0,5
2025-02-03 06:00:00,1,23,25.3,Heavy Rain,0,0,6
2025-02-03 06:00:00,2,18,32.1,Heavy Rain,0,0,6
2025-02-03 06:00:00,3,15,30.4,Heavy Rain,0,0,6
2025-02-03 06:00:00,4,18,33.8,Heavy Rain,0,0,6
2025-02-03 07:00:00,1,36,26.5,Heavy Rain,0,0,7
2025-02-03 07:00:00,2,27,28.1,Heavy Rain,0,0,7
2025-02-03 07:00:00,3,25,26.7,Heavy Rain,0,0,7
2025-02-03 07:00:00,4,33,21.7,Heavy Rain,0,0,7
2025-02-03 08:00:00,1,59,24.7,Heavy Rain,0,0,8
2025-02-03 08:00:00,2,47,24.6,Heavy Rain,0,0,8
2025-02-03 08:00:00,3,52,22.2,Heavy Rain,0,0,8
2025-02-03 08:00:00,4,62,18.9,Heavy Rain,0,0,8
2025-02-03 09:00:00,1,73,15.6,Heavy Rain,0,0,9
2025-02-03 09:00:00,2,78,21.4,Heavy Rain,0,0,9
2025-02-03 09:00:00,3,,21.7,Heavy Rain,0,0,9
2025-02-03 09:00:00,4,78,16.9,Heavy Rain,0,0,9
2025-02-03 10:00:00,1,49,23.6,Heavy Rain,0,0,10
2025-02-03 10:00:00,2,33,28.9,Heavy Rain,0,0,10
2025-02-03 10:00:00,3,39,26.0,Heavy Rain,0,0,10
2025-02-03 10:00:00,4,67,,Heavy Rain,0,0,10
2025-02-03 11:00:00,1,44,21.9,Heavy Rain,0,0,11
2025-02-03 11:00:00,2,28,,Heavy Rain,0,0,11
2025-02-03 11:00:00,3,27,25.8,Heavy Rain,0,0,11
2025-02-03 11:00:00,4,38,22.1,Heavy Rain,0,0,11
2025-02-03 12:00:00,1,76,30.6,Cloudy,0,0,12
2025-02-03 12:00:00,2,49,33.2,Cloudy,0,0,12
2025-02-03 12:00:00,3,53,36.6,Cloudy,0,0,12
2025-02-03 12:00:00,4,57,39.5,Cloudy,0,0,12
2025-02-03 13:00:00,1,51,22.3,Heavy Rain,0,0,13
2025-02-03 13:00:00,2,37,24.3,Heavy Rain,0,0,13
2025-02-03 13:00:00,3,39,21.9,Heavy Rain,0,0,13
2025-02-03 13:00:00,4,50,17.8,Heavy Rain,0,0,13
2025-02-03 14:00:00,1,42,26.9,Heavy Rain,0,0,14
2025-02-03 14:00:00,2,37,21.9,Heavy Rain,0,0,14
2025-02-03 14:00:00,3,27,,Heavy Rain,0,0,14
2025-02-03 14:00:00,4,36,21.1,Heavy Rain,0,0,14
2025-02-03 15:00:00,1,28,28.8,Heavy Rain,0,0,15
2025-02-03 15:00:00,2,27,28.5,Heavy Rain,0,0,15
2025-02-03 15:00:00,3,23,28.0,Heavy Rain,0,0,15
2025-02-03 15:00:00,4,,26.2,Heavy Rain,0,0,15
2025-02-03 16:00:00,1,77,29.0,Cloudy,0,0,16
2025-02-03 16:00:00,2,63,32.1,Cloudy,0,0,16
2025-02-03 16:00:00,3,53,36.1,Cloudy,0,0,16
2025-02-03 16:00:00,4,79,36.1,Cloudy,0,0,16
2025-02-03 17:00:00,1,70,15.6,Heavy Rain,0,0,17
2025-02-03 17:00:00,2,63,16.5,Heavy Rain,0,0,17
2025-02-03 17:00:00,3,,19.5,Heavy Rain,0,0,17
2025-02-03 17:00:00,4,57,21.8,Heavy Rain,0,0,17
2025-02-03 18:00:00,1,107,6.3,Heavy Rain,0,0,18
2025-02-03 18:00:00,2,62,12.4,Heavy Rain,0,0,18
2025-02-03 18:00:00,3,59,25.0,Heavy Rain,0,0,18
2025-02-03 18:00:00,4,72,14.9,Heavy Rain,0,0,18
2025-02-03 19:00:00,1,68,13.5,Heavy Rain,0,0,19
2025-02-03 19:00:00,2,69,14.4,Heavy Rain,0,0,19
2025-02-03 19:00:00,3,55,21.0,Heavy Rain,0,0,19
2025-02-03 19:00:00,4,66,17.7,Heavy Rain,0,0,19
2025-02-03 20:00:00,1,48,20.8,Heavy Rain,0,0,20
2025-02-03 20:00:00,2,40,21.0,Heavy Rain,0,0,20
2025-02-03 20:00:00,3,31,29.5,Heavy Rain,0,0,20
2025-02-03 20:00:00,4,38,23.7,Heavy Rain,0,0,20
2025-02-03 21:00:00,1,57,35.4,Clear,0,0,21
2025-02-03 21:00:00,2,36,41.7,Clear,0,0,21
2025-02-03 21:00:00,3,25,44.3,Clear,0,0,21
2025-02-03 21:00:00,4,41,42.2,Clear,0,0,21
2025-02-03 22:00:00,1,14,29.7,Heavy Rain,0,0,22
2025-02-03 22:00:00,2,20,30.9,Heavy Rain,0,0,22
2025-02-03 22:00:00,3,18,25.8,Heavy Rain,0,0,22
2025-02-03 22:00:00,4,24,25.0,Heavy Rain,0,0,22
2025-02-03 23:00:00,1,13,26.0,Heavy Rain,0,0,23
2025-02-03 23:00:00,2,8,27.8,Heavy Rain,0,0,23
2025-02-03 23:00:00,3,5,33.4,Heavy Rain,0,0,23
2025-02-03 23:00:00,4,10,27.9,Heavy Rain,0,0,23
2025-02-04 00:00:00,1,11,31.2,Heavy Rain,1,0,0
2025-02-04 00:00:00,2,6,32.6,Heavy Rain,1,0,0
2025-02-04 00:00:00,3,5,34.7,Heavy Rain,1,0,0
2025-02-04 00:00:00,4,12,30.7,Heavy Rain,1,0,0
2025-02-04 01:00:00,1,9,28.1,Heavy Rain,1,0,1
2025-02-04 01:00:00,2,8,29.7,Heavy Rain,1,0,1
2025-02-04 01:00:00,3,8,31.2,Heavy Rain,1,0,1
2025-02-04 01:00:00,4,11,27.3,Heavy Rain,1,0,1
2025-02-04 02:00:00,1,12,28.1,Heavy Rain,1,0,2
2025-02-04 02:00:00,2,7,32.4,Heavy Rain,1,0,2
2025-02-04 02:00:00,3,9,36.4,Heavy Rain,1,0,2
2025-02-04 02:00:00,4,9,30.2,Heavy Rain,1,0,2
2025-02-04 03:00:00,1,13,28.8,Heavy Rain,1,0,3
2025-02-04 03:00:00,2,9,35.8,Heavy Rain,1,0,3
2025-02-04 03:00:00,3,6,34.1,Heavy Rain,1,0,3
2025-02-04 03:00:00,4,11,34.7,Heavy Rain,1,0,3
2025-02-04 04:00:00,1,11,33.0,Heavy Rain,1,0,4
2025-02-04 04:00:00,2,7,34.2,Heavy Rain,1,0,4
2025-02-04 04:00:00,3,9,32.0,Heavy Rain,1,0,4
2025-02-04 04:00:00,4,6,30.4,Heavy Rain,1,0,4
2025-02-04 05:00:00,1,11,31.5,Heavy Rain,1,0,5
2025-02-04 05:00:00,2,7,32.2,Heavy Rain,1,0,5
2025-02-04 05:00:00,3,6,34.4,Heavy Rain,1,0,5
2025-02-04 05:00:00,4,8,29.0,Heavy Rain,1,0,5
2025-02-04 06:00:00,1,17,27.1,Heavy Rain,1,0,6
2025-02-04 06:00:00,2,17,32.1,Heavy Rain,1,0,6
2025-02-04 06:00:00,3,13,31.4,Heavy Rain,1,0,6
2025-02-04 06:00:00,4,23,28.7,Heavy Rain,1,0,6
2025-02-04 07:00:00,1,30,24.7,Heavy Rain,1,0,7
2025-02-04 07:00:00,2,20,27.8,Heavy Rain,1,0,7
2025-02-04 07:00:00,3,19,22.8,Heavy Rain,1,0,7
2025-02-04 07:00:00,4,,26.8,Heavy Rain,1,0,7
2025-02-04 08:00:00,1,60,20.7,Heavy Rain,1,0,8
2025-02-04 08:00:00,2,35,24.3,Heavy Rain,1,0,8
2025-02-04 08:00:00,3,50,27.6,Heavy Rain,1,0,8
2025-02-04 08:00:00,4,51,25.1,Heavy Rain,1,0,8
2025-02-04 09:00:00,1,100,,Heavy Rain,1,0,9
2025-02-04 09:00:00,2,67,17.6,Heavy Rain,1,0,9
2025-02-04 09:00:00,3,39,21.1,Heavy Rain,1,0,9
2025-02-04 09:00:00,4,64,18.2,Heavy Rain,1,0,9
2025-02-04 10:00:00,1,57,18.0,Heavy Rain,1,0,10
2025-02-04 10:00:00,2,57,15.7,Heavy Rain,1,0,10
2025-02-04 10:00:00,3,43,28.1,Heavy Rain,1,0,10
2025-02-04 10:00:00,4,56,21.2,Heavy Rain,1,0,10
2025-02-04 11:00:00,1,36,24.7,Heavy Rain,1,0,11
2025-02-04 11:00:00,2,23,32.7,Heavy Rain,1,0,11
2025-02-04 11:00:00,3,23,29.1,Heavy Rain,1,0,11
2025-02-04 11:00:00,4,34,26.6,Heavy Rain,1,0,11
2025-02-04 12:00:00,1,41,22.5,Heavy Rain,1,0,12
2025-02-04 12:00:00,2,38,31.1,Heavy Rain,1,0,12
2025-02-04 12:00:00,3,40,22.8,Heavy Rain,1,0,12
2025-02-04 12:00:00,4,32,23.6,Heavy Rain,1,0,12
2025-02-04 13:00:00,1,58,15.9,Heavy Rain,1,0,13
2025-02-04 13:00:00,2,50,21.4,Heavy Rain,1,0,13
2025-02-04 13:00:00,3,38,24.2,Heavy Rain,1,0,13
2025-02-04 13:00:00,4,52,20.0,Heavy Rain,1,0,13
2025-02-04 14:00:00,1,51,200,Heavy Rain,1,0,14
2025-02-04 14:00:00,2,32,26.8,Heavy Rain,1,0,14
2025-02-04 14:00:00,3,24,24.7,Heavy Rain,1,0,14
2025-02-04 14:00:00,4,44,18.9,Heavy Rain,1,0,14
2025-02-04 15:00:00,1,35,22.3,Heavy Rain,1,0,15
2025-02-04 15:00:00,2,21,26.5,Heavy Rain,1,0,15
2025-02-04 15:00:00,3,25,21.1,Heavy Rain,1,0,15
2025-02-04 15:00:00,4,28,26.1,Heavy Rain,1,0,15
2025-02-04 16:00:00,1,39,26.1,Heavy Rain,1,0,16
2025-02-04 16:00:00,2,27,30.6,Heavy Rain,1,0,16
2025-02-04 16:00:00,3,35,25.2,Heavy Rain,1,0,16
2025-02-04 16:00:00,4,51,23.8,Heavy Rain,1,0,16
2025-02-04 17:00:00,1,83,19.7,Cloudy,1,0,17
2025-02-04 17:00:00,2,,7.9,Cloudy,1,0,17
2025-02-04 17:00:00,3,97,22.1,Cloudy,1,0,17
2025-02-04 17:00:00,4,,19.6,Cloudy,1,0,17
2025-02-04 18:00:00,1,105,13.6,Fog,1,0,18
2025-02-04 18:00:00,2,93,17.2,Fog,1,0,18
2025-02-04 18:00:00,3,81,21.5,Fog,1,0,18
2025-02-04 18:00:00,4,85,-5,Fog,1,0,18
2025-02-04 19:00:00,1,94,13.1,Heavy Rain,1,0,19
2025-02-04 19:00:00,2,,18.5,Heavy Rain,1,0,19
2025-02-04 19:00:00,3,52,20.5,Heavy Rain,1,0,19
2025-02-04 19:00:00,4,68,15.5,Heavy Rain,1,0,19
2025-02-04 20:00:00,1,54,22.3,Heavy Rain,1,0,20
2025-02-04 20:00:00,2,39,21.3,Heavy Rain,1,0,20
2025-02-04 20:00:00,3,42,27.1,Heavy Rain,1,0,20
2025-02-04 20:00:00,4,36,27.9,Heavy Rain,1,0,20
2025-02-04 21:00:00,1,35,40.5,Clear,1,0,21
2025-02-04 21:00:00,2,21,48.0,Clear,1,0,21
2025-02-04 21:00:00,3,34,48.1,Clear,1,0,21
2025-02-04 21:00:00,4,50,50.0,Clear,1,0,21
2025-02-04 22:00:00,1,20,26.6,Heavy Rain,1,0,22
2025-02-04 22:00:00,2,19,29.0,Heavy Rain,1,0,22
2025-02-04 22:00:00,3,14,32.8,Heavy Rain,1,0,22
2025-02-04 22:00:00,4,17,30.2,Heavy Rain,1,0,22
2025-02-04 23:00:00,1,14,27.2,Heavy Rain,1,0,23
2025-02-04 23:00:00,2,5,28.8,Heavy Rain,1,0,23
2025-02-04 23:00:00,3,6,29.5,Heavy Rain,1,0,23
2025-02-04 23:00:00,4,10,32.7,Heavy Rain,1,0,23
2025-02-05 00:00:00,1,16,48.9,Cloudy,2,0,0
2025-02-05 00:00:00,2,18,54.6,Cloudy,2,0,0
2025-02-05 00:00:00,3,14,52.4,Cloudy,2,0,0
2025-02-05 00:00:00,4,20,48.1,Cloudy,2,0,0
2025-02-05 01:00:00,1,17,46.4,Clear,2,0,1
2025-02-05 01:00:00,2,17,55.1,Clear,2,0,1
2025-02-05 01:00:00,3,12,65.3,Clear,2,0,1
2025-02-05 01:00:00,4,600,56.8,Clear,2,0,1
2025-02-05 02:00:00,1,19,48.2,Clear,2,0,2
2025-02-05 02:00:00,2,15,58.8,Clear,2,0,2
2025-02-05 02:00:00,3,15,,Clear,2,0,2
2025-02-05 02:00:00,4,18,51.4,Clear,2,0,2
2025-02-05 03:00:00,1,9,29.1,Heavy Rain,2,0,3
2025-02-05 03:00:00,2,9,32.2,Heavy Rain,2,0,3
2025-02-05 03:00:00,3,6,32.3,Heavy Rain,2,0,3
2025-02-05 03:00:00,4,9,29.6,Heavy Rain,2,0,3
2025-02-05 04:00:00,1,12,40.7,Fog,2,0,4
2025-02-05 04:00:00,2,13,35.1,Fog,2,0,4
2025-02-05 04:00:00,3,9,39.3,Fog,2,0,4
2025-02-05 04:00:00,4,10,34.5,Fog,2,0,4
2025-02-05 05:00:00,1,22,44.2,Clear,2,0,5
2025-02-05 05:00:00,2,14,51.8,Clear,2,0,5
2025-02-05 05:00:00,3,19,53.4,Clear,2,0,5
2025-02-05 05:00:00,4,15,56.5,Clear,2,0,5
2025-02-05 06:00:00,1,40,44.3,Clear,2,0,6
2025-02-05 06:00:00,2,,52.0,Clear,2,0,6
2025-02-05 06:00:00,3,29,51.5,Clear,2,0,6
2025-02-05 06:00:00,4,35,47.0,Clear,2,0,6
2025-02-05 07:00:00,1,57,45.0,Clear,2,0,7
2025-02-05 07:00:00,2,48,33.7,Clear,2,0,7
2025-02-05 07:00:00,3,50,48.1,Clear,2,0,7
2025-02-05 07:00:00,4,35,53.7,Clear,2,0,7
2025-02-05 08:00:00,1,121,7.4,Clear,2,0,8
2025-02-05 08:00:00,2,75,,Clear,2,0,8
2025-02-05 08:00:00,3,76,33.0,Clear,2,0,8
2025-02-05 08:00:00,4,,25.8,Clear,2,0,8
2025-02-05 09:00:00,1,122,12.7,Clear,2,0,9
2025-02-05 09:00:00,2,77,30.4,Clear,2,0,9
2025-02-05 09:00:00,3,122,13.7,Clear,2,0,9
2025-02-05 09:00:00,4,156,5,Clear,2,0,9
2025-02-05 10:00:00,1,95,22.6,Clear,2,0,10
2025-02-05 10:00:00,2,79,27.1,Clear,2,0,10
2025-02-05 10:00:00,3,77,29.1,Clear,2,0,10
2025-02-05 10:00:00,4,91,26.9,Clear,2,0,10
2025-02-05 11:00:00,1,81,28.0,Clear,2,0,11
2025-02-05 11:00:00,2,49,38.0,Clear,2,0,11
2025-02-05 11:00:00,3,42,-5,Clear,2,0,11
2025-02-05 11:00:00,4,64,20.4,Clear,2,0,11
2025-02-05 12:00:00,1,76,18.7,Clear,2,0,12
2025-02-05 12:00:00,2,44,46.5,Clear,2,0,12
2025-02-05 12:00:00,3,50,,Clear,2,0,12
2025-02-05 12:00:00,4,62,36.1,Clear,2,0,12
2025-02-05 13:00:00,1,113,19.5,Clear,2,0,13
2025-02-05 13:00:00,2,77,26.8,Clear,2,0,13
2025-02-05 13:00:00,3,53,38.6,Clear,2,0,13
2025-02-05 13:00:00,4,74,31.7,Clear,2,0,13
2025-02-05 14:00:00,1,58,44.4,Clear,2,0,14
2025-02-05 14:00:00,2,52,40.2,Clear,2,0,14
2025-02-05 14:00:00,3,51,45.5,Clear,2,0,14
2025-02-05 14:00:00,4,62,25.7,Clear,2,0,14
2025-02-05 15:00:00,1,53,33.7,Clear,2,0,15
2025-02-05 15:00:00,2,49,35.4,Clear,2,0,15
2025-02-05 15:00:00,3,35,47.4,Clear,2,0,15
2025-02-05 15:00:00,4,52,40.6,Clear,2,0,15
2025-02-05 16:00:00,1,66,24.3,Clear,2,0,16
2025-02-05 16:00:00,2,76,30.4,Clear,2,0,16
2025-02-05 16:00:00,3,59,34.5,Clear,2,0,16
2025-02-05 16:00:00,4,80,26.4,Clear,2,0,16
2025-02-05 17:00:00,1,104,18.3,Clear,2,0,17
2025-02-05 17:00:00,2,108,20.8,Clear,2,0,17
2025-02-05 17:00:00,3,98,20.1,Clear,2,0,17
2025-02-05 17:00:00,4,119,20.0,Clear,2,0,17
2025-02-05 18:00:00,1,105,15.7,Clear,2,0,18
2025-02-05 18:00:00,2,105,11.6,Clear,2,0,18
2025-02-05 18:00:00,3,103,19.2,Clear,2,0,18
2025-02-05 18:00:00,4,160,5,Clear,2,0,18
2025-02-05 19:00:00,1,108,26.4,Clear,2,0,19
2025-02-05 19:00:00,2,63,34.9,Clear,2,0,19
2025-02-05 19:00:00,3,81,27.7,Clear,2,0,19
2025-02-05 19:00:00,4,130,10.0,Clear,2,0,19
2025-02-05 20:00:00,1,76,32.0,Cloudy,2,0,20
2025-02-05 20:00:00,2,69,28.0,Cloudy,2,0,20
2025-02-05 20:00:00,3,69,38.0,Cloudy,2,0,20
2025-02-05 20:00:00,4,94,22.2,Cloudy,2,0,20
2025-02-05 21:00:00,1,55,36.7,Clear,2,0,21
2025-02-05 21:00:00,2,42,40.2,Clear,2,0,21
2025-02-05 21:00:00,3,40,46.1,Clear,2,0,21
2025-02-05 21:00:00,4,42,,Clear,2,0,21
2025-02-05 22:00:00,1,29,49.3,Clear,2,0,22
2025-02-05 22:00:00,2,29,44.6,Clear,2,0,22
2025-02-05 22:00:00,3,24,51.2,Clear,2,0,22
2025-02-05 22:00:00,4,26,54.9,Clear,2,0,22
2025-02-05 23:00:00,1,18,,Clear,2,0,23
2025-02-05 23:00:00,2,15,52.5,Clear,2,0,23
2025-02-05 23:00:00,3,13,62.0,Clear,2,0,23
2025-02-05 23:00:00,4,20,48.4,Clear,2,0,23
2025-02-06 00:00:00,1,19,53.7,Clear,3,0,0
2025-02-06 00:00:00,2,12,54.1,Clear,3,0,0
2025-02-06 00:00:00,3,11,55.2,Clear,3,0,0
2025-02-06 00:00:00,4,20,52.1,Clear,3,0,0
2025-02-06 01:00:00,1,17,44.7,Clear,3,0,1
2025-02-06 01:00:00,2,16,66.7,Clear,3,0,1
2025-02-06 01:00:00,3,12,47.0,Clear,3,0,1
2025-02-06 01:00:00,4,18,62.2,Clear,3,0,1
2025-02-06 02:00:00,1,17,47.2,Clear,3,0,2
2025-02-06 02:00:00,2,18,47.5,Clear,3,0,2
2025-02-06 02:00:00,3,12,58.4,Clear,3,0,2
2025-02-06 02:00:00,4,19,53.2,Clear,3,0,2
2025-02-06 03:00:00,1,16,55.4,Clear,3,0,3
2025-02-06 03:00:00,2,13,48.9,Clear,3,0,3
2025-02-06 03:00:00,3,15,44.9,Clear,3,0,3
2025-02-06 03:00:00,4,12,52.3,Clear,3,0,3
2025-02-06 04:00:00,1,17,55.3,Clear,3,0,4
2025-02-06 04:00:00,2,11,53.7,Clear,3,0,4
2025-02-06 04:00:00,3,13,56.3,Clear,3,0,4
2025-02-06 04:00:00,4,21,50.9,Clear,3,0,4
2025-02-06 05:00:00,1,16,53.2,Clear,3,0,5
2025-02-06 05:00:00,2,14,56.1,Clear,3,0,5
2025-02-06 05:00:00,3,14,47.8,Clear,3,0,5
2025-02-06 05:00:00,4,16,52.8,Clear,3,0,5
2025-02-06 06:00:00,1,37,39.2,Clear,3,0,6
2025-02-06 06:00:00,2,32,44.7,Clear,3,0,6
2025-02-06 06:00:00,3,23,51.5,Clear,3,0,6
2025-02-06 06:00:00,4,29,46.1,Clear,3,0,6
2025-02-06 07:00:00,1,50,36.6,Clear,3,0,7
2025-02-06 07:00:00,2,35,47.7,Clear,3,0,7
2025-02-06 07:00:00,3,42,47.6,Clear,3,0,7
2025-02-06 07:00:00,4,53,29.3,Clear,3,0,7
2025-02-06 08:00:00,1,94,14.6,Clear,3,0,8
2025-02-06 08:00:00,2,64,33.3,Clear,3,0,8
2025-02-06 08:00:00,3,72,32.7,Clear,3,0,8
2025-02-06 08:00:00,4,89,28.4,Clear,3,0,8
2025-02-06 09:00:00,1,140,11.2,Clear,3,0,9
2025-02-06 09:00:00,2,121,16.2,Clear,3,0,9
2025-02-06 09:00:00,3,114,16.1,Clear,3,0,9
2025-02-06 09:00:00,4,130,5.6,Clear,3,0,9
2025-02-06 10:00:00,1,102,32.8,Clear,3,0,10
2025-02-06 10:00:00,2,87,20.4,Clear,3,0,10
2025-02-06 10:00:00,3,75,32.6,Clear,3,0,10
2025-02-06 10:00:00,4,103,15.4,Clear,3,0,10
2025-02-06 11:00:00,1,59,30.0,Clear,3,0,11
2025-02-06 11:00:00,2,51,40.9,Clear,3,0,11
2025-02-06 11:00:00,3,40,37.9,Clear,3,0,11
2025-02-06 11:00:00,4,67,26.7,Clear,3,0,11
2025-02-06 12:00:00,1,73,29.7,Clear,3,0,12
2025-02-06 12:00:00,2,49,41.1,Clear,3,0,12
2025-02-06 12:00:00,3,39,42.4,Clear,3,0,12
2025-02-06 12:00:00,4,56,34.3,Clear,3,0,12
2025-02-06 13:00:00,1,81,29.6,Cloudy,3,0,13
2025-02-06 13:00:00,2,76,24.2,Cloudy,3,0,13
2025-02-06 13:00:00,3,51,32.9,Cloudy,3,0,13
2025-02-06 13:00:00,4,102,18.1,Cloudy,3,0,13
2025-02-06 14:00:00,1,89,22.9,Clear,3,0,14
2025-02-06 14:00:00,2,68,31.2,Clear,3,0,14
2025-02-06 14:00:00,3,60,43.0,Clear,3,0,14
2025-02-06 14:00:00,4,72,,Clear,3,0,14
2025-02-06 15:00:00,1,53,47.8,Clear,3,0,15
2025-02-06 15:00:00,2,35,33.4,Clear,3,0,15
2025-02-06 15:00:00,3,40,49.2,Clear,3,0,15
2025-02-06 15:00:00,4,49,38.2,Clear,3,0,15
2025-02-06 16:00:00,1,73,33.1,Clear,3,0,16
2025-02-06 16:00:00,2,69,34.0,Clear,3,0,16
2025-02-06 16:00:00,3,61,27.1,Clear,3,0,16
2025-02-06 16:00:00,4,74,36.7,Clear,3,0,16
2025-02-06 17:00:00,1,113,20.5,Clear,3,0,17
2025-02-06 17:00:00,2,116,7.4,Clear,3,0,17
2025-02-06 17:00:00,3,93,14.0,Clear,3,0,17
2025-02-06 17:00:00,4,136,8.7,Clear,3,0,17
2025-02-06 18:00:00,1,148,7.1,Clear,3,0,18
2025-02-06 18:00:00,2,134,6.4,Clear,3,0,18
2025-02-06 18:00:00,3,85,31.7,Clear,3,0,18
2025-02-06 18:00:00,4,137,7.0,Clear,3,0,18
2025-02-06 19:00:00,1,123,,Clear,3,0,19
2025-02-06 19:00:00,2,97,27.0,Clear,3,0,19
2025-02-06 19:00:00,3,92,17.6,Clear,3,0,19
2025-02-06 19:00:00,4,121,13.3,Clear,3,0,19
2025-02-06 20:00:00,1,66,,Clear,3,0,20
2025-02-06 20:00:00,2,59,36.8,Clear,3,0,20
2025-02-06 20:00:00,3,51,-5,Clear,3,0,20
2025-02-06 20:00:00,4,78,22.2,Clear,3,0,20
2025-02-06 21:00:00,1,48,40.0,Clear,3,0,21
2025-02-06 21:00:00,2,32,49.1,Clear,3,0,21
2025-02-06 21:00:00,3,29,56.8,Clear,3,0,21
2025-02-06 21:00:00,4,49,41.3,Clear,3,0,21
2025-02-06 22:00:00,1,51,41.3,Clear,3,0,22
2025-02-06 22:00:00,2,28,50.9,Clear,3,0,22
2025-02-06 22:00:00,3,26,49.2,Clear,3,0,22
2025-02-06 22:00:00,4,37,49.4,Clear,3,0,22
2025-02-06 23:00:00,1,19,55.7,Clear,3,0,23
2025-02-06 23:00:00,2,10,65.3,Clear,3,0,23
2025-02-06 23:00:00,3,14,49.9,Clear,3,0,23
2025-02-06 23:00:00,4,-10,62.2,Clear,3,0,23
2025-02-07 00:00:00,1,19,53.9,Clear,4,0,0
2025-02-07 00:00:00,2,13,50.5,Clear,4,0,0
2025-02-07 00:00:00,3,12,51.6,Clear,4,0,0
2025-02-07 00:00:00,4,20,56.2,Clear,4,0,0
2025-02-07 01:00:00,1,22,53.5,Clear,4,0,1
2025-02-07 01:00:00,2,14,53.0,Clear,4,0,1
2025-02-07 01:00:00,3,14,54.2,Clear,4,0,1
2025-02-07 01:00:00,4,9,62.0,Clear,4,0,1
2025-02-07 02:00:00,1,20,58.4,Clear,4,0,2
2025-02-07 02:00:00,2,15,47.7,Clear,4,0,2
2025-02-07 02:00:00,3,11,41.0,Clear,4,0,2
2025-02-07 02:00:00,4,20,55.5,Clear,4,0,2
2025-02-07 03:00:00,1,21,49.7,Clear,4,0,3
2025-02-07 03:00:00,2,14,50.6,Clear,4,0,3
2025-02-07 03:00:00,3,15,59.2,Clear,4,0,3
2025-02-07 03:00:00,4,13,52.7,Clear,4,0,3
2025-02-07 04:00:00,1,20,44.8,Clear,4,0,4
2025-02-07 04:00:00,2,15,56.6,Clear,4,0,4
2025-02-07 04:00:00,3,15,52.6,Clear,4,0,4
2025-02-07 04:00:00,4,22,52.5,Clear,4,0,4
2025-02-07 05:00:00,1,20,45.5,Clear,4,0,5
2025-02-07 05:00:00,2,15,56.7,Clear,4,0,5
2025-02-07 05:00:00,3,12,63.2,Clear,4,0,5
2025-02-07 05:00:00,4,17,46.6,Clear,4,0,5
2025-02-07 06:00:00,1,36,55.3,Clear,4,0,6
2025-02-07 06:00:00,2,34,42.2,Clear,4,0,6
2025-02-07 06:00:00,3,31,48.8,Clear,4,0,6
2025-02-07 06:00:00,4,36,48.6,Clear,4,0,6
2025-02-07 07:00:00,1,58,43.6,Clear,4,0,7
2025-02-07 07:00:00,2,47,54.5,Clear,4,0,7
2025-02-07 07:00:00,3,45,30.1,Clear,4,0,7
2025-02-07 07:00:00,4,40,41.8,Clear,4,0,7
2025-02-07 08:00:00,1,155,5,Clear,4,0,8
2025-02-07 08:00:00,2,64,30.7,Clear,4,0,8
2025-02-07 08:00:00,3,59,27.0,Clear,4,0,8
2025-02-07 08:00:00,4,81,30.2,Clear,4,0,8
2025-02-07 09:00:00,1,160,5,Cloudy,4,0,9
2025-02-07 09:00:00,2,109,11.3,Cloudy,4,0,9
2025-02-07 09:00:00,3,104,22.2,Cloudy,4,0,9
2025-02-07 09:00:00,4,150,5,Cloudy,4,0,9
2025-02-07 10:00:00,1,127,5,Clear,4,0,10
2025-02-07 10:00:00,2,97,25.6,Clear,4,0,10
2025-02-07 10:00:00,3,52,41.5,Clear,4,0,10
2025-02-07 10:00:00,4,92,25.6,Clear,4,0,10
2025-02-07 11:00:00,1,69,31.6,Clear,4,0,11
2025-02-07 11:00:00,2,45,45.6,Clear,4,0,11
2025-02-07 11:00:00,3,47,40.9,Clear,4,0,11
2025-02-07 11:00:00,4,47,47.2,Clear,4,0,11
2025-02-07 12:00:00,1,88,27.1,Clear,4,0,12
2025-02-07 12:00:00,2,44,31.3,Clear,4,0,12
2025-02-07 12:00:00,3,36,60.9,Clear,4,0,12
2025-02-07 12:00:00,4,77,29.3,Clear,4,0,12
2025-02-07 13:00:00,1,76,25.6,Clear,4,0,13
2025-02-07 13:00:00,2,67,39.6,Clear,4,0,13
2025-02-07 13:00:00,3,52,35.4,Clear,4,0,13
2025-02-07 13:00:00,4,71,34.4,Clear,4,0,13
2025-02-07 14:00:00,1,69,27.0,Clear,4,0,14
2025-02-07 14:00:00,2,,36.0,Clear,4,0,14
2025-02-07 14:00:00,3,66,33.5,Clear,4,0,14
2025-02-07 14:00:00,4,48,30.6,Clear,4,0,14
2025-02-07 15:00:00,1,56,37.9,Clear,4,0,15
2025-02-07 15:00:00,2,48,42.2,Clear,4,0,15
2025-02-07 15:00:00,3,44,42.6,Clear,4,0,15
2025-02-07 15:00:00,4,47,38.9,Clear,4,0,15
2025-02-07 16:00:00,1,77,31.8,Clear,4,0,16
2025-02-07 16:00:00,2,66,33.6,Clear,4,0,16
2025-02-07 16:00:00,3,58,47.2,Clear,4,0,16
2025-02-07 16:00:00,4,83,16.1,Clear,4,0,16
2025-02-07 17:00:00,1,98,16.2,Light Rain,4,0,17
2025-02-07 17:00:00,2,76,18.1,Light Rain,4,0,17
2025-02-07 17:00:00,3,71,,Light Rain,4,0,17
2025-02-07 17:00:00,4,104,16.7,Light Rain,4,0,17
2025-02-07 18:00:00,1,151,5,Clear,4,0,18
2025-02-07 18:00:00,2,97,22.2,Clear,4,0,18
2025-02-07 18:00:00,3,113,21.2,Clear,4,0,18
2025-02-07 18:00:00,4,133,5,Clear,4,0,18
2025-02-07 19:00:00,1,95,18.9,Clear,4,0,19
2025-02-07 19:00:00,2,110,12.9,Clear,4,0,19
2025-02-07 19:00:00,3,77,27.2,Clear,4,0,19
2025-02-07 19:00:00,4,96,26.3,Clear,4,0,19
2025-02-07 20:00:00,1,93,22.8,Clear,4,0,20
2025-02-07 20:00:00,2,70,28.3,Clear,4,0,20
2025-02-07 20:00:00,3,49,43.8,Clear,4,0,20
2025-02-07 20:00:00,4,81,29.0,Clear,4,0,20
2025-02-07 21:00:00,1,43,53.0,Clear,4,0,21
2025-02-07 21:00:00,2,40,51.5,Clear,4,0,21
2025-02-07 21:00:00,3,32,52.7,Clear,4,0,21
2025-02-07 21:00:00,4,45,36.3,Clear,4,0,21
2025-02-07 22:00:00,1,26,48.9,Clear,4,0,22
2025-02-07 22:00:00,2,26,52.9,Clear,4,0,22
2025-02-07 22:00:00,3,17,55.7,Clear,4,0,22
2025-02-07 22:00:00,4,32,46.4,Clear,4,0,22
2025-02-07 23:00:00,1,17,47.4,Clear,4,0,23
2025-02-07 23:00:00,2,16,50.0,Clear,4,0,23
2025-02-07 23:00:00,3,12,66.0,Clear,4,0,23
2025-02-07 23:00:00,4,16,52.1,Clear,4,0,23
2025-02-08 00:00:00,1,12,57.8,Clear,5,0,0
2025-02-08 00:00:00,2,16,50.7,Clear,5,0,0
2025-02-08 00:00:00,3,17,52.4,Clear,5,0,0
2025-02-08 00:00:00,4,17,54.5,Clear,5,0,0
2025-02-08 01:00:00,1,18,51.6,Clear,5,0,1
2025-02-08 01:00:00,2,14,53.1,Clear,5,0,1
2025-02-08 01:00:00,3,12,50.9,Clear,5,0,1
2025-02-08 01:00:00,4,15,47.0,Clear,5,0,1
2025-02-08 02:00:00,1,24,,Clear,5,0,2
2025-02-08 02:00:00,2,15,50.7,Clear,5,0,2
2025-02-08 02:00:00,3,10,57.9,Clear,5,0,2
2025-02-08 02:00:00,4,,57.2,Clear,5,0,2
2025-02-08 03:00:00,1,14,37.9,Light Rain,5,0,3
2025-02-08 03:00:00,2,15,42.0,Light Rain,5,0,3
2025-02-08 03:00:00,3,11,43.0,Light Rain,5,0,3
2025-02-08 03:00:00,4,13,40.2,Light Rain,5,0,3
2025-02-08 04:00:00,1,16,48.9,Light Rain,5,0,4
2025-02-08 04:00:00,2,10,49.7,Light Rain,5,0,4
2025-02-08 04:00:00,3,11,42.6,Light Rain,5,0,4
2025-02-08 04:00:00,4,12,39.3,Light Rain,5,0,4
2025-02-08 05:00:00,1,15,41.6,Light Rain,5,0,5
2025-02-08 05:00:00,2,12,41.2,Light Rain,5,0,5
2025-02-08 05:00:00,3,11,43.0,Light Rain,5,0,5
2025-02-08 05:00:00,4,15,40.1,Light Rain,5,0,5
2025-02-08 06:00:00,1,35,37.1,Light Rain,5,0,6
2025-02-08 06:00:00,2,44,33.1,Light Rain,5,0,6
2025-02-08 06:00:00,3,30,37.5,Light Rain,5,0,6
2025-02-08 06:00:00,4,41,38.9,Light Rain,5,0,6
2025-02-08 07:00:00,1,57,49.0,Clear,5,0,7
2025-02-08 07:00:00,2,43,46.5,Clear,5,0,7
2025-02-08 07:00:00,3,35,44.9,Clear,5,0,7
2025-02-08 07:00:00,4,53,43.5,Clear,5,0,7
2025-02-08 08:00:00,1,39,30.5,Light Rain,5,0,8
2025-02-08 08:00:00,2,53,35.7,Light Rain,5,0,8
2025-02-08 08:00:00,3,41,32.4,Light Rain,5,0,8
2025-02-08 08:00:00,4,48,31.2,Light Rain,5,0,8
2025-02-08 09:00:00,1,,22.9,Clear,5,0,9
2025-02-08 09:00:00,2,35,49.4,Clear,5,0,9
2025-02-08 09:00:00,3,53,43.3,Clear,5,0,9
2025-02-08 09:00:00,4,79,32.4,Clear,5,0,9
2025-02-08 10:00:00,1,78,25.5,Light Rain,5,0,10
2025-02-08 10:00:00,2,56,27.5,Light Rain,5,0,10
2025-02-08 10:00:00,3,48,29.6,Light Rain,5,0,10
2025-02-08 10:00:00,4,55,31.8,Light Rain,5,0,10
2025-02-08 11:00:00,1,68,25.9,Light Rain,5,0,11
2025-02-08 11:00:00,2,79,24.4,Light Rain,5,0,11
2025-02-08 11:00:00,3,56,29.1,Light Rain,5,0,11
2025-02-08 11:00:00,4,74,24.2,Light Rain,5,0,11
2025-02-08 12:00:00,1,93,15.9,Light Rain,5,0,12
2025-02-08 12:00:00,2,59,29.6,Light Rain,5,0,12
2025-02-08 12:00:00,3,37,39.7,Light Rain,5,0,12
2025-02-08 12:00:00,4,50,28.8,Light Rain,5,0,12
2025-02-08 13:00:00,1,98,11.6,Light Rain,5,0,13
2025-02-08 13:00:00,2,75,28.0,Light Rain,5,0,13
2025-02-08 13:00:00,3,49,24.0,Light Rain,5,0,13
2025-02-08 13:00:00,4,66,21.7,Light Rain,5,0,13
2025-02-08 14:00:00,1,86,30.2,Clear,5,0,14
2025-02-08 14:00:00,2,60,41.3,Clear,5,0,14
2025-02-08 14:00:00,3,51,40.8,Clear,5,0,14
2025-02-08 14:00:00,4,54,45.0,Clear,5,0,14
2025-02-08 15:00:00,1,92,20.9,Light Rain,5,0,15
2025-02-08 15:00:00,2,65,32.3,Light Rain,5,0,15
2025-02-08 15:00:00,3,49,33.4,Light Rain,5,0,15
2025-02-08 15:00:00,4,64,27.2,Light Rain,5,0,15
2025-02-08 16:00:00,1,59,26.5,Light Rain,5,0,16
2025-02-08 16:00:00,2,46,34.1,Light Rain,5,0,16
2025-02-08 16:00:00,3,40,34.0,Light Rain,5,0,16
2025-02-08 16:00:00,4,54,40.6,Light Rain,5,0,16
2025-02-08 17:00:00,1,57,33.2,Light Rain,5,0,17
2025-02-08 17:00:00,2,38,35.3,Light Rain,5,0,17
2025-02-08 17:00:00,3,,40.8,Light Rain,5,0,17
2025-02-08 17:00:00,4,41,34.6,Light Rain,5,0,17
2025-02-08 18:00:00,1,45,31.0,Light Rain,5,0,18
2025-02-08 18:00:00,2,35,38.6,Light Rain,5,0,18
2025-02-08 18:00:00,3,36,36.6,Light Rain,5,0,18
2025-02-08 18:00:00,4,41,,Light Rain,5,0,18
2025-02-08 19:00:00,1,34,34.8,Light Rain,5,0,19
2025-02-08 19:00:00,2,27,37.3,Light Rain,5,0,19
2025-02-08 19:00:00,3,20,,Light Rain,5,0,19
2025-02-08 19:00:00,4,33,36.2,Light Rain,5,0,19
2025-02-08 20:00:00,1,26,42.4,Light Rain,5,0,20
2025-02-08 20:00:00,2,23,35.3,Light Rain,5,0,20
2025-02-08 20:00:00,3,18,38.1,Light Rain,5,0,20
2025-02-08 20:00:00,4,21,45.4,Light Rain,5,0,20
2025-02-08 21:00:00,1,23,43.0,Cloudy,5,0,21
2025-02-08 21:00:00,2,19,47.1,Cloudy,5,0,21
2025-02-08 21:00:00,3,14,56.8,Cloudy,5,0,21
2025-02-08 21:00:00,4,23,49.7,Cloudy,5,0,21
2025-02-08 22:00:00,1,14,46.0,Light Rain,5,0,22
2025-02-08 22:00:00,2,12,39.0,Light Rain,5,0,22
2025-02-08 22:00:00,3,12,45.3,Light Rain,5,0,22
2025-02-08 22:00:00,4,14,46.3,Light Rain,5,0,22
2025-02-08 23:00:00,1,13,45.2,Light Rain,5,0,23
2025-02-08 23:00:00,2,13,48.3,Light Rain,5,0,23
2025-02-08 23:00:00,3,8,42.3,Light Rain,5,0,23
2025-02-08 23:00:00,4,16,42.5,Light Rain,5,0,23
2025-02-09 00:00:00,1,23,48.4,Clear,6,0,0
2025-02-09 00:00:00,2,16,57.5,Clear,6,0,0
2025-02-09 00:00:00,3,12,47.9,Clear,6,0,0
2025-02-09 00:00:00,4,16,51.1,Clear,6,0,0
2025-02-09 01:00:00,1,20,52.2,Clear,6,0,1
2025-02-09 01:00:00,2,13,54.9,Clear,6,0,1
2025-02-09 01:00:00,3,12,40.5,Clear,6,0,1
2025-02-09 01:00:00,4,13,49.9,Clear,6,0,1
2025-02-09 02:00:00,1,16,50.3,Clear,6,0,2
2025-02-09 02:00:00,2,14,45.4,Clear,6,0,2
2025-02-09 02:00:00,3,10,46.4,Clear,6,0,2
2025-02-09 02:00:00,4,21,48.7,Clear,6,0,2
2025-02-09 03:00:00,1,20,57.3,Clear,6,0,3
2025-02-09 03:00:00,2,15,53.4,Clear,6,0,3
2025-02-09 03:00:00,3,12,56.0,Clear,6,0,3
2025-02-09 03:00:00,4,22,42.5,Clear,6,0,3
2025-02-09 04:00:00,1,25,49.6,Clear,6,0,4
2025-02-09 04:00:00,2,,47.5,Clear,6,0,4
2025-02-09 04:00:00,3,11,57.5,Clear,6,0,4
2025-02-09 04:00:00,4,15,60.9,Clear,6,0,4
2025-02-09 05:00:00,1,19,50.1,Clear,6,0,5
2025-02-09 05:00:00,2,12,55.4,Clear,6,0,5
2025-02-09 05:00:00,3,12,57.2,Clear,6,0,5
2025-02-09 05:00:00,4,16,48.6,Clear,6,0,5
2025-02-09 06:00:00,1,55,42.9,Clear,6,0,6
2025-02-09 06:00:00,2,37,40.2,Clear,6,0,6
2025-02-09 06:00:00,3,40,54.3,Clear,6,0,6
2025-02-09 06:00:00,4,37,46.7,Clear,6,0,6
2025-02-09 07:00:00,1,51,40.4,Clear,6,0,7
2025-02-09 07:00:00,2,61,37.1,Clear,6,0,7
2025-02-09 07:00:00,3,45,42.4,Clear,6,0,7
2025-02-09 07:00:00,4,66,28.1,Clear,6,0,7
2025-02-09 08:00:00,1,49,33.8,Clear,6,0,8
2025-02-09 08:00:00,2,43,45.4,Clear,6,0,8
2025-02-09 08:00:00,3,,36.2,Clear,6,0,8
2025-02-09 08:00:00,4,55,33.3,Clear,6,0,8
2025-02-09 09:00:00,1,67,28.1,Clear,6,0,9
2025-02-09 09:00:00,2,,30.0,Clear,6,0,9
2025-02-09 09:00:00,3,50,40.1,Clear,6,0,9
2025-02-09 09:00:00,4,74,32.9,Clear,6,0,9
2025-02-09 10:00:00,1,93,23.1,Clear,6,0,10
2025-02-09 10:00:00,2,82,23.9,Clear,6,0,10
2025-02-09 10:00:00,3,58,45.8,Clear,6,0,10
2025-02-09 10:00:00,4,75,31.1,Clear,6,0,10
2025-02-09 11:00:00,1,87,30.1,Clear,6,0,11
2025-02-09 11:00:00,2,75,27.9,Clear,6,0,11
2025-02-09 11:00:00,3,57,34.2,Clear,6,0,11
2025-02-09 11:00:00,4,65,25.2,Clear,6,0,11
2025-02-09 12:00:00,1,77,20.4,Clear,6,0,12
2025-02-09 12:00:00,2,57,27.5,Clear,6,0,12
2025-02-09 12:00:00,3,66,30.6,Clear,6,0,12
2025-02-09 12:00:00,4,98,22.1,Clear,6,0,12
2025-02-09 13:00:00,1,87,28.0,Clear,6,0,13
2025-02-09 13:00:00,2,60,30.0,Clear,6,0,13
2025-02-09 13:00:00,3,55,28.7,Clear,6,0,13
2025-02-09 13:00:00,4,82,22.7,Clear,6,0,13
2025-02-09 14:00:00,1,87,23.7,Clear,6,0,14
2025-02-09 14:00:00,2,66,35.0,Clear,6,0,14
2025-02-09 14:00:00,3,66,28.1,Clear,6,0,14
2025-02-09 14:00:00,4,72,27.8,Clear,6,0,14
2025-02-09 15:00:00,1,68,38.8,Clear,6,0,15
2025-02-09 15:00:00,2,48,30.2,Clear,6,0,15
2025-02-09 15:00:00,3,64,30.7,Clear,6,0,15
2025-02-09 15:00:00,4,70,25.0,Clear,6,0,15
2025-02-09 16:00:00,1,77,31.6,Clear,6,0,16
2025-02-09 16:00:00,2,44,50.5,Clear,6,0,16
2025-02-09 16:00:00,3,60,31.0,Clear,6,0,16
2025-02-09 16:00:00,4,51,38.5,Clear,6,0,16
2025-02-09 17:00:00,1,59,37.0,Clear,6,0,17
2025-02-09 17:00:00,2,54,41.6,Clear,6,0,17
2025-02-09 17:00:00,3,39,37.4,Clear,6,0,17
2025-02-09 17:00:00,4,51,39.0,Clear,6,0,17
2025-02-09 18:00:00,1,58,30.7,Clear,6,0,18
2025-02-09 18:00:00,2,42,41.0,Clear,6,0,18
2025-02-09 18:00:00,3,29,47.9,Clear,6,0,18
2025-02-09 18:00:00,4,32,41.0,Clear,6,0,18
2025-02-09 19:00:00,1,42,32.0,Light Rain,6,0,19
2025-02-09 19:00:00,2,24,45.7,Light Rain,6,0,19
2025-02-09 19:00:00,3,28,43.3,Light Rain,6,0,19
2025-02-09 19:00:00,4,35,42.8,Light Rain,6,0,19
2025-02-09 20:00:00,1,38,46.2,Clear,6,0,20
2025-02-09 20:00:00,2,28,54.2,Clear,6,0,20
2025-02-09 20:00:00,3,16,50.7,Clear,6,0,20
2025-02-09 20:00:00,4,25,53.5,Clear,6,0,20
2025-02-09 21:00:00,1,24,43.4,Clear,6,0,21
2025-02-09 21:00:00,2,17,58.3,Clear,6,0,21
2025-02-09 21:00:00,3,14,45.4,Clear,6,0,21
2025-02-09 21:00:00,4,22,51.8,Clear,6,0,21
2025-02-09 22:00:00,1,14,60.0,Clear,6,0,22
2025-02-09 22:00:00,2,9,55.8,Clear,6,0,22
2025-02-09 22:00:00,3,9,57.0,Clear,6,0,22
2025-02-09 22:00:00,4,19,47.2,Clear,6,0,22
2025-02-09 23:00:00,1,17,58.2,Clear,6,0,23
2025-02-09 23:00:00,2,17,46.6,Clear,6,0,23
2025-02-09 23:00:00,3,13,56.4,Clear,6,0,23
2025-02-09 23:00:00,4,17,47.1,Clear,6,0,23
2025-02-10 00:00:00,1,12,29.2,Heavy Rain,0,0,0
2025-02-10 00:00:00,2,,30.6,Heavy Rain,0,0,0
2025-02-10 00:00:00,3,7,28.7,Heavy Rain,0,0,0
2025-02-10 00:00:00,4,10,33.7,Heavy Rain,0,0,0
2025-02-10 01:00:00,1,11,30.9,Heavy Rain,0,0,1
2025-02-10 01:00:00,2,10,,Heavy Rain,0,0,1
2025-02-10 01:00:00,3,9,35.3,Heavy Rain,0,0,1
2025-02-10 01:00:00,4,12,32.5,Heavy Rain,0,0,1
2025-02-10 02:00:00,1,13,30.3,Heavy Rain,0,0,2
2025-02-10 02:00:00,2,11,30.3,Heavy Rain,0,0,2
2025-02-10 02:00:00,3,7,29.1,Heavy Rain,0,0,2
2025-02-10 02:00:00,4,10,29.6,Heavy Rain,0,0,2
2025-02-10 03:00:00,1,8,29.2,Heavy Rain,0,0,3
2025-02-10 03:00:00,2,,32.2,Heavy Rain,0,0,3
2025-02-10 03:00:00,3,7,30.9,Heavy Rain,0,0,3
2025-02-10 03:00:00,4,8,32.7,Heavy Rain,0,0,3
2025-02-10 04:00:00,1,11,31.1,Heavy Rain,0,0,4
2025-02-10 04:00:00,2,8,28.3,Heavy Rain,0,0,4
2025-02-10 04:00:00,3,9,33.8,Heavy Rain,0,0,4
2025-02-10 04:00:00,4,11,29.6,Heavy Rain,0,0,4
2025-02-10 05:00:00,1,11,25.5,Heavy Rain,0,0,5
2025-02-10 05:00:00,2,8,24.5,Heavy Rain,0,0,5
2025-02-10 05:00:00,3,500,30.1,Heavy Rain,0,0,5
2025-02-10 05:00:00,4,7,32.7,Heavy Rain,0,0,5
2025-02-10 06:00:00,1,22,31.8,Heavy Rain,0,0,6
2025-02-10 06:00:00,2,17,29.9,Heavy Rain,0,0,6
2025-02-10 06:00:00,3,11,27.3,Heavy Rain,0,0,6
2025-02-10 06:00:00,4,19,29.5,Heavy Rain,0,0,6
2025-02-10 07:00:00,1,36,30.3,Heavy Rain,0,0,7
2025-02-10 07:00:00,2,28,22.6,Heavy Rain,0,0,7
2025-02-10 07:00:00,3,27,27.9,Heavy Rain,0,0,7
2025-02-10 07:00:00,4,30,22.2,Heavy Rain,0,0,7
2025-02-10 08:00:00,1,52,22.0,Heavy Rain,0,0,8
2025-02-10 08:00:00,2,56,20.5,Heavy Rain,0,0,8
2025-02-10 08:00:00,3,35,22.1,Heavy Rain,0,0,8
2025-02-10 08:00:00,4,53,25.0,Heavy Rain,0,0,8
2025-02-10 09:00:00,1,129,18.0,Clear,0,0,9
2025-02-10 09:00:00,2,86,23.6,Clear,0,0,9
2025-02-10 09:00:00,3,74,30.7,Clear,0,0,9
2025-02-10 09:00:00,4,123,26.6,Clear,0,0,9
2025-02-10 10:00:00,1,53,25.4,Heavy Rain,0,0,10
2025-02-10 10:00:00,2,45,21.9,Heavy Rain,0,0,10
2025-02-10 10:00:00,3,47,27.9,Heavy Rain,0,0,10
2025-02-10 10:00:00,4,36,23.8,Heavy Rain,0,0,10
2025-02-10 11:00:00,1,33,27.2,Heavy Rain,0,0,11
2025-02-10 11:00:00,2,32,22.0,Heavy Rain,0,0,11
2025-02-10 11:00:00,3,23,25.7,Heavy Rain,0,0,11
2025-02-10 11:00:00,4,33,25.2,Heavy Rain,0,0,11
2025-02-10 12:00:00,1,41,25.7,Heavy Rain,0,0,12
2025-02-10 12:00:00,2,28,24.7,Heavy Rain,0,0,12
2025-02-10 12:00:00,3,29,22.9,Heavy Rain,0,0,12
2025-02-10 12:00:00,4,46,26.0,Heavy Rain,0,0,12
2025-02-10 13:00:00,1,67,20.1,Heavy Rain,0,0,13
2025-02-10 13:00:00,2,38,25.5,Heavy Rain,0,0,13
2025-02-10 13:00:00,3,36,25.5,Heavy Rain,0,0,13
2025-02-10 13:00:00,4,48,27.6,Heavy Rain,0,0,13
2025-02-10 14:00:00,1,,19.6,Heavy Rain,0,0,14
2025-02-10 14:00:00,2,30,24.3,Heavy Rain,0,0,14
2025-02-10 14:00:00,3,26,32.6,Heavy Rain,0,0,14
2025-02-10 14:00:00,4,54,22.7,Heavy Rain,0,0,14
2025-02-10 15:00:00,1,37,23.3,Heavy Rain,0,0,15
2025-02-10 15:00:00,2,28,27.6,Heavy Rain,0,0,15
2025-02-10 15:00:00,3,21,28.6,Heavy Rain,0,0,15
2025-02-10 15:00:00,4,33,24.6,Heavy Rain,0,0,15
2025-02-10 16:00:00,1,103,11.6,Cloudy,0,0,16
2025-02-10 16:00:00,2,68,34.3,Cloudy,0,0,16
2025-02-10 16:00:00,3,54,33.2,Cloudy,0,0,16
2025-02-10 16:00:00,4,73,36.3,Cloudy,0,0,16
2025-02-10 17:00:00,1,91,13.2,Heavy Rain,0,0,17
2025-02-10 17:00:00,2,53,18.5,Heavy Rain,0,0,17
2025-02-10 17:00:00,3,44,21.0,Heavy Rain,0,0,17
2025-02-10 17:00:00,4,61,13.9,Heavy Rain,0,0,17
2025-02-10 18:00:00,1,110,8.5,Heavy Rain,0,0,18
2025-02-10 18:00:00,2,88,16.4,Heavy Rain,0,0,18
2025-02-10 18:00:00,3,57,19.3,Heavy Rain,0,0,18
2025-02-10 18:00:00,4,79,18.3,Heavy Rain,0,0,18
2025-02-10 19:00:00,1,80,17.6,Heavy Rain,0,0,19
2025-02-10 19:00:00,2,73,19.0,Heavy Rain,0,0,19
2025-02-10 19:00:00,3,56,16.0,Heavy Rain,0,0,19
2025-02-10 19:00:00,4,77,16.1,Heavy Rain,0,0,19
2025-02-10 20:00:00,1,44,20.3,Heavy Rain,0,0,20
2025-02-10 20:00:00,2,45,21.4,Heavy Rain,0,0,20
2025-02-10 20:00:00,3,25,29.5,Heavy Rain,0,0,20
2025-02-10 20:00:00,4,36,27.6,Heavy Rain,0,0,20
2025-02-10 21:00:00,1,31,23.0,Heavy Rain,0,0,21
2025-02-10 21:00:00,2,27,25.1,Heavy Rain,0,0,21
2025-02-10 21:00:00,3,23,23.4,Heavy Rain,0,0,21
2025-02-10 21:00:00,4,22,29.3,Heavy Rain,0,0,21
2025-02-10 22:00:00,1,,36.7,Cloudy,0,0,22
2025-02-10 22:00:00,2,32,49.1,Cloudy,0,0,22
2025-02-10 22:00:00,3,23,45.2,Cloudy,0,0,22
2025-02-10 22:00:00,4,,43.2,Cloudy,0,0,22
2025-02-10 23:00:00,1,14,25.9,Heavy Rain,0,0,23
2025-02-10 23:00:00,2,9,30.4,Heavy Rain,0,0,23
2025-02-10 23:00:00,3,11,28.6,Heavy Rain,0,0,23
2025-02-10 23:00:00,4,9,32.0,Heavy Rain,0,0,23
2025-02-11 00:00:00,1,19,55.7,Cloudy,1,0,0
2025-02-11 00:00:00,2,18,48.8,Cloudy,1,0,0
2025-02-11 00:00:00,3,18,48.6,Cloudy,1,0,0
2025-02-11 00:00:00,4,14,55.7,Cloudy,1,0,0
2025-02-11 01:00:00,1,19,48.5,Clear,1,0,1
2025-02-11 01:00:00,2,13,54.1,Clear,1,0,1
2025-02-11 01:00:00,3,13,56.0,Clear,1,0,1
2025-02-11 01:00:00,4,19,52.4,Clear,1,0,1
2025-02-11 02:00:00,1,16,47.5,Clear,1,0,2
2025-02-11 02:00:00,2,12,58.7,Clear,1,0,2
2025-02-11 02:00:00,3,17,54.3,Clear,1,0,2
2025-02-11 02:00:00,4,14,-5,Clear,1,0,2
2025-02-11 03:00:00,1,16,53.5,Clear,1,0,3
2025-02-11 03:00:00,2,13,58.8,Clear,1,0,3
2025-02-11 03:00:00,3,14,59.3,Clear,1,0,3
2025-02-11 03:00:00,4,13,59.8,Clear,1,0,3
2025-02-11 04:00:00,1,15,38.1,Fog,1,0,4
2025-02-11 04:00:00,2,14,37.4,Fog,1,0,4
2025-02-11 04:00:00,3,7,38.8,Fog,1,0,4
2025-02-11 04:00:00,4,11,38.7,Fog,1,0,4
2025-02-11 05:00:00,1,16,54.0,Clear,1,0,5
2025-02-11 05:00:00,2,13,48.2,Clear,1,0,5
2025-02-11 05:00:00,3,12,57.8,Clear,1,0,5
2025-02-11 05:00:00,4,22,49.1,Clear,1,0,5
2025-02-11 06:00:00,1,45,52.2,Clear,1,0,6
2025-02-11 06:00:00,2,26,53.0,Clear,1,0,6
2025-02-11 06:00:00,3,27,55.9,Clear,1,0,6
2025-02-11 06:00:00,4,32,48.5,Clear,1,0,6
2025-02-11 07:00:00,1,57,32.7,Clear,1,0,7
2025-02-11 07:00:00,2,40,47.4,Clear,1,0,7
2025-02-11 07:00:00,3,39,44.9,Clear,1,0,7
2025-02-11 07:00:00,4,60,37.3,Clear,1,0,7
2025-02-11 08:00:00,1,88,38.9,Clear,1,0,8
2025-02-11 08:00:00,2,82,21.3,Clear,1,0,8
2025-02-11 08:00:00,3,57,35.0,Clear,1,0,8
2025-02-11 08:00:00,4,91,28.8,Clear,1,0,8
2025-02-11 09:00:00,1,138,,Clear,1,0,9
2025-02-11 09:00:00,2,85,29.9,Clear,1,0,9
2025-02-11 09:00:00,3,76,24.2,Clear,1,0,9
2025-02-11 09:00:00,4,105,22.3,Clear,1,0,9
2025-02-11 10:00:00,1,104,11.9,Clear,1,0,10
2025-02-11 10:00:00,2,79,34.0,Clear,1,0,10
2025-02-11 10:00:00,3,73,35.5,Clear,1,0,10
2025-02-11 10:00:00,4,78,29.3,Clear,1,0,10
2025-02-11 11:00:00,1,60,-5,Clear,1,0,11
2025-02-11 11:00:00,2,,39.1,Clear,1,0,11
2025-02-11 11:00:00,3,43,34.2,Clear,1,0,11
2025-02-11 11:00:00,4,70,28.2,Clear,1,0,11
2025-02-11 12:00:00,1,70,35.2,Clear,1,0,12
2025-02-11 12:00:00,2,63,35.1,Clear,1,0,12
2025-02-11 12:00:00,3,44,50.7,Clear,1,0,12
2025-02-11 12:00:00,4,60,38.3,Clear,1,0,12
2025-02-11 13:00:00,1,108,19.1,Clear,1,0,13
2025-02-11 13:00:00,2,88,40.3,Clear,1,0,13
2025-02-11 13:00:00,3,68,32.4,Clear,1,0,13
2025-02-11 13:00:00,4,86,24.8,Clear,1,0,13
2025-02-11 14:00:00,1,73,22.7,Clear,1,0,14
2025-02-11 14:00:00,2,50,42.6,Clear,1,0,14
2025-02-11 14:00:00,3,57,41.3,Clear,1,0,14
2025-02-11 14:00:00,4,73,22.9,Clear,1,0,14
2025-02-11 15:00:00,1,57,39.2,Clear,1,0,15
2025-02-11 15:00:00,2,38,51.0,Clear,1,0,15
2025-02-11 15:00:00,3,40,,Clear,1,0,15
2025-02-11 15:00:00,4,46,31.3,Clear,1,0,15
2025-02-11 16:00:00,1,82,22.8,Clear,1,0,16
2025-02-11 16:00:00,2,52,53.2,Clear,1,0,16
2025-02-11 16:00:00,3,52,37.7,Clear,1,0,16
2025-02-11 16:00:00,4,80,29.5,Clear,1,0,16
2025-02-11 17:00:00,1,149,5.1,Clear,1,0,17
2025-02-11 17:00:00,2,119,15.4,Clear,1,0,17
2025-02-11 17:00:00,3,83,24.5,Clear,1,0,17
2025-02-11 17:00:00,4,120,10.7,Clear,1,0,17
2025-02-11 18:00:00,1,158,5,Clear,1,0,18
2025-02-11 18:00:00,2,101,15.3,Clear,1,0,18
2025-02-11 18:00:00,3,95,20.9,Clear,1,0,18
2025-02-11 18:00:00,4,98,21.2,Clear,1,0,18
2025-02-11 19:00:00,1,78,12.6,Fog,1,0,19
2025-02-11 19:00:00,2,77,15.1,Fog,1,0,19
2025-02-11 19:00:00,3,71,25.3,Fog,1,0,19
2025-02-11 19:00:00,4,71,16.6,Fog,1,0,19
2025-02-11 20:00:00,1,79,29.6,Clear,1,0,20
2025-02-11 20:00:00,2,57,40.5,Clear,1,0,20
2025-02-11 20:00:00,3,49,37.6,Clear,1,0,20
2025-02-11 20:00:00,4,85,24.8,Clear,1,0,20
2025-02-11 21:00:00,1,43,39.5,Clear,1,0,21
2025-02-11 21:00:00,2,42,40.8,Clear,1,0,21
2025-02-11 21:00:00,3,26,43.5,Clear,1,0,21
2025-02-11 21:00:00,4,52,47.4,Clear,1,0,21
2025-02-11 22:00:00,1,37,49.8,Clear,1,0,22
2025-02-11 22:00:00,2,19,55.8,Clear,1,0,22
2025-02-11 22:00:00,3,21,59.0,Clear,1,0,22
2025-02-11 22:00:00,4,32,39.1,Clear,1,0,22
2025-02-11 23:00:00,1,20,48.1,Clear,1,0,23
2025-02-11 23:00:00,2,12,57.5,Clear,1,0,23
2025-02-11 23:00:00,3,13,56.5,Clear,1,0,23
2025-02-11 23:00:00,4,12,55.6,Clear,1,0,23
2025-02-12 00:00:00,1,21,45.3,Cloudy,2,0,0
2025-02-12 00:00:00,2,13,46.1,Cloudy,2,0,0
2025-02-12 00:00:00,3,13,42.1,Cloudy,2,0,0
2025-02-12 00:00:00,4,18,55.1,Cloudy,2,0,0
2025-02-12 01:00:00,1,14,56.5,Cloudy,2,0,1
2025-02-12 01:00:00,2,14,57.1,Cloudy,2,0,1
2025-02-12 01:00:00,3,12,50.5,Cloudy,2,0,1
2025-02-12 01:00:00,4,17,54.5,Cloudy,2,0,1
2025-02-12 02:00:00,1,16,51.3,Cloudy,2,0,2
2025-02-12 02:00:00,2,11,43.3,Cloudy,2,0,2
2025-02-12 02:00:00,3,13,54.2,Cloudy,2,0,2
2025-02-12 02:00:00,4,18,53.5,Cloudy,2,0,2
2025-02-12 03:00:00,1,14,55.6,Cloudy,2,0,3
2025-02-12 03:00:00,2,14,41.3,Cloudy,2,0,3
2025-02-12 03:00:00,3,15,59.5,Cloudy,2,0,3
2025-02-12 03:00:00,4,16,55.7,Cloudy,2,0,3
2025-02-12 04:00:00,1,15,49.3,Cloudy,2,0,4
2025-02-12 04:00:00,2,12,50.4,Cloudy,2,0,4
2025-02-12 04:00:00,3,16,54.3,Cloudy,2,0,4
2025-02-12 04:00:00,4,21,45.8,Cloudy,2,0,4
2025-02-12 05:00:00,1,21,43.4,Cloudy,2,0,5
2025-02-12 05:00:00,2,,56.2,Cloudy,2,0,5
2025-02-12 05:00:00,3,12,49.1,Cloudy,2,0,5
2025-02-12 05:00:00,4,17,45.2,Cloudy,2,0,5
2025-02-12 06:00:00,1,36,49.2,Cloudy,2,0,6
2025-02-12 06:00:00,2,27,50.9,Cloudy,2,0,6
2025-02-12 06:00:00,3,37,46.5,Cloudy,2,0,6
2025-02-12 06:00:00,4,38,37.0,Cloudy,2,0,6
2025-02-12 07:00:00,1,69,26.5,Cloudy,2,0,7
2025-02-12 07:00:00,2,53,35.2,Cloudy,2,0,7
2025-02-12 07:00:00,3,34,46.3,Cloudy,2,0,7
2025-02-12 07:00:00,4,56,29.7,Cloudy,2,0,7
2025-02-12 08:00:00,1,131,9.8,Cloudy,2,0,8
2025-02-12 08:00:00,2,90,25.6,Cloudy,2,0,8
2025-02-12 08:00:00,3,78,19.3,Cloudy,2,0,8
2025-02-12 08:00:00,4,83,27.3,Cloudy,2,0,8
2025-02-12 09:00:00,1,133,12.6,Cloudy,2,0,9
2025-02-12 09:00:00,2,127,8.2,Cloudy,2,0,9
2025-02-12 09:00:00,3,65,27.8,Cloudy,2,0,9
2025-02-12 09:00:00,4,144,5,Cloudy,2,0,9
2025-02-12 10:00:00,1,96,17.6,Cloudy,2,0,10
2025-02-12 10:00:00,2,77,23.6,Cloudy,2,0,10
2025-02-12 10:00:00,3,66,24.4,Cloudy,2,0,10
2025-02-12 10:00:00,4,114,11.8,Cloudy,2,0,10
2025-02-12 11:00:00,1,68,25.7,Cloudy,2,0,11
2025-02-12 11:00:00,2,56,42.6,Cloudy,2,0,11
2025-02-12 11:00:00,3,47,39.9,Cloudy,2,0,11
2025-02-12 11:00:00,4,49,38.9,Cloudy,2,0,11
2025-02-12 12:00:00,1,89,31.6,Cloudy,2,0,12
2025-02-12 12:00:00,2,60,36.9,Cloudy,2,0,12
2025-02-12 12:00:00,3,46,40.9,Cloudy,2,0,12
2025-02-12 12:00:00,4,52,39.8,Cloudy,2,0,12
2025-02-12 13:00:00,1,101,15.4,Cloudy,2,0,13
2025-02-12 13:00:00,2,87,23.7,Cloudy,2,0,13
2025-02-12 13:00:00,3,77,29.0,Cloudy,2,0,13
2025-02-12 13:00:00,4,74,34.7,Cloudy,2,0,13
2025-02-12 14:00:00,1,55,38.2,Cloudy,2,0,14
2025-02-12 14:00:00,2,62,38.7,Cloudy,2,0,14
2025-02-12 14:00:00,3,51,33.1,Cloudy,2,0,14
2025-02-12 14:00:00,4,56,33.1,Cloudy,2,0,14
2025-02-12 15:00:00,1,50,43.2,Cloudy,2,0,15
2025-02-12 15:00:00,2,41,42.1,Cloudy,2,0,15
2025-02-12 15:00:00,3,44,31.9,Cloudy,2,0,15
2025-02-12 15:00:00,4,38,36.2,Cloudy,2,0,15
2025-02-12 16:00:00,1,102,9.6,Cloudy,2,0,16
2025-02-12 16:00:00,2,68,21.4,Cloudy,2,0,16
2025-02-12 16:00:00,3,61,21.1,Cloudy,2,0,16
2025-02-12 16:00:00,4,76,32.6,Cloudy,2,0,16
2025-02-12 17:00:00,1,78,26.3,Cloudy,2,0,17
2025-02-12 17:00:00,2,98,11.2,Cloudy,2,0,17
2025-02-12 17:00:00,3,68,30.8,Cloudy,2,0,17
2025-02-12 17:00:00,4,96,10.0,Cloudy,2,0,17
2025-02-12 18:00:00,1,169,5,Cloudy,2,0,18
2025-02-12 18:00:00,2,124,7.4,Cloudy,2,0,18
2025-02-12 18:00:00,3,109,10.4,Cloudy,2,0,18
2025-02-12 18:00:00,4,143,7.2,Cloudy,2,0,18
2025-02-12 19:00:00,1,76,22.1,Light Rain,2,0,19
2025-02-12 19:00:00,2,94,27.5,Light Rain,2,0,19
2025-02-12 19:00:00,3,71,23.8,Light Rain,2,0,19
2025-02-12 19:00:00,4,92,20.3,Light Rain,2,0,19
2025-02-12 20:00:00,1,86,25.2,Cloudy,2,0,20
2025-02-12 20:00:00,2,64,34.3,Cloudy,2,0,20
2025-02-12 20:00:00,3,54,38.5,Cloudy,2,0,20
2025-02-12 20:00:00,4,77,26.9,Cloudy,2,0,20
2025-02-12 21:00:00,1,51,33.1,Cloudy,2,0,21
2025-02-12 21:00:00,2,38,40.9,Cloudy,2,0,21
2025-02-12 21:00:00,3,25,44.9,Cloudy,2,0,21
2025-02-12 21:00:00,4,46,36.4,Cloudy,2,0,21
2025-02-12 22:00:00,1,38,39.1,Cloudy,2,0,22
2025-02-12 22:00:00,2,35,45.4,Cloudy,2,0,22
2025-02-12 22:00:00,3,31,40.8,Cloudy,2,0,22
2025-02-12 22:00:00,4,31,42.5,Cloudy,2,0,22
2025-02-12 23:00:00,1,20,47.2,Cloudy,2,0,23
2025-02-12 23:00:00,2,13,55.7,Cloudy,2,0,23
2025-02-12 23:00:00,3,15,54.2,Cloudy,2,0,23
2025-02-12 23:00:00,4,600,56.0,Cloudy,2,0,23
2025-02-13 00:00:00,1,25,48.7,Cloudy,3,0,0
2025-02-13 00:00:00,2,17,45.2,Cloudy,3,0,0
2025-02-13 00:00:00,3,-10,48.9,Cloudy,3,0,0
2025-02-13 00:00:00,4,19,47.0,Cloudy,3,0,0
2025-02-13 01:00:00,1,19,45.7,Cloudy,3,0,1
2025-02-13 01:00:00,2,16,49.0,Cloudy,3,0,1
2025-02-13 01:00:00,3,11,52.3,Cloudy,3,0,1
2025-02-13 01:00:00,4,20,40.6,Cloudy,3,0,1
2025-02-13 02:00:00,1,21,53.1,Cloudy,3,0,2
2025-02-13 02:00:00,2,19,,Cloudy,3,0,2
2025-02-13 02:00:00,3,12,51.6,Cloudy,3,0,2
2025-02-13 02:00:00,4,16,53.3,Cloudy,3,0,2
2025-02-13 03:00:00,1,19,50.4,Cloudy,3,0,3
2025-02-13 03:00:00,2,18,41.0,Cloudy,3,0,3
2025-02-13 03:00:00,3,15,45.6,Cloudy,3,0,3
2025-02-13 03:00:00,4,15,48.9,Cloudy,3,0,3
2025-02-13 04:00:00,1,30,43.7,Cloudy,3,0,4
2025-02-13 04:00:00,2,15,51.0,Cloudy,3,0,4
2025-02-13 04:00:00,3,15,46.4,Cloudy,3,0,4
2025-02-13 04:00:00,4,18,51.5,Cloudy,3,0,4
2025-02-13 05:00:00,1,25,42.0,Cloudy,3,0,5
2025-02-13 05:00:00,2,18,49.9,Cloudy,3,0,5
2025-02-13 05:00:00,3,12,55.0,Cloudy,3,0,5
2025-02-13 05:00:00,4,16,49.1,Cloudy,3,0,5
2025-02-13 06:00:00,1,35,41.4,Cloudy,3,0,6
2025-02-13 06:00:00,2,32,41.0,Cloudy,3,0,6
2025-02-13 06:00:00,3,26,42.4,Cloudy,3,0,6
2025-02-13 06:00:00,4,43,42.4,Cloudy,3,0,6
2025-02-13 07:00:00,1,61,30.6,Cloudy,3,0,7
2025-02-13 07:00:00,2,42,41.6,Cloudy,3,0,7
2025-02-13 07:00:00,3,55,42.0,Cloudy,3,0,7
2025-02-13 07:00:00,4,49,39.9,Cloudy,3,0,7
2025-02-13 08:00:00,1,114,17.0,Cloudy,3,0,8
2025-02-13 08:00:00,2,63,25.7,Cloudy,3,0,8
2025-02-13 08:00:00,3,93,15.9,Cloudy,3,0,8
2025-02-13 08:00:00,4,103,28.3,Cloudy,3,0,8
2025-02-13 09:00:00,1,114,18.9,Cloudy,3,0,9
2025-02-13 09:00:00,2,109,14.1,Cloudy,3,0,9
2025-02-13 09:00:00,3,105,13.3,Cloudy,3,0,9
2025-02-13 09:00:00,4,152,5,Cloudy,3,0,9
2025-02-13 10:00:00,1,108,18.4,Cloudy,3,0,10
2025-02-13 10:00:00,2,120,10.9,Cloudy,3,0,10
2025-02-13 10:00:00,3,91,20.6,Cloudy,3,0,10
2025-02-13 10:00:00,4,122,12.6,Cloudy,3,0,10
2025-02-13 11:00:00,1,73,28.0,Cloudy,3,0,11
2025-02-13 11:00:00,2,71,24.6,Cloudy,3,0,11
2025-02-13 11:00:00,3,40,41.0,Cloudy,3,0,11
2025-02-13 11:00:00,4,76,32.1,Cloudy,3,0,11
2025-02-13 12:00:00,1,59,35.7,Cloudy,3,0,12
2025-02-13 12:00:00,2,59,28.7,Cloudy,3,0,12
2025-02-13 12:00:00,3,62,34.9,Cloudy,3,0,12
2025-02-13 12:00:00,4,60,,Cloudy,3,0,12
2025-02-13 13:00:00,1,101,18.0,Cloudy,3,0,13
2025-02-13 13:00:00,2,94,25.3,Cloudy,3,0,13
2025-02-13 13:00:00,3,65,24.1,Cloudy,3,0,13
2025-02-13 13:00:00,4,81,35.0,Cloudy,3,0,13
2025-02-13 14:00:00,1,71,35.8,Cloudy,3,0,14
2025-02-13 14:00:00,2,47,38.9,Cloudy,3,0,14
2025-02-13 14:00:00,3,46,35.6,Cloudy,3,0,14
2025-02-13 14:00:00,4,69,32.9,Cloudy,3,0,14
2025-02-13 15:00:00,1,51,34.0,Cloudy,3,0,15
2025-02-13 15:00:00,2,35,37.9,Cloudy,3,0,15
2025-02-13 15:00:00,3,39,41.5,Cloudy,3,0,15
2025-02-13 15:00:00,4,-10,44.3,Cloudy,3,0,15
2025-02-13 16:00:00,1,85,18.4,Cloudy,3,0,16
2025-02-13 16:00:00,2,85,20.7,Cloudy,3,0,16
2025-02-13 16:00:00,3,63,26.6,Cloudy,3,0,16
2025-02-13 16:00:00,4,54,38.3,Cloudy,3,0,16
2025-02-13 17:00:00,1,142,8.6,Cloudy,3,0,17
2025-02-13 17:00:00,2,98,21.4,Cloudy,3,0,17
2025-02-13 17:00:00,3,58,29.0,Cloudy,3,0,17
2025-02-13 17:00:00,4,100,13.1,Cloudy,3,0,17
2025-02-13 18:00:00,1,172,5,Cloudy,3,0,18
2025-02-13 18:00:00,2,91,16.6,Cloudy,3,0,18
2025-02-13 18:00:00,3,115,10.6,Cloudy,3,0,18
2025-02-13 18:00:00,4,144,5,Cloudy,3,0,18
2025-02-13 19:00:00,1,125,15.5,Cloudy,3,0,19
2025-02-13 19:00:00,2,97,26.4,Cloudy,3,0,19
2025-02-13 19:00:00,3,89,26.0,Cloudy,3,0,19
2025-02-13 19:00:00,4,101,23.4,Cloudy,3,0,19
2025-02-13 20:00:00,1,112,20.5,Cloudy,3,0,20
2025-02-13 20:00:00,2,59,39.2,Cloudy,3,0,20
2025-02-13 20:00:00,3,61,37.6,Cloudy,3,0,20
2025-02-13 20:00:00,4,,28.0,Cloudy,3,0,20
2025-02-13 21:00:00,1,52,41.4,Cloudy,3,0,21
2025-02-13 21:00:00,2,43,45.6,Cloudy,3,0,21
2025-02-13 21:00:00,3,29,41.2,Cloudy,3,0,21
2025-02-13 21:00:00,4,49,38.0,Cloudy,3,0,21
2025-02-13 22:00:00,1,34,51.4,Cloudy,3,0,22
2025-02-13 22:00:00,2,28,45.8,Cloudy,3,0,22
2025-02-13 22:00:00,3,24,48.4,Cloudy,3,0,22
2025-02-13 22:00:00,4,33,52.2,Cloudy,3,0,22
2025-02-13 23:00:00,1,19,47.9,Cloudy,3,0,23
2025-02-13 23:00:00,2,15,46.2,Cloudy,3,0,23
2025-02-13 23:00:00,3,16,62.1,Cloudy,3,0,23
2025-02-13 23:00:00,4,19,57.8,Cloudy,3,0,23
2025-02-14 00:00:00,1,21,54.2,Cloudy,4,0,0
2025-02-14 00:00:00,2,15,62.4,Cloudy,4,0,0
2025-02-14 00:00:00,3,14,54.6,Cloudy,4,0,0
2025-02-14 00:00:00,4,18,39.1,Cloudy,4,0,0
2025-02-14 01:00:00,1,22,49.8,Cloudy,4,0,1
2025-02-14 01:00:00,2,16,47.1,Cloudy,4,0,1
2025-02-14 01:00:00,3,12,60.8,Cloudy,4,0,1
2025-02-14 01:00:00,4,17,46.9,Cloudy,4,0,1
2025-02-14 02:00:00,1,20,51.2,Cloudy,4,0,2
2025-02-14 02:00:00,2,14,56.8,Cloudy,4,0,2
2025-02-14 02:00:00,3,15,53.2,Cloudy,4,0,2
2025-02-14 02:00:00,4,17,47.2,Cloudy,4,0,2
2025-02-14 03:00:00,1,14,44.2,Light Rain,4,0,3
2025-02-14 03:00:00,2,14,41.1,Light Rain,4,0,3
2025-02-14 03:00:00,3,,43.3,Light Rain,4,0,3
2025-02-14 03:00:00,4,15,41.9,Light Rain,4,0,3
2025-02-14 04:00:00,1,20,50.0,Cloudy,4,0,4
2025-02-14 04:00:00,2,15,52.8,Cloudy,4,0,4
2025-02-14 04:00:00,3,12,47.2,Cloudy,4,0,4
2025-02-14 04:00:00,4,18,49.9,Cloudy,4,0,4
2025-02-14 05:00:00,1,12,27.5,Heavy Rain,4,0,5
2025-02-14 05:00:00,2,10,27.9,Heavy Rain,4,0,5
2025-02-14 05:00:00,3,9,30.6,Heavy Rain,4,0,5
2025-02-14 05:00:00,4,12,29.7,Heavy Rain,4,0,5
2025-02-14 06:00:00,1,40,41.2,Cloudy,4,0,6
2025-02-14 06:00:00,2,25,51.1,Cloudy,4,0,6
2025-02-14 06:00:00,3,24,48.2,Cloudy,4,0,6
2025-02-14 06:00:00,4,40,46.4,Cloudy,4,0,6
2025-02-14 07:00:00,1,59,39.8,Cloudy,4,0,7
2025-02-14 07:00:00,2,49,46.4,Cloudy,4,0,7
2025-02-14 07:00:00,3,36,38.9,Cloudy,4,0,7
2025-02-14 07:00:00,4,56,40.8,Cloudy,4,0,7
2025-02-14 08:00:00,1,84,23.8,Cloudy,4,0,8
2025-02-14 08:00:00,2,89,21.9,Cloudy,4,0,8
2025-02-14 08:00:00,3,69,34.4,Cloudy,4,0,8
2025-02-14 08:00:00,4,117,9.1,Cloudy,4,0,8
2025-02-14 09:00:00,1,153,5,Cloudy,4,0,9
2025-02-14 09:00:00,2,,27.4,Cloudy,4,0,9
2025-02-14 09:00:00,3,79,27.7,Cloudy,4,0,9
2025-02-14 09:00:00,4,125,8.8,Cloudy,4,0,9
2025-02-14 10:00:00,1,108,20.0,Cloudy,4,0,10
2025-02-14 10:00:00,2,64,32.3,Cloudy,4,0,10
2025-02-14 10:00:00,3,65,30.0,Cloudy,4,0,10
2025-02-14 10:00:00,4,,26.9,Cloudy,4,0,10
2025-02-14 11:00:00,1,68,30.2,Cloudy,4,0,11
2025-02-14 11:00:00,2,,36.1,Cloudy,4,0,11
2025-02-14 11:00:00,3,57,35.0,Cloudy,4,0,11
2025-02-14 11:00:00,4,69,36.2,Cloudy,4,0,11
2025-02-14 12:00:00,1,600,35.2,Cloudy,4,0,12
2025-02-14 12:00:00,2,71,37.4,Cloudy,4,0,12
2025-02-14 12:00:00,3,64,23.1,Cloudy,4,0,12
2025-02-14 12:00:00,4,75,29.5,Cloudy,4,0,12
2025-02-14 13:00:00,1,101,18.8,Cloudy,4,0,13
2025-02-14 13:00:00,2,80,32.2,Cloudy,4,0,13
2025-02-14 13:00:00,3,56,31.6,Cloudy,4,0,13
2025-02-14 13:00:00,4,76,30.8,Cloudy,4,0,13
2025-02-14 14:00:00,1,87,30.7,Cloudy,4,0,14
2025-02-14 14:00:00,2,46,44.3,Cloudy,4,0,14
2025-02-14 14:00:00,3,69,33.7,Cloudy,4,0,14
2025-02-14 14:00:00,4,74,34.7,Cloudy,4,0,14
2025-02-14 15:00:00,1,,40.8,Cloudy,4,0,15
2025-02-14 15:00:00,2,48,29.4,Cloudy,4,0,15
2025-02-14 15:00:00,3,43,34.5,Cloudy,4,0,15
2025-02-14 15:00:00,4,38,36.8,Cloudy,4,0,15
2025-02-14 16:00:00,1,94,20.6,Cloudy,4,0,16
2025-02-14 16:00:00,2,80,32.6,Cloudy,4,0,16
2025-02-14 16:00:00,3,57,37.0,Cloudy,4,0,16
2025-02-14 16:00:00,4,74,150,Cloudy,4,0,16
2025-02-14 17:00:00,1,205,5,Cloudy,4,0,17
2025-02-14 17:00:00,2,96,20.2,Cloudy,4,0,17
2025-02-14 17:00:00,3,82,28.5,Cloudy,4,0,17
2025-02-14 17:00:00,4,103,18.5,Cloudy,4,0,17
2025-02-14 18:00:00,1,139,5.3,Cloudy,4,0,18
2025-02-14 18:00:00,2,110,13.1,Cloudy,4,0,18
2025-02-14 18:00:00,3,103,-5,Cloudy,4,0,18
2025-02-14 18:00:00,4,151,5,Cloudy,4,0,18
2025-02-14 19:00:00,1,154,5,Cloudy,4,0,19
2025-02-14 19:00:00,2,120,12.4,Cloudy,4,0,19
2025-02-14 19:00:00,3,85,29.0,Cloudy,4,0,19
2025-02-14 19:00:00,4,134,5,Cloudy,4,0,19
2025-02-14 20:00:00,1,74,28.4,Cloudy,4,0,20
2025-02-14 20:00:00,2,61,35.1,Cloudy,4,0,20
2025-02-14 20:00:00,3,58,29.8,Cloudy,4,0,20
2025-02-14 20:00:00,4,66,30.1,Cloudy,4,0,20
2025-02-14 21:00:00,1,62,39.8,Cloudy,4,0,21
2025-02-14 21:00:00,2,43,40.5,Cloudy,4,0,21
2025-02-14 21:00:00,3,44,37.3,Cloudy,4,0,21
2025-02-14 21:00:00,4,45,46.9,Cloudy,4,0,21
2025-02-14 22:00:00,1,41,40.2,Cloudy,4,0,22
2025-02-14 22:00:00,2,28,41.9,Cloudy,4,0,22
2025-02-14 22:00:00,3,24,42.0,Cloudy,4,0,22
2025-02-14 22:00:00,4,31,46.7,Cloudy,4,0,22
2025-02-14 23:00:00,1,21,55.0,Cloudy,4,0,23
2025-02-14 23:00:00,2,12,52.7,Cloudy,4,0,23
2025-02-14 23:00:00,3,12,57.2,Cloudy,4,0,23
2025-02-14 23:00:00,4,21,43.8,Cloudy,4,0,23
2025-02-15 00:00:00,1,14,37.5,Fog,5,0,0
2025-02-15 00:00:00,2,12,34.6,Fog,5,0,0
2025-02-15 00:00:00,3,10,33.2,Fog,5,0,0
2025-02-15 00:00:00,4,15,35.9,Fog,5,0,0
2025-02-15 01:00:00,1,14,37.5,Fog,5,0,1
2025-02-15 01:00:00,2,600,45.2,Fog,5,0,1
2025-02-15 01:00:00,3,10,41.2,Fog,5,0,1
2025-02-15 01:00:00,4,9,41.6,Fog,5,0,1
2025-02-15 02:00:00,1,15,35.3,Fog,5,0,2
2025-02-15 02:00:00,2,14,39.3,Fog,5,0,2
2025-02-15 02:00:00,3,9,37.8,Fog,5,0,2
2025-02-15 02:00:00,4,12,41.5,Fog,5,0,2
2025-02-15 03:00:00,1,18,35.9,Fog,5,0,3
2025-02-15 03:00:00,2,10,33.7,Fog,5,0,3
2025-02-15 03:00:00,3,12,32.8,Fog,5,0,3
2025-02-15 03:00:00,4,14,36.5,Fog,5,0,3
2025-02-15 04:00:00,1,12,32.6,Fog,5,0,4
2025-02-15 04:00:00,2,9,38.8,Fog,5,0,4
2025-02-15 04:00:00,3,10,35.9,Fog,5,0,4
2025-02-15 04:00:00,4,12,39.5,Fog,5,0,4
2025-02-15 05:00:00,1,19,54.9,Clear,5,0,5
2025-02-15 05:00:00,2,17,49.6,Clear,5,0,5
2025-02-15 05:00:00,3,13,58.4,Clear,5,0,5
2025-02-15 05:00:00,4,18,56.9,Clear,5,0,5
2025-02-15 06:00:00,1,36,30.1,Fog,5,0,6
2025-02-15 06:00:00,2,33,26.9,Fog,5,0,6
2025-02-15 06:00:00,3,21,29.9,Fog,5,0,6
2025-02-15 06:00:00,4,37,24.3,Fog,5,0,6
2025-02-15 07:00:00,1,48,25.7,Fog,5,0,7
2025-02-15 07:00:00,2,30,28.8,Fog,5,0,7
2025-02-15 07:00:00,3,30,27.0,Fog,5,0,7
2025-02-15 07:00:00,4,40,26.7,Fog,5,0,7
2025-02-15 08:00:00,1,57,25.3,Fog,5,0,8
2025-02-15 08:00:00,2,44,30.5,Fog,5,0,8
2025-02-15 08:00:00,3,40,30.9,Fog,5,0,8
2025-02-15 08:00:00,4,41,32.1,Fog,5,0,8
2025-02-15 09:00:00,1,61,21.1,Fog,5,0,9
2025-02-15 09:00:00,2,40,32.0,Fog,5,0,9
2025-02-15 09:00:00,3,43,28.4,Fog,5,0,9
2025-02-15 09:00:00,4,54,28.9,Fog,5,0,9
2025-02-15 10:00:00,1,71,22.4,Fog,5,0,10
2025-02-15 10:00:00,2,52,21.6,Fog,5,0,10
2025-02-15 10:00:00,3,41,24.3,Fog,5,0,10
2025-02-15 10:00:00,4,35,31.6,Fog,5,0,10
2025-02-15 11:00:00,1,60,23.1,Fog,5,0,11
2025-02-15 11:00:00,2,52,22.8,Fog,5,0,11
2025-02-15 11:00:00,3,36,25.4,Fog,5,0,11
2025-02-15 11:00:00,4,71,22.6,Fog,5,0,11
2025-02-15 12:00:00,1,65,23.8,Fog,5,0,12
2025-02-15 12:00:00,2,72,21.3,Fog,5,0,12
2025-02-15 12:00:00,3,41,27.8,Fog,5,0,12
2025-02-15 12:00:00,4,69,21.3,Fog,5,0,12
2025-02-15 13:00:00,1,66,21.8,Fog,5,0,13
2025-02-15 13:00:00,2,48,24.9,Fog,5,0,13
2025-02-15 13:00:00,3,46,25.3,Fog,5,0,13
2025-02-15 13:00:00,4,57,22.0,Fog,5,0,13
2025-02-15 14:00:00,1,63,19.9,Fog,5,0,14
2025-02-15 14:00:00,2,49,34.0,Fog,5,0,14
2025-02-15 14:00:00,3,52,26.3,Fog,5,0,14
2025-02-15 14:00:00,4,56,23.0,Fog,5,0,14
2025-02-15 15:00:00,1,64,22.4,Fog,5,0,15
2025-02-15 15:00:00,2,36,25.9,Fog,5,0,15
2025-02-15 15:00:00,3,41,26.7,Fog,5,0,15
2025-02-15 15:00:00,4,51,24.1,Fog,5,0,15
2025-02-15 16:00:00,1,65,21.6,Fog,5,0,16
2025-02-15 16:00:00,2,52,23.7,Fog,5,0,16
2025-02-15 16:00:00,3,39,27.3,Fog,5,0,16
2025-02-15 16:00:00,4,49,20.4,Fog,5,0,16
2025-02-15 17:00:00,1,42,27.4,Fog,5,0,17
2025-02-15 17:00:00,2,39,29.1,Fog,5,0,17
2025-02-15 17:00:00,3,32,30.3,Fog,5,0,17
2025-02-15 17:00:00,4,44,21.5,Fog,5,0,17
2025-02-15 18:00:00,1,44,26.8,Fog,5,0,18
2025-02-15 18:00:00,2,31,33.6,Fog,5,0,18
2025-02-15 18:00:00,3,17,29.2,Fog,5,0,18
2025-02-15 18:00:00,4,35,27.7,Fog,5,0,18
2025-02-15 19:00:00,1,31,36.5,Fog,5,0,19
2025-02-15 19:00:00,2,31,30.1,Fog,5,0,19
2025-02-15 19:00:00,3,22,26.6,Fog,5,0,19
2025-02-15 19:00:00,4,29,36.3,Fog,5,0,19
2025-02-15 20:00:00,1,18,36.5,Fog,5,0,20
2025-02-15 20:00:00,2,17,33.0,Fog,5,0,20
2025-02-15 20:00:00,3,16,29.5,Fog,5,0,20
2025-02-15 20:00:00,4,26,28.1,Fog,5,0,20
2025-02-15 21:00:00,1,22,35.0,Fog,5,0,21
2025-02-15 21:00:00,2,16,31.5,Fog,5,0,21
2025-02-15 21:00:00,3,16,32.6,Fog,5,0,21
2025-02-15 21:00:00,4,16,37.2,Fog,5,0,21
2025-02-15 22:00:00,1,13,35.6,Fog,5,0,22
2025-02-15 22:00:00,2,12,29.6,Fog,5,0,22
2025-02-15 22:00:00,3,11,33.4,Fog,5,0,22
2025-02-15 22:00:00,4,9,37.9,Fog,5,0,22
2025-02-15 23:00:00,1,14,37.7,Fog,5,0,23
2025-02-15 23:00:00,2,8,41.7,Fog,5,0,23
2025-02-15 23:00:00,3,10,40.7,Fog,5,0,23
2025-02-15 23:00:00,4,16,36.8,Fog,5,0,23
2025-02-16 00:00:00,1,20,59.4,Clear,6,0,0
2025-02-16 00:00:00,2,13,55.4,Clear,6,0,0
2025-02-16 00:00:00,3,14,53.4,Clear,6,0,0
2025-02-16 00:00:00,4,10,58.7,Clear,6,0,0
2025-02-16 01:00:00,1,19,52.1,Clear,6,0,1
2025-02-16 01:00:00,2,16,,Clear,6,0,1
2025-02-16 01:00:00,3,11,53.2,Clear,6,0,1
2025-02-16 01:00:00,4,17,61.6,Clear,6,0,1
2025-02-16 02:00:00,1,17,54.3,Clear,6,0,2
2025-02-16 02:00:00,2,16,59.2,Clear,6,0,2
2025-02-16 02:00:00,3,11,55.9,Clear,6,0,2
2025-02-16 02:00:00,4,15,57.7,Clear,6,0,2
2025-02-16 03:00:00,1,18,53.2,Clear,6,0,3
2025-02-16 03:00:00,2,11,52.1,Clear,6,0,3
2025-02-16 03:00:00,3,13,62.2,Clear,6,0,3
2025-02-16 03:00:00,4,18,43.4,Clear,6,0,3
2025-02-16 04:00:00,1,24,61.6,Clear,6,0,4
2025-02-16 04:00:00,2,-10,59.4,Clear,6,0,4
2025-02-16 04:00:00,3,11,66.2,Clear,6,0,4
2025-02-16 04:00:00,4,17,53.7,Clear,6,0,4
2025-02-16 05:00:00,1,20,59.0,Clear,6,0,5
2025-02-16 05:00:00,2,18,55.6,Clear,6,0,5
2025-02-16 05:00:00,3,13,61.3,Clear,6,0,5
2025-02-16 05:00:00,4,,60.9,Clear,6,0,5
2025-02-16 06:00:00,1,63,32.4,Clear,6,0,6
2025-02-16 06:00:00,2,46,39.5,Clear,6,0,6
2025-02-16 06:00:00,3,39,45.2,Clear,6,0,6
2025-02-16 06:00:00,4,34,40.2,Clear,6,0,6
2025-02-16 07:00:00,1,63,42.4,Clear,6,0,7
2025-02-16 07:00:00,2,40,-5,Clear,6,0,7
2025-02-16 07:00:00,3,44,48.0,Clear,6,0,7
2025-02-16 07:00:00,4,38,41.0,Clear,6,0,7
2025-02-16 08:00:00,1,79,29.8,Clear,6,0,8
2025-02-16 08:00:00,2,59,26.2,Clear,6,0,8
2025-02-16 08:00:00,3,42,35.2,Clear,6,0,8
2025-02-16 08:00:00,4,52,42.3,Clear,6,0,8
2025-02-16 09:00:00,1,70,39.3,Clear,6,0,9
2025-02-16 09:00:00,2,60,35.1,Clear,6,0,9
2025-02-16 09:00:00,3,42,35.2,Clear,6,0,9
2025-02-16 09:00:00,4,62,36.0,Clear,6,0,9
2025-02-16 10:00:00,1,82,23.4,Clear,6,0,10
2025-02-16 10:00:00,2,60,37.1,Clear,6,0,10
2025-02-16 10:00:00,3,54,37.6,Clear,6,0,10
2025-02-16 10:00:00,4,82,31.2,Clear,6,0,10
2025-02-16 11:00:00,1,98,20.8,Clear,6,0,11
2025-02-16 11:00:00,2,56,,Clear,6,0,11
2025-02-16 11:00:00,3,71,30.5,Clear,6,0,11
2025-02-16 11:00:00,4,74,28.3,Clear,6,0,11
2025-02-16 12:00:00,1,89,30.8,Clear,6,0,12
2025-02-16 12:00:00,2,79,20.9,Clear,6,0,12
2025-02-16 12:00:00,3,62,150,Clear,6,0,12
2025-02-16 12:00:00,4,83,19.3,Clear,6,0,12
2025-02-16 13:00:00,1,115,21.4,Clear,6,0,13
2025-02-16 13:00:00,2,82,26.2,Clear,6,0,13
2025-02-16 13:00:00,3,70,29.3,Clear,6,0,13
2025-02-16 13:00:00,4,92,13.2,Clear,6,0,13
2025-02-16 14:00:00,1,93,23.3,Clear,6,0,14
2025-02-16 14:00:00,2,74,37.7,Clear,6,0,14
2025-02-16 14:00:00,3,72,31.8,Clear,6,0,14
2025-02-16 14:00:00,4,68,30.4,Clear,6,0,14
2025-02-16 15:00:00,1,88,20.9,Clear,6,0,15
2025-02-16 15:00:00,2,63,32.2,Clear,6,0,15
2025-02-16 15:00:00,3,54,45.6,Clear,6,0,15
2025-02-16 15:00:00,4,68,27.5,Clear,6,0,15
2025-02-16 16:00:00,1,79,28.3,Clear,6,0,16
2025-02-16 16:00:00,2,58,28.2,Clear,6,0,16
2025-02-16 16:00:00,3,46,43.3,Clear,6,0,16
2025-02-16 16:00:00,4,58,42.1,Clear,6,0,16
2025-02-16 17:00:00,1,49,39.5,Clear,6,0,17
2025-02-16 17:00:00,2,50,40.4,Clear,6,0,17
2025-02-16 17:00:00,3,42,35.8,Clear,6,0,17
2025-02-16 17:00:00,4,49,39.2,Clear,6,0,17
2025-02-16 18:00:00,1,64,41.2,Clear,6,0,18
2025-02-16 18:00:00,2,43,33.4,Clear,6,0,18
2025-02-16 18:00:00,3,29,43.7,Clear,6,0,18
2025-02-16 18:00:00,4,40,49.1,Clear,6,0,18
2025-02-16 19:00:00,1,43,46.6,Clear,6,0,19
2025-02-16 19:00:00,2,36,51.7,Clear,6,0,19
2025-02-16 19:00:00,3,27,46.9,Clear,6,0,19
2025-02-16 19:00:00,4,27,44.6,Clear,6,0,19
2025-02-16 20:00:00,1,41,41.7,Clear,6,0,20
2025-02-16 20:00:00,2,21,50.3,Clear,6,0,20
2025-02-16 20:00:00,3,26,48.1,Clear,6,0,20
2025-02-16 20:00:00,4,30,51.5,Clear,6,0,20
2025-02-16 21:00:00,1,26,43.0,Clear,6,0,21
2025-02-16 21:00:00,2,16,49.6,Clear,6,0,21
2025-02-16 21:00:00,3,19,50.8,Clear,6,0,21
2025-02-16 21:00:00,4,,50.0,Clear,6,0,21
2025-02-16 22:00:00,1,-10,48.8,Clear,6,0,22
2025-02-16 22:00:00,2,11,58.7,Clear,6,0,22
2025-02-16 22:00:00,3,12,65.8,Clear,6,0,22
2025-02-16 22:00:00,4,18,52.2,Clear,6,0,22
2025-02-16 23:00:00,1,23,57.9,Clear,6,0,23
2025-02-16 23:00:00,2,18,61.1,Clear,6,0,23
2025-02-16 23:00:00,3,12,51.4,Clear,6,0,23
2025-02-16 23:00:00,4,16,55.4,Clear,6,0,23
2025-02-17 00:00:00,1,17,45.1,Clear,0,0,0
2025-02-17 00:00:00,2,12,58.9,Clear,0,0,0
2025-02-17 00:00:00,3,15,47.1,Clear,0,0,0
2025-02-17 00:00:00,4,12,55.7,Clear,0,0,0
2025-02-17 01:00:00,1,23,54.4,Clear,0,0,1
2025-02-17 01:00:00,2,13,58.1,Clear,0,0,1
2025-02-17 01:00:00,3,15,62.5,Clear,0,0,1
2025-02-17 01:00:00,4,19,49.3,Clear,0,0,1
2025-02-17 02:00:00,1,17,49.9,Clear,0,0,2
2025-02-17 02:00:00,2,13,54.8,Clear,0,0,2
2025-02-17 02:00:00,3,13,56.1,Clear,0,0,2
2025-02-17 02:00:00,4,12,52.7,Clear,0,0,2
2025-02-17 03:00:00,1,21,49.9,Clear,0,0,3
2025-02-17 03:00:00,2,16,42.4,Clear,0,0,3
2025-02-17 03:00:00,3,12,46.9,Clear,0,0,3
2025-02-17 03:00:00,4,,53.1,Clear,0,0,3
2025-02-17 04:00:00,1,18,53.6,Clear,0,0,4
2025-02-17 04:00:00,2,15,61.0,Clear,0,0,4
2025-02-17 04:00:00,3,12,49.7,Clear,0,0,4
2025-02-17 04:00:00,4,20,44.4,Clear,0,0,4
2025-02-17 05:00:00,1,18,56.8,Clear,0,0,5
2025-02-17 05:00:00,2,15,61.0,Clear,0,0,5
2025-02-17 05:00:00,3,9,59.9,Clear,0,0,5
2025-02-17 05:00:00,4,19,51.6,Clear,0,0,5
2025-02-17 06:00:00,1,38,51.3,Clear,0,0,6
2025-02-17 06:00:00,2,32,50.4,Clear,0,0,6
2025-02-17 06:00:00,3,20,48.4,Clear,0,0,6
2025-02-17 06:00:00,4,26,55.2,Clear,0,0,6
2025-02-17 07:00:00,1,49,31.0,Clear,0,0,7
2025-02-17 07:00:00,2,42,36.4,Clear,0,0,7
2025-02-17 07:00:00,3,36,50.1,Clear,0,0,7
2025-02-17 07:00:00,4,57,43.6,Clear,0,0,7
2025-02-17 08:00:00,1,112,18.6,Clear,0,0,8
2025-02-17 08:00:00,2,87,26.2,Clear,0,0,8
2025-02-17 08:00:00,3,78,29.3,Clear,0,0,8
2025-02-17 08:00:00,4,99,23.2,Clear,0,0,8
2025-02-17 09:00:00,1,142,5,Clear,0,0,9
2025-02-17 09:00:00,2,76,32.1,Clear,0,0,9
2025-02-17 09:00:00,3,86,26.5,Clear,0,0,9
2025-02-17 09:00:00,4,100,15.4,Clear,0,0,9
2025-02-17 10:00:00,1,85,26.2,Clear,0,0,10
2025-02-17 10:00:00,2,74,36.9,Clear,0,0,10
2025-02-17 10:00:00,3,65,35.5,Clear,0,0,10
2025-02-17 10:00:00,4,75,27.5,Clear,0,0,10
2025-02-17 11:00:00,1,80,37.1,Clear,0,0,11
2025-02-17 11:00:00,2,37,45.2,Clear,0,0,11
2025-02-17 11:00:00,3,42,40.9,Clear,0,0,11
2025-02-17 11:00:00,4,57,38.8,Clear,0,0,11
2025-02-17 12:00:00,1,66,30.9,Clear,0,0,12
2025-02-17 12:00:00,2,60,35.0,Clear,0,0,12
2025-02-17 12:00:00,3,54,40.1,Clear,0,0,12
2025-02-17 12:00:00,4,67,36.2,Clear,0,0,12
2025-02-17 13:00:00,1,101,26.7,Clear,0,0,13
2025-02-17 13:00:00,2,76,34.5,Clear,0,0,13
2025-02-17 13:00:00,3,68,26.6,Clear,0,0,13
2025-02-17 13:00:00,4,,28.7,Clear,0,0,13
2025-02-17 14:00:00,1,73,34.9,Clear,0,0,14
2025-02-17 14:00:00,2,52,40.6,Clear,0,0,14
2025-02-17 14:00:00,3,55,34.7,Clear,0,0,14
2025-02-17 14:00:00,4,66,35.3,Clear,0,0,14
2025-02-17 15:00:00,1,61,37.4,Clear,0,0,15
2025-02-17 15:00:00,2,31,39.3,Clear,0,0,15
2025-02-17 15:00:00,3,34,49.9,Clear,0,0,15
2025-02-17 15:00:00,4,43,33.8,Clear,0,0,15
2025-02-17 16:00:00,1,60,32.5,Clear,0,0,16
2025-02-17 16:00:00,2,72,26.4,Clear,0,0,16
2025-02-17 16:00:00,3,55,,Clear,0,0,16
2025-02-17 16:00:00,4,75,28.7,Clear,0,0,16
2025-02-17 17:00:00,1,132,5.4,Clear,0,0,17
2025-02-17 17:00:00,2,97,33.6,Clear,0,0,17
2025-02-17 17:00:00,3,86,31.6,Clear,0,0,17
2025-02-17 17:00:00,4,96,28.0,Clear,0,0,17
2025-02-17 18:00:00,1,150,5,Clear,0,0,18
2025-02-17 18:00:00,2,108,16.8,Clear,0,0,18
2025-02-17 18:00:00,3,90,33.6,Clear,0,0,18
2025-02-17 18:00:00,4,133,5,Clear,0,0,18
2025-02-17 19:00:00,1,151,5,Clear,0,0,19
2025-02-17 19:00:00,2,81,31.7,Clear,0,0,19
2025-02-17 19:00:00,3,84,26.7,Clear,0,0,19
2025-02-17 19:00:00,4,130,9.0,Clear,0,0,19
2025-02-17 20:00:00,1,82,30.6,Clear,0,0,20
2025-02-17 20:00:00,2,54,38.6,Clear,0,0,20
2025-02-17 20:00:00,3,52,36.2,Clear,0,0,20
2025-02-17 20:00:00,4,84,34.0,Clear,0,0,20
2025-02-17 21:00:00,1,45,45.4,Clear,0,0,21
2025-02-17 21:00:00,2,48,33.1,Clear,0,0,21
2025-02-17 21:00:00,3,37,52.4,Clear,0,0,21
2025-02-17 21:00:00,4,36,45.9,Clear,0,0,21
2025-02-17 22:00:00,1,36,49.4,Clear,0,0,22
2025-02-17 22:00:00,2,20,51.1,Clear,0,0,22
2025-02-17 22:00:00,3,25,50.7,Clear,0,0,22
2025-02-17 22:00:00,4,27,51.0,Clear,0,0,22
2025-02-17 23:00:00,1,16,44.5,Light Rain,0,0,23
2025-02-17 23:00:00,2,11,36.4,Light Rain,0,0,23
2025-02-17 23:00:00,3,14,39.6,Light Rain,0,0,23
2025-02-17 23:00:00,4,14,42.7,Light Rain,0,0,23
2025-02-18 00:00:00,1,19,46.5,Clear,1,0,0
2025-02-18 00:00:00,2,15,44.5,Clear,1,0,0
2025-02-18 00:00:00,3,14,64.1,Clear,1,0,0
2025-02-18 00:00:00,4,18,49.0,Clear,1,0,0
2025-02-18 01:00:00,1,25,56.9,Clear,1,0,1
2025-02-18 01:00:00,2,15,60.0,Clear,1,0,1
2025-02-18 01:00:00,3,16,59.3,Clear,1,0,1
2025-02-18 01:00:00,4,17,49.7,Clear,1,0,1
2025-02-18 02:00:00,1,19,51.6,Clear,1,0,2
2025-02-18 02:00:00,2,12,52.9,Clear,1,0,2
2025-02-18 02:00:00,3,10,60.0,Clear,1,0,2
2025-02-18 02:00:00,4,16,59.6,Clear,1,0,2
2025-02-18 03:00:00,1,23,52.4,Clear,1,0,3
2025-02-18 03:00:00,2,10,51.3,Clear,1,0,3
2025-02-18 03:00:00,3,12,63.3,Clear,1,0,3
2025-02-18 03:00:00,4,17,45.5,Clear,1,0,3
2025-02-18 04:00:00,1,,52.9,Clear,1,0,4
2025-02-18 04:00:00,2,17,48.0,Clear,1,0,4
2025-02-18 04:00:00,3,10,51.8,Clear,1,0,4
2025-02-18 04:00:00,4,19,55.9,Clear,1,0,4
2025-02-18 05:00:00,1,16,48.7,Clear,1,0,5
2025-02-18 05:00:00,2,18,53.3,Clear,1,0,5
2025-02-18 05:00:00,3,12,50.7,Clear,1,0,5
2025-02-18 05:00:00,4,20,45.8,Clear,1,0,5
2025-02-18 06:00:00,1,41,50.5,Clear,1,0,6
2025-02-18 06:00:00,2,29,39.7,Clear,1,0,6
2025-02-18 06:00:00,3,27,54.6,Clear,1,0,6
2025-02-18 06:00:00,4,35,45.9,Clear,1,0,6
2025-02-18 07:00:00,1,45,44.1,Clear,1,0,7
2025-02-18 07:00:00,2,42,28.9,Clear,1,0,7
2025-02-18 07:00:00,3,37,150,Clear,1,0,7
2025-02-18 07:00:00,4,48,39.6,Clear,1,0,7
2025-02-18 08:00:00,1,81,17.0,Clear,1,0,8
2025-02-18 08:00:00,2,60,38.4,Clear,1,0,8
2025-02-18 08:00:00,3,92,20.9,Clear,1,0,8
2025-02-18 08:00:00,4,102,18.6,Clear,1,0,8
2025-02-18 09:00:00,1,,5,Clear,1,0,9
2025-02-18 09:00:00,2,112,18.2,Clear,1,0,9
2025-02-18 09:00:00,3,97,11.9,Clear,1,0,9
2025-02-18 09:00:00,4,127,8.9,Clear,1,0,9
2025-02-18 10:00:00,1,132,5,Clear,1,0,10
2025-02-18 10:00:00,2,69,33.7,Clear,1,0,10
2025-02-18 10:00:00,3,,30.6,Clear,1,0,10
2025-02-18 10:00:00,4,95,15.3,Clear,1,0,10
2025-02-18 11:00:00,1,54,37.4,Clear,1,0,11
2025-02-18 11:00:00,2,54,32.2,Clear,1,0,11
2025-02-18 11:00:00,3,63,37.6,Clear,1,0,11
2025-02-18 11:00:00,4,52,32.4,Clear,1,0,11
2025-02-18 12:00:00,1,65,30.9,Clear,1,0,12
2025-02-18 12:00:00,2,51,43.3,Clear,1,0,12
2025-02-18 12:00:00,3,51,33.7,Clear,1,0,12
2025-02-18 12:00:00,4,63,34.6,Clear,1,0,12
2025-02-18 13:00:00,1,105,20.0,Clear,1,0,13
2025-02-18 13:00:00,2,83,32.6,Clear,1,0,13
2025-02-18 13:00:00,3,56,41.5,Clear,1,0,13
2025-02-18 13:00:00,4,101,19.2,Clear,1,0,13
2025-02-18 14:00:00,1,62,37.1,Clear,1,0,14
2025-02-18 14:00:00,2,60,39.2,Clear,1,0,14
2025-02-18 14:00:00,3,61,36.8,Clear,1,0,14
2025-02-18 14:00:00,4,64,27.7,Clear,1,0,14
2025-02-18 15:00:00,1,68,42.5,Clear,1,0,15
2025-02-18 15:00:00,2,29,50.7,Clear,1,0,15
2025-02-18 15:00:00,3,34,52.0,Clear,1,0,15
2025-02-18 15:00:00,4,50,,Clear,1,0,15
2025-02-18 16:00:00,1,81,38.2,Clear,1,0,16
2025-02-18 16:00:00,2,67,31.0,Clear,1,0,16
2025-02-18 16:00:00,3,48,39.8,Clear,1,0,16
2025-02-18 16:00:00,4,,22.4,Clear,1,0,16
2025-02-18 17:00:00,1,114,10.7,Clear,1,0,17
2025-02-18 17:00:00,2,87,20.0,Clear,1,0,17
2025-02-18 17:00:00,3,84,22.3,Clear,1,0,17
2025-02-18 17:00:00,4,101,11.2,Clear,1,0,17
2025-02-18 18:00:00,1,175,5,Clear,1,0,18
2025-02-18 18:00:00,2,91,22.3,Clear,1,0,18
2025-02-18 18:00:00,3,90,19.1,Clear,1,0,18
2025-02-18 18:00:00,4,157,5,Clear,1,0,18
2025-02-18 19:00:00,1,144,5.7,Clear,1,0,19
2025-02-18 19:00:00,2,93,24.4,Clear,1,0,19
2025-02-18 19:00:00,3,60,40.4,Clear,1,0,19
2025-02-18 19:00:00,4,104,15.6,Clear,1,0,19
2025-02-18 20:00:00,1,75,25.2,Clear,1,0,20
2025-02-18 20:00:00,2,61,32.0,Clear,1,0,20
2025-02-18 20:00:00,3,60,39.6,Clear,1,0,20
2025-02-18 20:00:00,4,75,37.2,Clear,1,0,20
2025-02-18 21:00:00,1,57,37.5,Clear,1,0,21
2025-02-18 21:00:00,2,38,37.6,Clear,1,0,21
2025-02-18 21:00:00,3,41,46.3,Clear,1,0,21
2025-02-18 21:00:00,4,48,39.0,Clear,1,0,21
2025-02-18 22:00:00,1,36,42.3,Clear,1,0,22
2025-02-18 22:00:00,2,31,44.9,Clear,1,0,22
2025-02-18 22:00:00,3,26,49.7,Clear,1,0,22
2025-02-18 22:00:00,4,21,59.6,Clear,1,0,22
2025-02-18 23:00:00,1,18,60.7,Clear,1,0,23
2025-02-18 23:00:00,2,13,49.6,Clear,1,0,23
2025-02-18 23:00:00,3,13,55.5,Clear,1,0,23
2025-02-18 23:00:00,4,19,50.4,Clear,1,0,23
2025-02-19 00:00:00,1,17,53.4,Clear,2,0,0
2025-02-19 00:00:00,2,18,48.2,Clear,2,0,0
2025-02-19 00:00:00,3,15,48.4,Clear,2,0,0
2025-02-19 00:00:00,4,13,51.6,Clear,2,0,0
2025-02-19 01:00:00,1,21,45.2,Cloudy,2,0,1
2025-02-19 01:00:00,2,9,53.4,Cloudy,2,0,1
2025-02-19 01:00:00,3,12,54.8,Cloudy,2,0,1
2025-02-19 01:00:00,4,18,51.3,Cloudy,2,0,1
2025-02-19 02:00:00,1,17,46.3,Cloudy,2,0,2
2025-02-19 02:00:00,2,15,56.1,Cloudy,2,0,2
2025-02-19 02:00:00,3,13,53.0,Cloudy,2,0,2
2025-02-19 02:00:00,4,19,59.0,Cloudy,2,0,2
2025-02-19 03:00:00,1,23,50.2,Cloudy,2,0,3
2025-02-19 03:00:00,2,18,55.6,Cloudy,2,0,3
2025-02-19 03:00:00,3,17,52.7,Cloudy,2,0,3
2025-02-19 03:00:00,4,15,58.0,Cloudy,2,0,3
2025-02-19 04:00:00,1,25,49.8,Cloudy,2,0,4
2025-02-19 04:00:00,2,12,59.0,Cloudy,2,0,4
2025-02-19 04:00:00,3,14,55.7,Cloudy,2,0,4
2025-02-19 04:00:00,4,18,,Cloudy,2,0,4
2025-02-19 05:00:00,1,13,25.1,Heavy Rain,2,0,5
2025-02-19 05:00:00,2,6,35.7,Heavy Rain,2,0,5
2025-02-19 05:00:00,3,10,34.8,Heavy Rain,2,0,5
2025-02-19 05:00:00,4,11,31.4,Heavy Rain,2,0,5
2025-02-19 06:00:00,1,32,47.0,Cloudy,2,0,6
2025-02-19 06:00:00,2,26,42.0,Cloudy,2,0,6
2025-02-19 06:00:00,3,34,41.1,Cloudy,2,0,6
2025-02-19 06:00:00,4,45,41.1,Cloudy,2,0,6
2025-02-19 07:00:00,1,62,31.7,Cloudy,2,0,7
2025-02-19 07:00:00,2,31,40.9,Cloudy,2,0,7
2025-02-19 07:00:00,3,45,35.1,Cloudy,2,0,7
2025-02-19 07:00:00,4,46,37.9,Cloudy,2,0,7
2025-02-19 08:00:00,1,69,17.3,Heavy Rain,2,0,8
2025-02-19 08:00:00,2,49,23.2,Heavy Rain,2,0,8
2025-02-19 08:00:00,3,39,28.2,Heavy Rain,2,0,8
2025-02-19 08:00:00,4,59,20.5,Heavy Rain,2,0,8
2025-02-19 09:00:00,1,164,5,Cloudy,2,0,9
2025-02-19 09:00:00,2,86,20.4,Cloudy,2,0,9
2025-02-19 09:00:00,3,101,15.4,Cloudy,2,0,9
2025-02-19 09:00:00,4,114,9.0,Cloudy,2,0,9
2025-02-19 10:00:00,1,105,18.6,Cloudy,2,0,10
2025-02-19 10:00:00,2,93,22.2,Cloudy,2,0,10
2025-02-19 10:00:00,3,83,25.5,Cloudy,2,0,10
2025-02-19 10:00:00,4,100,15.4,Cloudy,2,0,10
2025-02-19 11:00:00,1,65,27.1,Cloudy,2,0,11
2025-02-19 11:00:00,2,52,43.3,Cloudy,2,0,11
2025-02-19 11:00:00,3,59,35.1,Cloudy,2,0,11
2025-02-19 11:00:00,4,57,36.6,Cloudy,2,0,11
2025-02-19 12:00:00,1,65,28.3,Cloudy,2,0,12
2025-02-19 12:00:00,2,53,34.5,Cloudy,2,0,12
2025-02-19 12:00:00,3,41,49.9,Cloudy,2,0,12
2025-02-19 12:00:00,4,73,36.7,Cloudy,2,0,12
2025-02-19 13:00:00,1,99,16.4,Cloudy,2,0,13
2025-02-19 13:00:00,2,58,33.9,Cloudy,2,0,13
2025-02-19 13:00:00,3,,36.1,Cloudy,2,0,13
2025-02-19 13:00:00,4,74,25.6,Cloudy,2,0,13
2025-02-19 14:00:00,1,73,29.6,Cloudy,2,0,14
2025-02-19 14:00:00,2,48,42.3,Cloudy,2,0,14
2025-02-19 14:00:00,3,59,35.9,Cloudy,2,0,14
2025-02-19 14:00:00,4,64,35.4,Cloudy,2,0,14
2025-02-19 15:00:00,1,31,28.2,Heavy Rain,2,0,15
2025-02-19 15:00:00,2,26,27.2,Heavy Rain,2,0,15
2025-02-19 15:00:00,3,22,28.8,Heavy Rain,2,0,15
2025-02-19 15:00:00,4,33,28.9,Heavy Rain,2,0,15
2025-02-19 16:00:00,1,92,,Cloudy,2,0,16
2025-02-19 16:00:00,2,67,38.5,Cloudy,2,0,16
2025-02-19 16:00:00,3,44,34.3,Cloudy,2,0,16
2025-02-19 16:00:00,4,76,30.4,Cloudy,2,0,16
2025-02-19 17:00:00,1,141,5,Cloudy,2,0,17
2025-02-19 17:00:00,2,116,7.3,Cloudy,2,0,17
2025-02-19 17:00:00,3,108,23.8,Cloudy,2,0,17
2025-02-19 17:00:00,4,104,16.8,Cloudy,2,0,17
2025-02-19 18:00:00,1,,5,Cloudy,2,0,18
2025-02-19 18:00:00,2,127,6.6,Cloudy,2,0,18
2025-02-19 18:00:00,3,118,5,Cloudy,2,0,18
2025-02-19 18:00:00,4,145,5,Cloudy,2,0,18
2025-02-19 19:00:00,1,119,11.1,Cloudy,2,0,19
2025-02-19 19:00:00,2,99,22.3,Cloudy,2,0,19
2025-02-19 19:00:00,3,112,13.1,Cloudy,2,0,19
2025-02-19 19:00:00,4,117,17.1,Cloudy,2,0,19
2025-02-19 20:00:00,1,70,35.2,Clear,2,0,20
2025-02-19 20:00:00,2,69,31.6,Clear,2,0,20
2025-02-19 20:00:00,3,63,39.9,Clear,2,0,20
2025-02-19 20:00:00,4,82,23.8,Clear,2,0,20
2025-02-19 21:00:00,1,59,38.5,Cloudy,2,0,21
2025-02-19 21:00:00,2,,38.2,Cloudy,2,0,21
2025-02-19 21:00:00,3,34,47.9,Cloudy,2,0,21
2025-02-19 21:00:00,4,40,46.0,Cloudy,2,0,21
2025-02-19 22:00:00,1,40,43.2,Cloudy,2,0,22
2025-02-19 22:00:00,2,31,34.5,Cloudy,2,0,22
2025-02-19 22:00:00,3,27,47.0,Cloudy,2,0,22
2025-02-19 22:00:00,4,29,43.3,Cloudy,2,0,22
2025-02-19 23:00:00,1,20,43.6,Cloudy,2,0,23
2025-02-19 23:00:00,2,14,41.0,Cloudy,2,0,23
2025-02-19 23:00:00,3,13,50.0,Cloudy,2,0,23
2025-02-19 23:00:00,4,17,59.8,Cloudy,2,0,23
2025-02-20 00:00:00,1,19,,Clear,3,0,0
2025-02-20 00:00:00,2,18,51.8,Clear,3,0,0
2025-02-20 00:00:00,3,11,54.1,Clear,3,0,0
2025-02-20 00:00:00,4,17,58.0,Clear,3,0,0
2025-02-20 01:00:00,1,12,59.2,Clear,3,0,1
2025-02-20 01:00:00,2,15,51.6,Clear,3,0,1
2025-02-20 01:00:00,3,14,64.0,Clear,3,0,1
2025-02-20 01:00:00,4,17,58.6,Clear,3,0,1
2025-02-20 02:00:00,1,23,46.4,Clear,3,0,2
2025-02-20 02:00:00,2,14,53.2,Clear,3,0,2
2025-02-20 02:00:00,3,7,53.2,Clear,3,0,2
2025-02-20 02:00:00,4,20,51.9,Clear,3,0,2
2025-02-20 03:00:00,1,14,42.6,Clear,3,0,3
2025-02-20 03:00:00,2,18,59.7,Clear,3,0,3
2025-02-20 03:00:00,3,13,50.7,Clear,3,0,3
2025-02-20 03:00:00,4,18,52.1,Clear,3,0,3
2025-02-20 04:00:00,1,21,43.4,Clear,3,0,4
2025-02-20 04:00:00,2,15,60.5,Clear,3,0,4
2025-02-20 04:00:00,3,15,51.3,Clear,3,0,4
2025-02-20 04:00:00,4,14,54.7,Clear,3,0,4
2025-02-20 05:00:00,1,18,58.2,Clear,3,0,5
2025-02-20 05:00:00,2,15,54.0,Clear,3,0,5
2025-02-20 05:00:00,3,12,55.3,Clear,3,0,5
2025-02-20 05:00:00,4,15,56.6,Clear,3,0,5
2025-02-20 06:00:00,1,36,45.6,Clear,3,0,6
2025-02-20 06:00:00,2,23,150,Clear,3,0,6
2025-02-20 06:00:00,3,21,50.8,Clear,3,0,6
2025-02-20 06:00:00,4,,38.7,Clear,3,0,6
2025-02-20 07:00:00,1,79,35.9,Clear,3,0,7
2025-02-20 07:00:00,2,38,40.5,Clear,3,0,7
2025-02-20 07:00:00,3,35,43.5,Clear,3,0,7
2025-02-20 07:00:00,4,47,48.2,Clear,3,0,7
2025-02-20 08:00:00,1,133,5,Clear,3,0,8
2025-02-20 08:00:00,2,63,43.2,Clear,3,0,8
2025-02-20 08:00:00,3,78,28.9,Clear,3,0,8
2025-02-20 08:00:00,4,89,150,Clear,3,0,8
2025-02-20 09:00:00,1,123,15.8,Clear,3,0,9
2025-02-20 09:00:00,2,138,9.2,Clear,3,0,9
2025-02-20 09:00:00,3,52,39.1,Clear,3,0,9
2025-02-20 09:00:00,4,141,5,Clear,3,0,9
2025-02-20 10:00:00,1,111,18.5,Clear,3,0,10
2025-02-20 10:00:00,2,83,22.2,Clear,3,0,10
2025-02-20 10:00:00,3,56,40.4,Clear,3,0,10
2025-02-20 10:00:00,4,88,25.5,Clear,3,0,10
2025-02-20 11:00:00,1,66,38.0,Clear,3,0,11
2025-02-20 11:00:00,2,51,,Clear,3,0,11
2025-02-20 11:00:00,3,45,35.1,Clear,3,0,11
2025-02-20 11:00:00,4,68,33.7,Clear,3,0,11
2025-02-20 12:00:00,1,62,34.4,Clear,3,0,12
2025-02-20 12:00:00,2,51,38.0,Clear,3,0,12
2025-02-20 12:00:00,3,50,38.5,Clear,3,0,12
2025-02-20 12:00:00,4,999,44.7,Clear,3,0,12
2025-02-20 13:00:00,1,84,17.2,Clear,3,0,13
2025-02-20 13:00:00,2,65,36.8,Clear,3,0,13
2025-02-20 13:00:00,3,61,40.4,Clear,3,0,13
2025-02-20 13:00:00,4,92,21.8,Clear,3,0,13
2025-02-20 14:00:00,1,81,20.7,Cloudy,3,0,14
2025-02-20 14:00:00,2,53,29.1,Cloudy,3,0,14
2025-02-20 14:00:00,3,55,41.1,Cloudy,3,0,14
2025-02-20 14:00:00,4,61,38.0,Cloudy,3,0,14
2025-02-20 15:00:00,1,57,40.4,Clear,3,0,15
2025-02-20 15:00:00,2,44,46.7,Clear,3,0,15
2025-02-20 15:00:00,3,29,43.1,Clear,3,0,15
2025-02-20 15:00:00,4,46,39.1,Clear,3,0,15
2025-02-20 16:00:00,1,70,39.3,Clear,3,0,16
2025-02-20 16:00:00,2,60,33.7,Clear,3,0,16
2025-02-20 16:00:00,3,61,37.6,Clear,3,0,16
2025-02-20 16:00:00,4,63,30.0,Clear,3,0,16
2025-02-20 17:00:00,1,126,,Clear,3,0,17
2025-02-20 17:00:00,2,113,14.0,Clear,3,0,17
2025-02-20 17:00:00,3,83,24.8,Clear,3,0,17
2025-02-20 17:00:00,4,100,20.9,Clear,3,0,17
2025-02-20 18:00:00,1,150,5,Clear,3,0,18
2025-02-20 18:00:00,2,128,6.9,Clear,3,0,18
2025-02-20 18:00:00,3,90,20.1,Clear,3,0,18
2025-02-20 18:00:00,4,97,18.1,Clear,3,0,18
2025-02-20 19:00:00,1,145,5,Clear,3,0,19
2025-02-20 19:00:00,2,141,5,Clear,3,0,19
2025-02-20 19:00:00,3,104,18.3,Clear,3,0,19
2025-02-20 19:00:00,4,,16.6,Clear,3,0,19
2025-02-20 20:00:00,1,99,23.1,Clear,3,0,20
2025-02-20 20:00:00,2,52,35.0,Clear,3,0,20
2025-02-20 20:00:00,3,58,34.1,Clear,3,0,20
2025-02-20 20:00:00,4,79,28.5,Clear,3,0,20
2025-02-20 21:00:00,1,55,30.4,Clear,3,0,21
2025-02-20 21:00:00,2,42,38.0,Clear,3,0,21
2025-02-20 21:00:00,3,36,46.0,Clear,3,0,21
2025-02-20 21:00:00,4,55,37.8,Clear,3,0,21
2025-02-20 22:00:00,1,36,44.3,Clear,3,0,22
2025-02-20 22:00:00,2,21,50.1,Clear,3,0,22
2025-02-20 22:00:00,3,18,46.7,Clear,3,0,22
2025-02-20 22:00:00,4,30,41.0,Clear,3,0,22
2025-02-20 23:00:00,1,14,55.3,Clear,3,0,23
2025-02-20 23:00:00,2,17,47.9,Clear,3,0,23
2025-02-20 23:00:00,3,12,59.4,Clear,3,0,23
2025-02-20 23:00:00,4,16,57.5,Clear,3,0,23
2025-02-21 00:00:00,1,13,38.5,Light Rain,4,0,0
2025-02-21 00:00:00,2,10,51.1,Light Rain,4,0,0
2025-02-21 00:00:00,3,13,38.7,Light Rain,4,0,0
2025-02-21 00:00:00,4,13,45.7,Light Rain,4,0,0
2025-02-21 01:00:00,1,13,49.2,Light Rain,4,0,1
2025-02-21 01:00:00,2,11,48.6,Light Rain,4,0,1
2025-02-21 01:00:00,3,8,47.7,Light Rain,4,0,1
2025-02-21 01:00:00,4,12,44.3,Light Rain,4,0,1
2025-02-21 02:00:00,1,11,47.0,Light Rain,4,0,2
2025-02-21 02:00:00,2,12,43.7,Light Rain,4,0,2
2025-02-21 02:00:00,3,13,43.3,Light Rain,4,0,2
2025-02-21 02:00:00,4,18,38.6,Light Rain,4,0,2
2025-02-21 03:00:00,1,15,39.3,Light Rain,4,0,3
2025-02-21 03:00:00,2,15,40.3,Light Rain,4,0,3
2025-02-21 03:00:00,3,10,51.4,Light Rain,4,0,3
2025-02-21 03:00:00,4,13,45.4,Light Rain,4,0,3
2025-02-21 04:00:00,1,16,47.5,Light Rain,4,0,4
2025-02-21 04:00:00,2,11,48.3,Light Rain,4,0,4
2025-02-21 04:00:00,3,13,35.9,Light Rain,4,0,4
2025-02-21 04:00:00,4,16,42.4,Light Rain,4,0,4
2025-02-21 05:00:00,1,14,46.0,Light Rain,4,0,5
2025-02-21 05:00:00,2,16,42.4,Light Rain,4,0,5
2025-02-21 05:00:00,3,12,48.5,Light Rain,4,0,5
2025-02-21 05:00:00,4,16,47.6,Light Rain,4,0,5
2025-02-21 06:00:00,1,32,32.3,Light Rain,4,0,6
2025-02-21 06:00:00,2,15,41.7,Light Rain,4,0,6
2025-02-21 06:00:00,3,23,40.9,Light Rain,4,0,6
2025-02-21 06:00:00,4,31,40.2,Light Rain,4,0,6
2025-02-21 07:00:00,1,53,36.6,Light Rain,4,0,7
2025-02-21 07:00:00,2,,35.5,Light Rain,4,0,7
2025-02-21 07:00:00,3,31,38.9,Light Rain,4,0,7
2025-02-21 07:00:00,4,38,35.3,Light Rain,4,0,7
2025-02-21 08:00:00,1,71,29.0,Light Rain,4,0,8
2025-02-21 08:00:00,2,70,30.4,Light Rain,4,0,8
2025-02-21 08:00:00,3,60,31.9,Light Rain,4,0,8
2025-02-21 08:00:00,4,64,28.7,Light Rain,4,0,8
2025-02-21 09:00:00,1,117,15.9,Light Rain,4,0,9
2025-02-21 09:00:00,2,64,30.2,Light Rain,4,0,9
2025-02-21 09:00:00,3,75,21.1,Light Rain,4,0,9
2025-02-21 09:00:00,4,80,19.8,Light Rain,4,0,9
2025-02-21 10:00:00,1,,19.7,Light Rain,4,0,10
2025-02-21 10:00:00,2,70,17.9,Light Rain,4,0,10
2025-02-21 10:00:00,3,55,33.1,Light Rain,4,0,10
2025-02-21 10:00:00,4,87,19.9,Light Rain,4,0,10
2025-02-21 11:00:00,1,68,25.3,Light Rain,4,0,11
2025-02-21 11:00:00,2,44,36.6,Light Rain,4,0,11
2025-02-21 11:00:00,3,38,34.5,Light Rain,4,0,11
2025-02-21 11:00:00,4,43,33.8,Light Rain,4,0,11
2025-02-21 12:00:00,1,53,22.9,Light Rain,4,0,12
2025-02-21 12:00:00,2,41,28.8,Light Rain,4,0,12
2025-02-21 12:00:00,3,56,30.2,Light Rain,4,0,12
2025-02-21 12:00:00,4,54,24.9,Light Rain,4,0,12
2025-02-21 13:00:00,1,80,26.8,Light Rain,4,0,13
2025-02-21 13:00:00,2,72,20.1,Light Rain,4,0,13
2025-02-21 13:00:00,3,45,33.3,Light Rain,4,0,13
2025-02-21 13:00:00,4,62,33.2,Light Rain,4,0,13
2025-02-21 14:00:00,1,67,34.8,Clear,4,0,14
2025-02-21 14:00:00,2,60,38.0,Clear,4,0,14
2025-02-21 14:00:00,3,55,33.8,Clear,4,0,14
2025-02-21 14:00:00,4,56,30.8,Clear,4,0,14
2025-02-21 15:00:00,1,71,30.6,Clear,4,0,15
2025-02-21 15:00:00,2,41,45.6,Clear,4,0,15
2025-02-21 15:00:00,3,41,32.6,Clear,4,0,15
2025-02-21 15:00:00,4,,43.5,Clear,4,0,15
2025-02-21 16:00:00,1,71,22.6,Light Rain,4,0,16
2025-02-21 16:00:00,2,60,24.6,Light Rain,4,0,16
2025-02-21 16:00:00,3,50,32.4,Light Rain,4,0,16
2025-02-21 16:00:00,4,51,34.8,Light Rain,4,0,16
2025-02-21 17:00:00,1,67,30.0,Light Rain,4,0,17
2025-02-21 17:00:00,2,78,30.1,Light Rain,4,0,17
2025-02-21 17:00:00,3,77,25.8,Light Rain,4,0,17
2025-02-21 17:00:00,4,87,21.3,Light Rain,4,0,17
2025-02-21 18:00:00,1,151,6.6,Clear,4,0,18
2025-02-21 18:00:00,2,151,5,Clear,4,0,18
2025-02-21 18:00:00,3,86,,Clear,4,0,18
2025-02-21 18:00:00,4,143,5,Clear,4,0,18
2025-02-21 19:00:00,1,123,5,Light Rain,4,0,19
2025-02-21 19:00:00,2,79,20.0,Light Rain,4,0,19
2025-02-21 19:00:00,3,65,17.2,Light Rain,4,0,19
2025-02-21 19:00:00,4,83,22.6,Light Rain,4,0,19
2025-02-21 20:00:00,1,62,30.1,Light Rain,4,0,20
2025-02-21 20:00:00,2,52,26.1,Light Rain,4,0,20
2025-02-21 20:00:00,3,52,29.4,Light Rain,4,0,20
2025-02-21 20:00:00,4,55,28.8,Light Rain,4,0,20
2025-02-21 21:00:00,1,41,38.4,Light Rain,4,0,21
2025-02-21 21:00:00,2,31,37.9,Light Rain,4,0,21
2025-02-21 21:00:00,3,28,43.4,Light Rain,4,0,21
2025-02-21 21:00:00,4,50,32.7,Light Rain,4,0,21
2025-02-21 22:00:00,1,26,36.2,Light Rain,4,0,22
2025-02-21 22:00:00,2,20,37.9,Light Rain,4,0,22
2025-02-21 22:00:00,3,19,43.2,Light Rain,4,0,22
2025-02-21 22:00:00,4,20,41.9,Light Rain,4,0,22
2025-02-21 23:00:00,1,18,56.7,Clear,4,0,23
2025-02-21 23:00:00,2,16,61.0,Clear,4,0,23
2025-02-21 23:00:00,3,13,53.9,Clear,4,0,23
2025-02-21 23:00:00,4,15,60.4,Clear,4,0,23
2025-02-22 00:00:00,1,15,41.1,Fog,5,0,0
2025-02-22 00:00:00,2,11,35.9,Fog,5,0,0
2025-02-22 00:00:00,3,9,33.9,Fog,5,0,0
2025-02-22 00:00:00,4,13,32.6,Fog,5,0,0
2025-02-22 01:00:00,1,14,34.3,Fog,5,0,1
2025-02-22 01:00:00,2,13,36.4,Fog,5,0,1
2025-02-22 01:00:00,3,11,37.2,Fog,5,0,1
2025-02-22 01:00:00,4,14,36.0,Fog,5,0,1
2025-02-22 02:00:00,1,16,30.8,Fog,5,0,2
2025-02-22 02:00:00,2,11,34.8,Fog,5,0,2
2025-02-22 02:00:00,3,10,35.4,Fog,5,0,2
2025-02-22 02:00:00,4,14,33.9,Fog,5,0,2
2025-02-22 03:00:00,1,11,39.8,Fog,5,0,3
2025-02-22 03:00:00,2,9,41.4,Fog,5,0,3
2025-02-22 03:00:00,3,12,33.2,Fog,5,0,3
2025-02-22 03:00:00,4,13,31.3,Fog,5,0,3
2025-02-22 04:00:00,1,17,31.0,Fog,5,0,4
2025-02-22 04:00:00,2,11,37.3,Fog,5,0,4
2025-02-22 04:00:00,3,8,36.9,Fog,5,0,4
2025-02-22 04:00:00,4,15,33.5,Fog,5,0,4
2025-02-22 05:00:00,1,14,33.3,Fog,5,0,5
2025-02-22 05:00:00,2,10,29.9,Fog,5,0,5
2025-02-22 05:00:00,3,10,37.3,Fog,5,0,5
2025-02-22 05:00:00,4,12,33.9,Fog,5,0,5
2025-02-22 06:00:00,1,36,30.7,Fog,5,0,6
2025-02-22 06:00:00,2,28,34.3,Fog,5,0,6
2025-02-22 06:00:00,3,28,23.7,Fog,5,0,6
2025-02-22 06:00:00,4,26,35.9,Fog,5,0,6
2025-02-22 07:00:00,1,48,28.0,Fog,5,0,7
2025-02-22 07:00:00,2,29,37.9,Fog,5,0,7
2025-02-22 07:00:00,3,34,27.5,Fog,5,0,7
2025-02-22 07:00:00,4,38,25.6,Fog,5,0,7
2025-02-22 08:00:00,1,68,36.8,Clear,5,0,8
2025-02-22 08:00:00,2,61,37.5,Clear,5,0,8
2025-02-22 08:00:00,3,55,43.8,Clear,5,0,8
2025-02-22 08:00:00,4,69,28.1,Clear,5,0,8
2025-02-22 09:00:00,1,68,23.7,Fog,5,0,9
2025-02-22 09:00:00,2,39,28.2,Fog,5,0,9
2025-02-22 09:00:00,3,38,27.1,Fog,5,0,9
2025-02-22 09:00:00,4,58,26.9,Fog,5,0,9
2025-02-22 10:00:00,1,,24.9,Fog,5,0,10
2025-02-22 10:00:00,2,56,21.3,Fog,5,0,10
2025-02-22 10:00:00,3,51,31.0,Fog,5,0,10
2025-02-22 10:00:00,4,58,26.6,Fog,5,0,10
2025-02-22 11:00:00,1,72,18.1,Fog,5,0,11
2025-02-22 11:00:00,2,39,32.1,Fog,5,0,11
2025-02-22 11:00:00,3,43,30.3,Fog,5,0,11
2025-02-22 11:00:00,4,63,20.0,Fog,5,0,11
2025-02-22 12:00:00,1,67,21.5,Fog,5,0,12
2025-02-22 12:00:00,2,53,28.4,Fog,5,0,12
2025-02-22 12:00:00,3,49,24.1,Fog,5,0,12
2025-02-22 12:00:00,4,65,14.9,Fog,5,0,12
2025-02-22 13:00:00,1,72,21.6,Fog,5,0,13
2025-02-22 13:00:00,2,59,30.1,Fog,5,0,13
2025-02-22 13:00:00,3,45,27.9,Fog,5,0,13
2025-02-22 13:00:00,4,57,17.1,Fog,5,0,13
2025-02-22 14:00:00,1,66,20.2,Fog,5,0,14
2025-02-22 14:00:00,2,58,21.1,Fog,5,0,14
2025-02-22 14:00:00,3,39,24.3,Fog,5,0,14
2025-02-22 14:00:00,4,60,19.3,Fog,5,0,14
2025-02-22 15:00:00,1,55,33.3,Clear,5,0,15
2025-02-22 15:00:00,2,75,34.6,Clear,5,0,15
2025-02-22 15:00:00,3,56,40.0,Clear,5,0,15
2025-02-22 15:00:00,4,79,20.2,Clear,5,0,15
2025-02-22 16:00:00,1,46,26.9,Fog,5,0,16
2025-02-22 16:00:00,2,36,31.6,Fog,5,0,16
2025-02-22 16:00:00,3,44,25.9,Fog,5,0,16
2025-02-22 16:00:00,4,44,26.6,Fog,5,0,16
2025-02-22 17:00:00,1,51,25.3,Fog,5,0,17
2025-02-22 17:00:00,2,37,30.1,Fog,5,0,17
2025-02-22 17:00:00,3,38,25.3,Fog,5,0,17
2025-02-22 17:00:00,4,40,28.1,Fog,5,0,17
2025-02-22 18:00:00,1,45,26.0,Fog,5,0,18
2025-02-22 18:00:00,2,32,32.6,Fog,5,0,18
2025-02-22 18:00:00,3,20,36.5,Fog,5,0,18
2025-02-22 18:00:00,4,28,28.1,Fog,5,0,18
2025-02-22 19:00:00,1,24,27.3,Fog,5,0,19
2025-02-22 19:00:00,2,16,33.2,Fog,5,0,19
2025-02-22 19:00:00,3,20,32.1,Fog,5,0,19
2025-02-22 19:00:00,4,25,26.1,Fog,5,0,19
2025-02-22 20:00:00,1,23,29.3,Fog,5,0,20
2025-02-22 20:00:00,2,17,36.3,Fog,5,0,20
2025-02-22 20:00:00,3,20,33.5,Fog,5,0,20
2025-02-22 20:00:00,4,20,28.4,Fog,5,0,20
2025-02-22 21:00:00,1,21,36.0,Fog,5,0,21
2025-02-22 21:00:00,2,15,39.6,Fog,5,0,21
2025-02-22 21:00:00,3,16,35.7,Fog,5,0,21
2025-02-22 21:00:00,4,12,41.6,Fog,5,0,21
2025-02-22 22:00:00,1,14,35.9,Fog,5,0,22
2025-02-22 22:00:00,2,10,38.7,Fog,5,0,22
2025-02-22 22:00:00,3,,34.2,Fog,5,0,22
2025-02-22 22:00:00,4,15,31.7,Fog,5,0,22
2025-02-22 23:00:00,1,15,31.6,Fog,5,0,23
2025-02-22 23:00:00,2,11,43.7,Fog,5,0,23
2025-02-22 23:00:00,3,10,32.7,Fog,5,0,23
2025-02-22 23:00:00,4,11,34.7,Fog,5,0,23
2025-02-23 00:00:00,1,17,51.5,Clear,6,0,0
2025-02-23 00:00:00,2,17,57.1,Clear,6,0,0
2025-02-23 00:00:00,3,14,49.4,Clear,6,0,0
2025-02-23 00:00:00,4,16,54.7,Clear,6,0,0
2025-02-23 01:00:00,1,15,57.8,Clear,6,0,1
2025-02-23 01:00:00,2,18,54.7,Clear,6,0,1
2025-02-23 01:00:00,3,12,54.4,Clear,6,0,1
2025-02-23 01:00:00,4,14,48.8,Clear,6,0,1
2025-02-23 02:00:00,1,21,48.1,Clear,6,0,2
2025-02-23 02:00:00,2,14,42.2,Clear,6,0,2
2025-02-23 02:00:00,3,15,55.8,Clear,6,0,2
2025-02-23 02:00:00,4,20,52.6,Clear,6,0,2
2025-02-23 03:00:00,1,20,45.5,Clear,6,0,3
2025-02-23 03:00:00,2,,54.0,Clear,6,0,3
2025-02-23 03:00:00,3,12,47.9,Clear,6,0,3
2025-02-23 03:00:00,4,17,52.1,Clear,6,0,3
2025-02-23 04:00:00,1,17,51.5,Cloudy,6,0,4
2025-02-23 04:00:00,2,13,,Cloudy,6,0,4
2025-02-23 04:00:00,3,13,58.8,Cloudy,6,0,4
2025-02-23 04:00:00,4,18,51.2,Cloudy,6,0,4
2025-02-23 05:00:00,1,23,53.6,Clear,6,0,5
2025-02-23 05:00:00,2,14,47.9,Clear,6,0,5
2025-02-23 05:00:00,3,13,52.4,Clear,6,0,5
2025-02-23 05:00:00,4,16,51.1,Clear,6,0,5
2025-02-23 06:00:00,1,41,38.6,Clear,6,0,6
2025-02-23 06:00:00,2,43,37.6,Clear,6,0,6
2025-02-23 06:00:00,3,29,48.4,Clear,6,0,6
2025-02-23 06:00:00,4,50,39.4,Clear,6,0,6
2025-02-23 07:00:00,1,70,33.1,Clear,6,0,7
2025-02-23 07:00:00,2,34,45.8,Clear,6,0,7
2025-02-23 07:00:00,3,49,44.6,Clear,6,0,7
2025-02-23 07:00:00,4,57,29.3,Clear,6,0,7
2025-02-23 08:00:00,1,67,37.3,Clear,6,0,8
2025-02-23 08:00:00,2,49,47.0,Clear,6,0,8
2025-02-23 08:00:00,3,39,39.3,Clear,6,0,8
2025-02-23 08:00:00,4,72,32.2,Clear,6,0,8
2025-02-23 09:00:00,1,77,16.4,Clear,6,0,9
2025-02-23 09:00:00,2,66,40.6,Clear,6,0,9
2025-02-23 09:00:00,3,56,41.9,Clear,6,0,9
2025-02-23 09:00:00,4,84,22.6,Clear,6,0,9
2025-02-23 10:00:00,1,102,18.0,Clear,6,0,10
2025-02-23 10:00:00,2,70,31.6,Clear,6,0,10
2025-02-23 10:00:00,3,49,30.6,Clear,6,0,10
2025-02-23 10:00:00,4,81,28.7,Clear,6,0,10
2025-02-23 11:00:00,1,79,18.5,Clear,6,0,11
2025-02-23 11:00:00,2,64,39.3,Clear,6,0,11
2025-02-23 11:00:00,3,66,33.0,Clear,6,0,11
2025-02-23 11:00:00,4,78,35.1,Clear,6,0,11
2025-02-23 12:00:00,1,92,19.6,Clear,6,0,12
2025-02-23 12:00:00,2,64,42.8,Clear,6,0,12
2025-02-23 12:00:00,3,52,42.1,Clear,6,0,12
2025-02-23 12:00:00,4,87,18.2,Clear,6,0,12
2025-02-23 13:00:00,1,113,13.8,Clear,6,0,13
2025-02-23 13:00:00,2,61,33.9,Clear,6,0,13
2025-02-23 13:00:00,3,57,36.8,Clear,6,0,13
2025-02-23 13:00:00,4,88,24.3,Clear,6,0,13
2025-02-23 14:00:00,1,104,23.4,Clear,6,0,14
2025-02-23 14:00:00,2,72,32.5,Clear,6,0,14
2025-02-23 14:00:00,3,69,41.0,Clear,6,0,14
2025-02-23 14:00:00,4,92,21.7,Clear,6,0,14
2025-02-23 15:00:00,1,95,28.5,Clear,6,0,15
2025-02-23 15:00:00,2,71,,Clear,6,0,15
2025-02-23 15:00:00,3,51,36.9,Clear,6,0,15
2025-02-23 15:00:00,4,66,30.1,Clear,6,0,15
2025-02-23 16:00:00,1,71,26.8,Clear,6,0,16
2025-02-23 16:00:00,2,66,40.1,Clear,6,0,16
2025-02-23 16:00:00,3,48,36.6,Clear,6,0,16
2025-02-23 16:00:00,4,68,29.2,Clear,6,0,16
2025-02-23 17:00:00,1,58,38.3,Clear,6,0,17
2025-02-23 17:00:00,2,37,39.2,Clear,6,0,17
2025-02-23 17:00:00,3,45,48.0,Clear,6,0,17
2025-02-23 17:00:00,4,67,30.6,Clear,6,0,17
2025-02-23 18:00:00,1,60,33.4,Clear,6,0,18
2025-02-23 18:00:00,2,35,36.3,Clear,6,0,18
2025-02-23 18:00:00,3,41,33.7,Clear,6,0,18
2025-02-23 18:00:00,4,40,44.5,Clear,6,0,18
2025-02-23 19:00:00,1,,41.7,Clear,6,0,19
2025-02-23 19:00:00,2,27,53.2,Clear,6,0,19
2025-02-23 19:00:00,3,30,42.5,Clear,6,0,19
2025-02-23 19:00:00,4,46,35.9,Clear,6,0,19
2025-02-23 20:00:00,1,30,38.8,Light Rain,6,0,20
2025-02-23 20:00:00,2,19,42.6,Light Rain,6,0,20
2025-02-23 20:00:00,3,19,39.9,Light Rain,6,0,20
2025-02-23 20:00:00,4,22,42.3,Light Rain,6,0,20
2025-02-23 21:00:00,1,21,43.7,Clear,6,0,21
2025-02-23 21:00:00,2,16,46.6,Clear,6,0,21
2025-02-23 21:00:00,3,10,53.6,Clear,6,0,21
2025-02-23 21:00:00,4,24,48.0,Clear,6,0,21
2025-02-23 22:00:00,1,15,61.7,Clear,6,0,22
2025-02-23 22:00:00,2,15,47.2,Clear,6,0,22
2025-02-23 22:00:00,3,8,57.2,Clear,6,0,22
2025-02-23 22:00:00,4,17,55.4,Clear,6,0,22
2025-02-23 23:00:00,1,22,50.1,Clear,6,0,23
2025-02-23 23:00:00,2,16,51.6,Clear,6,0,23
2025-02-23 23:00:00,3,15,51.9,Clear,6,0,23
2025-02-23 23:00:00,4,,,Clear,6,0,23
2025-02-24 00:00:00,1,21,56.4,Clear,0,0,0
2025-02-24 00:00:00,2,16,42.4,Clear,0,0,0
2025-02-24 00:00:00,3,11,58.4,Clear,0,0,0
2025-02-24 00:00:00,4,18,61.0,Clear,0,0,0
2025-02-24 01:00:00,1,23,49.2,Clear,0,0,1
2025-02-24 01:00:00,2,15,54.5,Clear,0,0,1
2025-02-24 01:00:00,3,14,61.0,Clear,0,0,1
2025-02-24 01:00:00,4,13,51.1,Clear,0,0,1
2025-02-24 02:00:00,1,10,31.0,Heavy Rain,0,0,2
2025-02-24 02:00:00,2,10,32.0,Heavy Rain,0,0,2
2025-02-24 02:00:00,3,6,28.0,Heavy Rain,0,0,2
2025-02-24 02:00:00,4,11,32.9,Heavy Rain,0,0,2
2025-02-24 03:00:00,1,27,53.6,Clear,0,0,3
2025-02-24 03:00:00,2,11,49.8,Clear,0,0,3
2025-02-24 03:00:00,3,14,54.4,Clear,0,0,3
2025-02-24 03:00:00,4,21,42.9,Clear,0,0,3
2025-02-24 04:00:00,1,16,49.5,Clear,0,0,4
2025-02-24 04:00:00,2,16,55.6,Clear,0,0,4
2025-02-24 04:00:00,3,14,53.6,Clear,0,0,4
2025-02-24 04:00:00,4,23,150,Clear,0,0,4
2025-02-24 05:00:00,1,22,53.1,Clear,0,0,5
2025-02-24 05:00:00,2,15,53.4,Clear,0,0,5
2025-02-24 05:00:00,3,13,-5,Clear,0,0,5
2025-02-24 05:00:00,4,16,52.6,Clear,0,0,5
2025-02-24 06:00:00,1,31,52.0,Clear,0,0,6
2025-02-24 06:00:00,2,25,55.3,Clear,0,0,6
2025-02-24 06:00:00,3,28,48.1,Clear,0,0,6
2025-02-24 06:00:00,4,36,44.5,Clear,0,0,6
2025-02-24 07:00:00,1,53,48.5,Clear,0,0,7
2025-02-24 07:00:00,2,54,34.6,Clear,0,0,7
2025-02-24 07:00:00,3,46,37.7,Clear,0,0,7
2025-02-24 07:00:00,4,66,29.4,Clear,0,0,7
2025-02-24 08:00:00,1,119,15.0,Clear,0,0,8
2025-02-24 08:00:00,2,80,30.1,Clear,0,0,8
2025-02-24 08:00:00,3,79,26.2,Clear,0,0,8
2025-02-24 08:00:00,4,98,19.1,Clear,0,0,8
2025-02-24 09:00:00,1,117,,Heavy Rain,0,0,9
2025-02-24 09:00:00,2,50,22.4,Heavy Rain,0,0,9
2025-02-24 09:00:00,3,47,24.9,Heavy Rain,0,0,9
2025-02-24 09:00:00,4,99,13.5,Heavy Rain,0,0,9
2025-02-24 10:00:00,1,146,5,Clear,0,0,10
2025-02-24 10:00:00,2,118,11.9,Clear,0,0,10
2025-02-24 10:00:00,3,61,37.2,Clear,0,0,10
2025-02-24 10:00:00,4,91,20.6,Clear,0,0,10
2025-02-24 11:00:00,1,86,25.7,Clear,0,0,11
2025-02-24 11:00:00,2,69,35.9,Clear,0,0,11
2025-02-24 11:00:00,3,58,35.4,Clear,0,0,11
2025-02-24 11:00:00,4,39,49.1,Clear,0,0,11
2025-02-24 12:00:00,1,79,19.7,Clear,0,0,12
2025-02-24 12:00:00,2,36,45.7,Clear,0,0,12
2025-02-24 12:00:00,3,52,39.5,Clear,0,0,12
2025-02-24 12:00:00,4,84,25.9,Clear,0,0,12
2025-02-24 13:00:00,1,99,16.4,Clear,0,0,13
2025-02-24 13:00:00,2,89,18.6,Clear,0,0,13
2025-02-24 13:00:00,3,63,39.6,Clear,0,0,13
2025-02-24 13:00:00,4,67,31.8,Clear,0,0,13
2025-02-24 14:00:00,1,71,39.6,Clear,0,0,14
2025-02-24 14:00:00,2,54,44.9,Clear,0,0,14
2025-02-24 14:00:00,3,58,29.9,Clear,0,0,14
2025-02-24 14:00:00,4,61,35.2,Clear,0,0,14
2025-02-24 15:00:00,1,69,32.7,Clear,0,0,15
2025-02-24 15:00:00,2,49,37.7,Clear,0,0,15
2025-02-24 15:00:00,3,30,49.7,Clear,0,0,15
2025-02-24 15:00:00,4,50,42.1,Clear,0,0,15
2025-02-24 16:00:00,1,59,36.9,Clear,0,0,16
2025-02-24 16:00:00,2,68,25.5,Clear,0,0,16
2025-02-24 16:00:00,3,52,38.2,Clear,0,0,16
2025-02-24 16:00:00,4,63,32.6,Clear,0,0,16
2025-02-24 17:00:00,1,109,12.2,Clear,0,0,17
2025-02-24 17:00:00,2,85,26.8,Clear,0,0,17
2025-02-24 17:00:00,3,68,30.2,Clear,0,0,17
2025-02-24 17:00:00,4,114,10.8,Clear,0,0,17
2025-02-24 18:00:00,1,164,5,Clear,0,0,18
2025-02-24 18:00:00,2,123,7.9,Clear,0,0,18
2025-02-24 18:00:00,3,108,13.5,Clear,0,0,18
2025-02-24 18:00:00,4,142,5,Clear,0,0,18
2025-02-24 19:00:00,1,121,14.0,Clear,0,0,19
2025-02-24 19:00:00,2,94,27.5,Clear,0,0,19
2025-02-24 19:00:00,3,88,26.7,Clear,0,0,19
2025-02-24 19:00:00,4,74,33.5,Clear,0,0,19
2025-02-24 20:00:00,1,58,41.0,Clear,0,0,20
2025-02-24 20:00:00,2,48,37.2,Clear,0,0,20
2025-02-24 20:00:00,3,51,39.0,Clear,0,0,20
2025-02-24 20:00:00,4,60,31.6,Clear,0,0,20
2025-02-24 21:00:00,1,54,36.7,Clear,0,0,21
2025-02-24 21:00:00,2,39,37.2,Clear,0,0,21
2025-02-24 21:00:00,3,43,51.5,Clear,0,0,21
2025-02-24 21:00:00,4,44,,Clear,0,0,21
2025-02-24 22:00:00,1,38,38.5,Clear,0,0,22
2025-02-24 22:00:00,2,27,39.2,Clear,0,0,22
2025-02-24 22:00:00,3,26,51.2,Clear,0,0,22
2025-02-24 22:00:00,4,24,42.4,Clear,0,0,22
2025-02-24 23:00:00,1,18,54.4,Clear,0,0,23
2025-02-24 23:00:00,2,16,47.1,Clear,0,0,23
2025-02-24 23:00:00,3,13,49.9,Clear,0,0,23
2025-02-24 23:00:00,4,18,59.9,Clear,0,0,23
2025-02-25 00:00:00,1,20,50.9,Clear,1,0,0
2025-02-25 00:00:00,2,,54.8,Clear,1,0,0
2025-02-25 00:00:00,3,13,58.0,Clear,1,0,0
2025-02-25 00:00:00,4,17,,Clear,1,0,0
2025-02-25 01:00:00,1,19,50.2,Cloudy,1,0,1
2025-02-25 01:00:00,2,16,50.0,Cloudy,1,0,1
2025-02-25 01:00:00,3,13,55.0,Cloudy,1,0,1
2025-02-25 01:00:00,4,18,54.3,Cloudy,1,0,1
2025-02-25 02:00:00,1,18,54.1,Clear,1,0,2
2025-02-25 02:00:00,2,14,51.8,Clear,1,0,2
2025-02-25 02:00:00,3,14,55.1,Clear,1,0,2
2025-02-25 02:00:00,4,15,49.1,Clear,1,0,2
2025-02-25 03:00:00,1,22,47.3,Clear,1,0,3
2025-02-25 03:00:00,2,17,48.9,Clear,1,0,3
2025-02-25 03:00:00,3,12,56.0,Clear,1,0,3
2025-02-25 03:00:00,4,13,51.2,Clear,1,0,3
2025-02-25 04:00:00,1,19,50.3,Clear,1,0,4
2025-02-25 04:00:00,2,13,-5,Clear,1,0,4
2025-02-25 04:00:00,3,14,51.6,Clear,1,0,4
2025-02-25 04:00:00,4,19,45.0,Clear,1,0,4
2025-02-25 05:00:00,1,,40.7,Clear,1,0,5
2025-02-25 05:00:00,2,17,49.7,Clear,1,0,5
2025-02-25 05:00:00,3,15,49.1,Clear,1,0,5
2025-02-25 05:00:00,4,20,56.2,Clear,1,0,5
2025-02-25 06:00:00,1,42,45.1,Clear,1,0,6
2025-02-25 06:00:00,2,25,45.5,Clear,1,0,6
2025-02-25 06:00:00,3,27,51.3,Clear,1,0,6
2025-02-25 06:00:00,4,32,52.4,Clear,1,0,6
2025-02-25 07:00:00,1,71,30.3,Clear,1,0,7
2025-02-25 07:00:00,2,39,51.6,Clear,1,0,7
2025-02-25 07:00:00,3,33,60.5,Clear,1,0,7
2025-02-25 07:00:00,4,56,32.7,Clear,1,0,7
2025-02-25 08:00:00,1,,32.0,Clear,1,0,8
2025-02-25 08:00:00,2,98,17.4,Clear,1,0,8
2025-02-25 08:00:00,3,72,25.2,Clear,1,0,8
2025-02-25 08:00:00,4,103,15.9,Clear,1,0,8
2025-02-25 09:00:00,1,132,5,Clear,1,0,9
2025-02-25 09:00:00,2,97,32.6,Clear,1,0,9
2025-02-25 09:00:00,3,84,25.4,Clear,1,0,9
2025-02-25 09:00:00,4,111,13.3,Clear,1,0,9
2025-02-25 10:00:00,1,118,19.0,Clear,1,0,10
2025-02-25 10:00:00,2,77,33.9,Clear,1,0,10
2025-02-25 10:00:00,3,64,29.1,Clear,1,0,10
2025-02-25 10:00:00,4,113,11.8,Clear,1,0,10
2025-02-25 11:00:00,1,45,28.0,Fog,1,0,11
2025-02-25 11:00:00,2,36,27.5,Fog,1,0,11
2025-02-25 11:00:00,3,32,34.3,Fog,1,0,11
2025-02-25 11:00:00,4,49,26.6,Fog,1,0,11
2025-02-25 12:00:00,1,76,34.1,Clear,1,0,12
2025-02-25 12:00:00,2,49,47.6,Clear,1,0,12
2025-02-25 12:00:00,3,62,27.6,Clear,1,0,12
2025-02-25 12:00:00,4,63,30.9,Clear,1,0,12
2025-02-25 13:00:00,1,102,15.5,Clear,1,0,13
2025-02-25 13:00:00,2,56,32.8,Clear,1,0,13
2025-02-25 13:00:00,3,72,39.2,Clear,1,0,13
2025-02-25 13:00:00,4,47,43.7,Clear,1,0,13
2025-02-25 14:00:00,1,79,28.8,Clear,1,0,14
2025-02-25 14:00:00,2,72,37.5,Clear,1,0,14
2025-02-25 14:00:00,3,48,42.3,Clear,1,0,14
2025-02-25 14:00:00,4,68,35.0,Clear,1,0,14
2025-02-25 15:00:00,1,60,37.1,Clear,1,0,15
2025-02-25 15:00:00,2,600,40.1,Clear,1,0,15
2025-02-25 15:00:00,3,39,42.5,Clear,1,0,15
2025-02-25 15:00:00,4,45,39.3,Clear,1,0,15
2025-02-25 16:00:00,1,64,39.6,Clear,1,0,16
2025-02-25 16:00:00,2,65,36.7,Clear,1,0,16
2025-02-25 16:00:00,3,54,38.5,Clear,1,0,16
2025-02-25 16:00:00,4,76,28.9,Clear,1,0,16
2025-02-25 17:00:00,1,155,5,Clear,1,0,17
2025-02-25 17:00:00,2,111,18.3,Clear,1,0,17
2025-02-25 17:00:00,3,92,26.9,Clear,1,0,17
2025-02-25 17:00:00,4,82,26.6,Clear,1,0,17
2025-02-25 18:00:00,1,141,5,Clear,1,0,18
2025-02-25 18:00:00,2,134,6.8,Clear,1,0,18
2025-02-25 18:00:00,3,114,15.5,Clear,1,0,18
2025-02-25 18:00:00,4,144,5,Clear,1,0,18
2025-02-25 19:00:00,1,105,23.2,Clear,1,0,19
2025-02-25 19:00:00,2,96,23.6,Clear,1,0,19
2025-02-25 19:00:00,3,79,29.3,Clear,1,0,19
2025-02-25 19:00:00,4,125,13.5,Clear,1,0,19
2025-02-25 20:00:00,1,86,29.9,Clear,1,0,20
2025-02-25 20:00:00,2,57,37.1,Clear,1,0,20
2025-02-25 20:00:00,3,51,41.0,Clear,1,0,20
2025-02-25 20:00:00,4,64,36.7,Clear,1,0,20
2025-02-25 21:00:00,1,60,37.8,Cloudy,1,0,21
2025-02-25 21:00:00,2,39,41.9,Cloudy,1,0,21
2025-02-25 21:00:00,3,-10,43.8,Cloudy,1,0,21
2025-02-25 21:00:00,4,47,42.5,Cloudy,1,0,21
2025-02-25 22:00:00,1,29,50.1,Clear,1,0,22
2025-02-25 22:00:00,2,25,46.0,Clear,1,0,22
2025-02-25 22:00:00,3,,58.4,Clear,1,0,22
2025-02-25 22:00:00,4,23,39.8,Clear,1,0,22
2025-02-25 23:00:00,1,22,47.3,Cloudy,1,0,23
2025-02-25 23:00:00,2,16,55.9,Cloudy,1,0,23
2025-02-25 23:00:00,3,12,49.9,Cloudy,1,0,23
2025-02-25 23:00:00,4,14,53.1,Cloudy,1,0,23
2025-02-26 00:00:00,1,20,53.8,Cloudy,2,0,0
2025-02-26 00:00:00,2,14,53.4,Cloudy,2,0,0
2025-02-26 00:00:00,3,15,46.8,Cloudy,2,0,0
2025-02-26 00:00:00,4,19,51.5,Cloudy,2,0,0
2025-02-26 01:00:00,1,19,35.8,Light Rain,2,0,1
2025-02-26 01:00:00,2,8,48.7,Light Rain,2,0,1
2025-02-26 01:00:00,3,13,44.7,Light Rain,2,0,1
2025-02-26 01:00:00,4,18,46.1,Light Rain,2,0,1
2025-02-26 02:00:00,1,20,49.8,Cloudy,2,0,2
2025-02-26 02:00:00,2,17,46.9,Cloudy,2,0,2
2025-02-26 02:00:00,3,12,49.5,Cloudy,2,0,2
2025-02-26 02:00:00,4,13,49.2,Cloudy,2,0,2
2025-02-26 03:00:00,1,14,44.4,Cloudy,2,0,3
2025-02-26 03:00:00,2,14,49.6,Cloudy,2,0,3
2025-02-26 03:00:00,3,11,52.7,Cloudy,2,0,3
2025-02-26 03:00:00,4,17,54.3,Cloudy,2,0,3
2025-02-26 04:00:00,1,16,55.4,Cloudy,2,0,4
2025-02-26 04:00:00,2,13,54.7,Cloudy,2,0,4
2025-02-26 04:00:00,3,999,50.9,Cloudy,2,0,4
2025-02-26 04:00:00,4,19,50.6,Cloudy,2,0,4
2025-02-26 05:00:00,1,22,52.1,Cloudy,2,0,5
2025-02-26 05:00:00,2,18,49.3,Cloudy,2,0,5
2025-02-26 05:00:00,3,15,49.3,Cloudy,2,0,5
2025-02-26 05:00:00,4,17,42.9,Cloudy,2,0,5
2025-02-26 06:00:00,1,41,42.5,Cloudy,2,0,6
2025-02-26 06:00:00,2,26,53.0,Cloudy,2,0,6
2025-02-26 06:00:00,3,24,56.8,Cloudy,2,0,6
2025-02-26 06:00:00,4,40,44.8,Cloudy,2,0,6
2025-02-26 07:00:00,1,72,25.6,Cloudy,2,0,7
2025-02-26 07:00:00,2,50,42.5,Cloudy,2,0,7
2025-02-26 07:00:00,3,47,36.0,Cloudy,2,0,7
2025-02-26 07:00:00,4,60,35.8,Cloudy,2,0,7
2025-02-26 08:00:00,1,123,6.0,Cloudy,2,0,8
2025-02-26 08:00:00,2,108,13.7,Cloudy,2,0,8
2025-02-26 08:00:00,3,90,23.7,Cloudy,2,0,8
2025-02-26 08:00:00,4,97,14.3,Cloudy,2,0,8
2025-02-26 09:00:00,1,173,5,Cloudy,2,0,9
2025-02-26 09:00:00,2,109,10.9,Cloudy,2,0,9
2025-02-26 09:00:00,3,100,24.2,Cloudy,2,0,9
2025-02-26 09:00:00,4,133,5,Cloudy,2,0,9
2025-02-26 10:00:00,1,109,,Clear,2,0,10
2025-02-26 10:00:00,2,-10,19.7,Clear,2,0,10
2025-02-26 10:00:00,3,85,39.2,Clear,2,0,10
2025-02-26 10:00:00,4,122,10.9,Clear,2,0,10
2025-02-26 11:00:00,1,75,26.1,Cloudy,2,0,11
2025-02-26 11:00:00,2,45,41.0,Cloudy,2,0,11
2025-02-26 11:00:00,3,42,40.9,Cloudy,2,0,11
2025-02-26 11:00:00,4,64,30.5,Cloudy,2,0,11
2025-02-26 12:00:00,1,90,14.0,Cloudy,2,0,12
2025-02-26 12:00:00,2,53,28.1,Cloudy,2,0,12
2025-02-26 12:00:00,3,48,43.6,Cloudy,2,0,12
2025-02-26 12:00:00,4,62,31.6,Cloudy,2,0,12
2025-02-26 13:00:00,1,82,22.4,Cloudy,2,0,13
2025-02-26 13:00:00,2,73,27.1,Cloudy,2,0,13
2025-02-26 13:00:00,3,67,31.8,Cloudy,2,0,13
2025-02-26 13:00:00,4,72,36.9,Cloudy,2,0,13
2025-02-26 14:00:00,1,53,,Cloudy,2,0,14
2025-02-26 14:00:00,2,54,,Cloudy,2,0,14
2025-02-26 14:00:00,3,52,35.3,Cloudy,2,0,14
2025-02-26 14:00:00,4,52,43.5,Cloudy,2,0,14
2025-02-26 15:00:00,1,54,39.8,Cloudy,2,0,15
2025-02-26 15:00:00,2,41,43.4,Cloudy,2,0,15
2025-02-26 15:00:00,3,42,29.6,Cloudy,2,0,15
2025-02-26 15:00:00,4,49,34.3,Cloudy,2,0,15
2025-02-26 16:00:00,1,94,13.4,Cloudy,2,0,16
2025-02-26 16:00:00,2,69,34.5,Cloudy,2,0,16
2025-02-26 16:00:00,3,48,35.0,Cloudy,2,0,16
2025-02-26 16:00:00,4,82,30.4,Cloudy,2,0,16
2025-02-26 17:00:00,1,150,5,Cloudy,2,0,17
2025-02-26 17:00:00,2,128,5,Cloudy,2,0,17
2025-02-26 17:00:00,3,80,26.2,Cloudy,2,0,17
2025-02-26 17:00:00,4,110,14.4,Cloudy,2,0,17
2025-02-26 18:00:00,1,163,5,Cloudy,2,0,18
2025-02-26 18:00:00,2,132,5,Cloudy,2,0,18
2025-02-26 18:00:00,3,120,15.1,Cloudy,2,0,18
2025-02-26 18:00:00,4,126,11.3,Cloudy,2,0,18
2025-02-26 19:00:00,1,136,7.8,Cloudy,2,0,19
2025-02-26 19:00:00,2,112,8.3,Cloudy,2,0,19
2025-02-26 19:00:00,3,97,20.9,Cloudy,2,0,19
2025-02-26 19:00:00,4,132,5,Cloudy,2,0,19
2025-02-26 20:00:00,1,80,31.3,Cloudy,2,0,20
2025-02-26 20:00:00,2,50,30.2,Cloudy,2,0,20
2025-02-26 20:00:00,3,69,39.5,Cloudy,2,0,20
2025-02-26 20:00:00,4,72,24.8,Cloudy,2,0,20
2025-02-26 21:00:00,1,57,34.0,Cloudy,2,0,21
2025-02-26 21:00:00,2,39,54.4,Cloudy,2,0,21
2025-02-26 21:00:00,3,29,52.0,Cloudy,2,0,21
2025-02-26 21:00:00,4,39,40.1,Cloudy,2,0,21
2025-02-26 22:00:00,1,37,49.8,Cloudy,2,0,22
2025-02-26 22:00:00,2,26,53.5,Cloudy,2,0,22
2025-02-26 22:00:00,3,25,48.1,Cloudy,2,0,22
2025-02-26 22:00:00,4,32,40.8,Cloudy,2,0,22
2025-02-26 23:00:00,1,24,57.1,Cloudy,2,0,23
2025-02-26 23:00:00,2,15,47.7,Cloudy,2,0,23
2025-02-26 23:00:00,3,14,54.6,Cloudy,2,0,23
2025-02-26 23:00:00,4,19,52.3,Cloudy,2,0,23
2025-02-27 00:00:00,1,19,50.3,Cloudy,3,0,0
2025-02-27 00:00:00,2,11,49.2,Cloudy,3,0,0
2025-02-27 00:00:00,3,13,58.2,Cloudy,3,0,0
2025-02-27 00:00:00,4,21,52.1,Cloudy,3,0,0
2025-02-27 01:00:00,1,19,53.2,Cloudy,3,0,1
2025-02-27 01:00:00,2,17,52.6,Cloudy,3,0,1
2025-02-27 01:00:00,3,11,51.9,Cloudy,3,0,1
2025-02-27 01:00:00,4,15,51.2,Cloudy,3,0,1
2025-02-27 02:00:00,1,15,59.2,Cloudy,3,0,2
2025-02-27 02:00:00,2,17,55.9,Cloudy,3,0,2
2025-02-27 02:00:00,3,17,52.0,Cloudy,3,0,2
2025-02-27 02:00:00,4,19,44.9,Cloudy,3,0,2
2025-02-27 03:00:00,1,20,53.3,Cloudy,3,0,3
2025-02-27 03:00:00,2,19,55.0,Cloudy,3,0,3
2025-02-27 03:00:00,3,12,46.4,Cloudy,3,0,3
2025-02-27 03:00:00,4,15,49.5,Cloudy,3,0,3
2025-02-27 04:00:00,1,14,56.3,Cloudy,3,0,4
2025-02-27 04:00:00,2,17,53.2,Cloudy,3,0,4
2025-02-27 04:00:00,3,11,50.5,Cloudy,3,0,4
2025-02-27 04:00:00,4,18,53.8,Cloudy,3,0,4
2025-02-27 05:00:00,1,25,54.4,Cloudy,3,0,5
2025-02-27 05:00:00,2,19,57.4,Cloudy,3,0,5
2025-02-27 05:00:00,3,15,52.3,Cloudy,3,0,5
2025-02-27 05:00:00,4,21,40.8,Cloudy,3,0,5
2025-02-27 06:00:00,1,31,44.2,Cloudy,3,0,6
2025-02-27 06:00:00,2,34,46.6,Cloudy,3,0,6
2025-02-27 06:00:00,3,25,42.9,Cloudy,3,0,6
2025-02-27 06:00:00,4,32,44.1,Cloudy,3,0,6
2025-02-27 07:00:00,1,,34.9,Cloudy,3,0,7
2025-02-27 07:00:00,2,39,38.4,Cloudy,3,0,7
2025-02-27 07:00:00,3,50,38.6,Cloudy,3,0,7
2025-02-27 07:00:00,4,57,37.9,Cloudy,3,0,7
2025-02-27 08:00:00,1,95,22.2,Cloudy,3,0,8
2025-02-27 08:00:00,2,106,20.1,Cloudy,3,0,8
2025-02-27 08:00:00,3,,22.8,Cloudy,3,0,8
2025-02-27 08:00:00,4,95,17.0,Cloudy,3,0,8
2025-02-27 09:00:00,1,145,6.2,Cloudy,3,0,9
2025-02-27 09:00:00,2,122,,Cloudy,3,0,9
2025-02-27 09:00:00,3,88,16.9,Cloudy,3,0,9
2025-02-27 09:00:00,4,142,5,Cloudy,3,0,9
2025-02-27 10:00:00,1,60,19.8,Heavy Rain,3,0,10
2025-02-27 10:00:00,2,43,25.3,Heavy Rain,3,0,10
2025-02-27 10:00:00,3,45,24.1,Heavy Rain,3,0,10
2025-02-27 10:00:00,4,56,21.1,Heavy Rain,3,0,10
2025-02-27 11:00:00,1,44,31.9,Cloudy,3,0,11
2025-02-27 11:00:00,2,49,31.9,Cloudy,3,0,11
2025-02-27 11:00:00,3,55,41.3,Cloudy,3,0,11
2025-02-27 11:00:00,4,59,33.5,Cloudy,3,0,11
2025-02-27 12:00:00,1,64,30.9,Cloudy,3,0,12
2025-02-27 12:00:00,2,54,45.6,Cloudy,3,0,12
2025-02-27 12:00:00,3,56,29.6,Cloudy,3,0,12
2025-02-27 12:00:00,4,70,29.4,Cloudy,3,0,12
2025-02-27 13:00:00,1,97,27.8,Cloudy,3,0,13
2025-02-27 13:00:00,2,37,42.1,Cloudy,3,0,13
2025-02-27 13:00:00,3,74,23.0,Cloudy,3,0,13
2025-02-27 13:00:00,4,109,7.9,Cloudy,3,0,13
2025-02-27 14:00:00,1,87,17.0,Cloudy,3,0,14
2025-02-27 14:00:00,2,50,40.6,Cloudy,3,0,14
2025-02-27 14:00:00,3,47,42.7,Cloudy,3,0,14
2025-02-27 14:00:00,4,62,32.4,Cloudy,3,0,14
2025-02-27 15:00:00,1,69,28.7,Cloudy,3,0,15
2025-02-27 15:00:00,2,45,,Cloudy,3,0,15
2025-02-27 15:00:00,3,48,42.3,Cloudy,3,0,15
2025-02-27 15:00:00,4,52,38.5,Cloudy,3,0,15
2025-02-27 16:00:00,1,102,13.0,Clear,3,0,16
2025-02-27 16:00:00,2,67,32.2,Clear,3,0,16
2025-02-27 16:00:00,3,50,,Clear,3,0,16
2025-02-27 16:00:00,4,73,150,Clear,3,0,16
2025-02-27 17:00:00,1,152,5,Cloudy,3,0,17
2025-02-27 17:00:00,2,107,20.9,Cloudy,3,0,17
2025-02-27 17:00:00,3,87,22.8,Cloudy,3,0,17
2025-02-27 17:00:00,4,88,35.4,Cloudy,3,0,17
2025-02-27 18:00:00,1,177,5,Cloudy,3,0,18
2025-02-27 18:00:00,2,96,32.2,Cloudy,3,0,18
2025-02-27 18:00:00,3,96,22.5,Cloudy,3,0,18
2025-02-27 18:00:00,4,115,11.1,Cloudy,3,0,18
2025-02-27 19:00:00,1,115,9.9,Cloudy,3,0,19
2025-02-27 19:00:00,2,132,10.2,Cloudy,3,0,19
2025-02-27 19:00:00,3,67,38.2,Cloudy,3,0,19
2025-02-27 19:00:00,4,133,5,Cloudy,3,0,19
2025-02-27 20:00:00,1,88,29.6,Cloudy,3,0,20
2025-02-27 20:00:00,2,,33.3,Cloudy,3,0,20
2025-02-27 20:00:00,3,58,43.4,Cloudy,3,0,20
2025-02-27 20:00:00,4,72,28.9,Cloudy,3,0,20
2025-02-27 21:00:00,1,47,35.8,Cloudy,3,0,21
2025-02-27 21:00:00,2,39,41.0,Cloudy,3,0,21
2025-02-27 21:00:00,3,33,37.5,Cloudy,3,0,21
2025-02-27 21:00:00,4,41,43.3,Cloudy,3,0,21
2025-02-27 22:00:00,1,40,42.6,Clear,3,0,22
2025-02-27 22:00:00,2,28,54.2,Clear,3,0,22
2025-02-27 22:00:00,3,21,51.3,Clear,3,0,22
2025-02-27 22:00:00,4,37,38.6,Clear,3,0,22
2025-02-27 23:00:00,1,22,48.7,Cloudy,3,0,23
2025-02-27 23:00:00,2,16,60.3,Cloudy,3,0,23
2025-02-27 23:00:00,3,15,47.0,Cloudy,3,0,23
2025-02-27 23:00:00,4,21,44.0,Cloudy,3,0,23
2025-02-28 00:00:00,1,13,29.8,Heavy Rain,4,0,0
2025-02-28 00:00:00,2,9,29.9,Heavy Rain,4,0,0
2025-02-28 00:00:00,3,7,31.2,Heavy Rain,4,0,0
2025-02-28 00:00:00,4,11,29.4,Heavy Rain,4,0,0
2025-02-28 01:00:00,1,12,27.7,Heavy Rain,4,0,1
2025-02-28 01:00:00,2,9,33.6,Heavy Rain,4,0,1
2025-02-28 01:00:00,3,6,25.6,Heavy Rain,4,0,1
2025-02-28 01:00:00,4,7,34.0,Heavy Rain,4,0,1
2025-02-28 02:00:00,1,14,33.7,Heavy Rain,4,0,2
2025-02-28 02:00:00,2,9,27.7,Heavy Rain,4,0,2
2025-02-28 02:00:00,3,7,31.5,Heavy Rain,4,0,2
2025-02-28 02:00:00,4,6,30.2,Heavy Rain,4,0,2
2025-02-28 03:00:00,1,11,33.0,Heavy Rain,4,0,3
2025-02-28 03:00:00,2,11,32.6,Heavy Rain,4,0,3
2025-02-28 03:00:00,3,8,33.1,Heavy Rain,4,0,3
2025-02-28 03:00:00,4,9,32.7,Heavy Rain,4,0,3
2025-02-28 04:00:00,1,11,25.3,Heavy Rain,4,0,4
2025-02-28 04:00:00,2,10,31.0,Heavy Rain,4,0,4
2025-02-28 04:00:00,3,9,29.3,Heavy Rain,4,0,4
2025-02-28 04:00:00,4,12,35.7,Heavy Rain,4,0,4
2025-02-28 05:00:00,1,9,31.5,Heavy Rain,4,0,5
2025-02-28 05:00:00,2,9,34.4,Heavy Rain,4,0,5
2025-02-28 05:00:00,3,8,30.0,Heavy Rain,4,0,5
2025-02-28 05:00:00,4,10,29.3,Heavy Rain,4,0,5
2025-02-28 06:00:00,1,999,25.5,Heavy Rain,4,0,6
2025-02-28 06:00:00,2,17,32.9,Heavy Rain,4,0,6
2025-02-28 06:00:00,3,14,30.7,Heavy Rain,4,0,6
2025-02-28 06:00:00,4,21,,Heavy Rain,4,0,6
2025-02-28 07:00:00,1,38,30.5,Heavy Rain,4,0,7
2025-02-28 07:00:00,2,27,26.8,Heavy Rain,4,0,7
2025-02-28 07:00:00,3,23,28.9,Heavy Rain,4,0,7
2025-02-28 07:00:00,4,33,26.6,Heavy Rain,4,0,7
2025-02-28 08:00:00,1,70,16.3,Heavy Rain,4,0,8
2025-02-28 08:00:00,2,45,20.0,Heavy Rain,4,0,8
2025-02-28 08:00:00,3,48,19.7,Heavy Rain,4,0,8
2025-02-28 08:00:00,4,39,25.6,Heavy Rain,4,0,8
2025-02-28 09:00:00,1,80,16.2,Heavy Rain,4,0,9
2025-02-28 09:00:00,2,63,17.1,Heavy Rain,4,0,9
2025-02-28 09:00:00,3,59,18.0,Heavy Rain,4,0,9
2025-02-28 09:00:00,4,36,29.2,Heavy Rain,4,0,9
2025-02-28 10:00:00,1,85,16.8,Heavy Rain,4,0,10
2025-02-28 10:00:00,2,68,17.3,Heavy Rain,4,0,10
2025-02-28 10:00:00,3,44,19.9,Heavy Rain,4,0,10
2025-02-28 10:00:00,4,66,-5,Heavy Rain,4,0,10
2025-02-28 11:00:00,1,44,24.6,Heavy Rain,4,0,11
2025-02-28 11:00:00,2,39,26.5,Heavy Rain,4,0,11
2025-02-28 11:00:00,3,22,29.5,Heavy Rain,4,0,11
2025-02-28 11:00:00,4,37,22.4,Heavy Rain,4,0,11
2025-02-28 12:00:00,1,37,22.4,Heavy Rain,4,0,12
2025-02-28 12:00:00,2,38,19.3,Heavy Rain,4,0,12
2025-02-28 12:00:00,3,31,27.7,Heavy Rain,4,0,12
2025-02-28 12:00:00,4,41,21.4,Heavy Rain,4,0,12
2025-02-28 13:00:00,1,53,21.3,Heavy Rain,4,0,13
2025-02-28 13:00:00,2,42,18.5,Heavy Rain,4,0,13
2025-02-28 13:00:00,3,38,26.4,Heavy Rain,4,0,13
2025-02-28 13:00:00,4,46,24.8,Heavy Rain,4,0,13
2025-02-28 14:00:00,1,39,,Heavy Rain,4,0,14
2025-02-28 14:00:00,2,29,23.6,Heavy Rain,4,0,14
2025-02-28 14:00:00,3,33,200,Heavy Rain,4,0,14
2025-02-28 14:00:00,4,32,27.4,Heavy Rain,4,0,14
2025-02-28 15:00:00,1,36,25.0,Heavy Rain,4,0,15
2025-02-28 15:00:00,2,26,29.3,Heavy Rain,4,0,15
2025-02-28 15:00:00,3,24,29.5,Heavy Rain,4,0,15
2025-02-28 15:00:00,4,26,27.2,Heavy Rain,4,0,15
2025-02-28 16:00:00,1,41,24.3,Heavy Rain,4,0,16
2025-02-28 16:00:00,2,36,,Heavy Rain,4,0,16
2025-02-28 16:00:00,3,30,27.5,Heavy Rain,4,0,16
2025-02-28 16:00:00,4,41,23.5,Heavy Rain,4,0,16
2025-02-28 17:00:00,1,65,13.9,Heavy Rain,4,0,17
2025-02-28 17:00:00,2,40,22.1,Heavy Rain,4,0,17
2025-02-28 17:00:00,3,52,23.7,Heavy Rain,4,0,17
2025-02-28 17:00:00,4,83,,Heavy Rain,4,0,17
2025-02-28 18:00:00,1,82,12.0,Heavy Rain,4,0,18
2025-02-28 18:00:00,2,61,19.7,Heavy Rain,4,0,18
2025-02-28 18:00:00,3,67,18.3,Heavy Rain,4,0,18
2025-02-28 18:00:00,4,81,13.1,Heavy Rain,4,0,18
2025-02-28 19:00:00,1,79,19.4,Heavy Rain,4,0,19
2025-02-28 19:00:00,2,52,20.4,Heavy Rain,4,0,19
2025-02-28 19:00:00,3,60,20.1,Heavy Rain,4,0,19
2025-02-28 19:00:00,4,63,16.4,Heavy Rain,4,0,19
2025-02-28 20:00:00,1,41,25.2,Heavy Rain,4,0,20
2025-02-28 20:00:00,2,33,25.1,Heavy Rain,4,0,20
2025-02-28 20:00:00,3,37,22.6,Heavy Rain,4,0,20
2025-02-28 20:00:00,4,47,22.4,Heavy Rain,4,0,20
2025-02-28 21:00:00,1,25,26.9,Heavy Rain,4,0,21
2025-02-28 21:00:00,2,20,33.9,Heavy Rain,4,0,21
2025-02-28 21:00:00,3,19,25.8,Heavy Rain,4,0,21
2025-02-28 21:00:00,4,21,29.3,Heavy Rain,4,0,21
2025-02-28 22:00:00,1,17,28.5,Heavy Rain,4,0,22
2025-02-28 22:00:00,2,13,30.5,Heavy Rain,4,0,22
2025-02-28 22:00:00,3,15,27.6,Heavy Rain,4,0,22
2025-02-28 22:00:00,4,21,25.4,Heavy Rain,4,0,22
2025-02-28 23:00:00,1,23,47.4,Cloudy,4,0,23
2025-02-28 23:00:00,2,15,48.6,Cloudy,4,0,23
2025-02-28 23:00:00,3,12,45.2,Cloudy,4,0,23
2025-02-28 23:00:00,4,16,54.6,Cloudy,4,0,23
2025-03-01 00:00:00,1,14,69.1,Clear,5,0,0
2025-03-01 00:00:00,2,16,57.1,Clear,5,0,0
2025-03-01 00:00:00,3,15,60.7,Clear,5,0,0
2025-03-01 00:00:00,4,15,49.2,Clear,5,0,0
2025-03-01 01:00:00,1,17,49.6,Clear,5,0,1
2025-03-01 01:00:00,2,18,52.8,Clear,5,0,1
2025-03-01 01:00:00,3,13,51.5,Clear,5,0,1
2025-03-01 01:00:00,4,14,57.7,Clear,5,0,1
2025-03-01 02:00:00,1,-10,43.4,Clear,5,0,2
2025-03-01 02:00:00,2,12,57.0,Clear,5,0,2
2025-03-01 02:00:00,3,8,62.9,Clear,5,0,2
2025-03-01 02:00:00,4,13,59.2,Clear,5,0,2
2025-03-01 03:00:00,1,23,60.1,Clear,5,0,3
2025-03-01 03:00:00,2,16,47.5,Clear,5,0,3
2025-03-01 03:00:00,3,10,51.6,Clear,5,0,3
2025-03-01 03:00:00,4,16,61.6,Clear,5,0,3
2025-03-01 04:00:00,1,17,46.2,Clear,5,0,4
2025-03-01 04:00:00,2,14,51.3,Clear,5,0,4
2025-03-01 04:00:00,3,15,55.8,Clear,5,0,4
2025-03-01 04:00:00,4,13,59.8,Clear,5,0,4
2025-03-01 05:00:00,1,9,36.5,Heavy Rain,5,0,5
2025-03-01 05:00:00,2,7,200,Heavy Rain,5,0,5
2025-03-01 05:00:00,3,10,30.5,Heavy Rain,5,0,5
2025-03-01 05:00:00,4,8,33.2,Heavy Rain,5,0,5
2025-03-01 06:00:00,1,42,44.9,Clear,5,0,6
2025-03-01 06:00:00,2,35,41.8,Clear,5,0,6
2025-03-01 06:00:00,3,39,40.0,Clear,5,0,6
2025-03-01 06:00:00,4,32,35.3,Clear,5,0,6
2025-03-01 07:00:00,1,68,36.5,Clear,5,0,7
2025-03-01 07:00:00,2,53,44.9,Clear,5,0,7
2025-03-01 07:00:00,3,50,44.9,Clear,5,0,7
2025-03-01 07:00:00,4,60,37.5,Clear,5,0,7
2025-03-01 08:00:00,1,52,24.9,Light Rain,5,0,8
2025-03-01 08:00:00,2,46,33.6,Light Rain,5,0,8
2025-03-01 08:00:00,3,36,31.5,Light Rain,5,0,8
2025-03-01 08:00:00,4,64,36.5,Light Rain,5,0,8
2025-03-01 09:00:00,1,86,23.2,Clear,5,0,9
2025-03-01 09:00:00,2,67,36.4,Clear,5,0,9
2025-03-01 09:00:00,3,48,39.3,Clear,5,0,9
2025-03-01 09:00:00,4,71,31.7,Clear,5,0,9
2025-03-01 10:00:00,1,103,28.9,Clear,5,0,10
2025-03-01 10:00:00,2,64,36.9,Clear,5,0,10
2025-03-01 10:00:00,3,70,30.7,Clear,5,0,10
2025-03-01 10:00:00,4,56,31.8,Clear,5,0,10
2025-03-01 11:00:00,1,82,31.1,Clear,5,0,11
2025-03-01 11:00:00,2,65,29.5,Clear,5,0,11
2025-03-01 11:00:00,3,60,37.6,Clear,5,0,11
2025-03-01 11:00:00,4,79,,Clear,5,0,11
2025-03-01 12:00:00,1,95,24.8,Clear,5,0,12
2025-03-01 12:00:00,2,75,31.3,Clear,5,0,12
2025-03-01 12:00:00,3,64,32.0,Clear,5,0,12
2025-03-01 12:00:00,4,79,,Clear,5,0,12
2025-03-01 13:00:00,1,88,22.9,Clear,5,0,13
2025-03-01 13:00:00,2,80,23.0,Clear,5,0,13
2025-03-01 13:00:00,3,63,24.8,Clear,5,0,13
2025-03-01 13:00:00,4,74,31.8,Clear,5,0,13
2025-03-01 14:00:00,1,78,34.4,Clear,5,0,14
2025-03-01 14:00:00,2,68,,Clear,5,0,14
2025-03-01 14:00:00,3,87,27.7,Clear,5,0,14
2025-03-01 14:00:00,4,58,48.7,Clear,5,0,14
2025-03-01 15:00:00,1,85,19.8,Clear,5,0,15
2025-03-01 15:00:00,2,69,34.5,Clear,5,0,15
2025-03-01 15:00:00,3,51,37.4,Clear,5,0,15
2025-03-01 15:00:00,4,63,36.6,Clear,5,0,15
2025-03-01 16:00:00,1,78,25.0,Clear,5,0,16
2025-03-01 16:00:00,2,61,27.8,Clear,5,0,16
2025-03-01 16:00:00,3,53,34.7,Clear,5,0,16
2025-03-01 16:00:00,4,71,24.7,Clear,5,0,16
2025-03-01 17:00:00,1,62,30.2,Clear,5,0,17
2025-03-01 17:00:00,2,67,35.2,Clear,5,0,17
2025-03-01 17:00:00,3,33,43.2,Clear,5,0,17
2025-03-01 17:00:00,4,42,49.9,Clear,5,0,17
2025-03-01 18:00:00,1,53,44.4,Clear,5,0,18
2025-03-01 18:00:00,2,45,39.6,Clear,5,0,18
2025-03-01 18:00:00,3,39,40.9,Clear,5,0,18
2025-03-01 18:00:00,4,,48.0,Clear,5,0,18
2025-03-01 19:00:00,1,49,39.1,Clear,5,0,19
2025-03-01 19:00:00,2,29,43.3,Clear,5,0,19
2025-03-01 19:00:00,3,31,52.3,Clear,5,0,19
2025-03-01 19:00:00,4,42,40.6,Clear,5,0,19
2025-03-01 20:00:00,1,33,55.8,Clear,5,0,20
2025-03-01 20:00:00,2,21,47.1,Clear,5,0,20
2025-03-01 20:00:00,3,25,42.0,Clear,5,0,20
2025-03-01 20:00:00,4,32,,Clear,5,0,20
2025-03-01 21:00:00,1,26,50.0,Clear,5,0,21
2025-03-01 21:00:00,2,16,48.1,Clear,5,0,21
2025-03-01 21:00:00,3,21,57.4,Clear,5,0,21
2025-03-01 21:00:00,4,23,62.8,Clear,5,0,21
2025-03-01 22:00:00,1,23,48.7,Clear,5,0,22
2025-03-01 22:00:00,2,13,49.2,Clear,5,0,22
2025-03-01 22:00:00,3,15,58.9,Clear,5,0,22
2025-03-01 22:00:00,4,13,56.1,Clear,5,0,22
2025-03-01 23:00:00,1,20,43.9,Clear,5,0,23
2025-03-01 23:00:00,2,16,57.1,Clear,5,0,23
2025-03-01 23:00:00,3,11,62.1,Clear,5,0,23
2025-03-01 23:00:00,4,15,55.5,Clear,5,0,23
2025-03-02 00:00:00,1,11,32.9,Heavy Rain,6,0,0
2025-03-02 00:00:00,2,7,30.1,Heavy Rain,6,0,0
2025-03-02 00:00:00,3,9,35.3,Heavy Rain,6,0,0
2025-03-02 00:00:00,4,9,27.1,Heavy Rain,6,0,0
2025-03-02 01:00:00,1,16,55.5,Clear,6,0,1
2025-03-02 01:00:00,2,14,51.6,Clear,6,0,1
2025-03-02 01:00:00,3,15,53.3,Clear,6,0,1
2025-03-02 01:00:00,4,10,58.0,Clear,6,0,1
2025-03-02 02:00:00,1,14,53.3,Clear,6,0,2
2025-03-02 02:00:00,2,16,55.3,Clear,6,0,2
2025-03-02 02:00:00,3,16,52.7,Clear,6,0,2
2025-03-02 02:00:00,4,15,55.4,Clear,6,0,2
2025-03-02 03:00:00,1,15,54.2,Clear,6,0,3
2025-03-02 03:00:00,2,11,62.1,Clear,6,0,3
2025-03-02 03:00:00,3,12,49.3,Clear,6,0,3
2025-03-02 03:00:00,4,17,52.2,Clear,6,0,3
2025-03-02 04:00:00,1,21,59.9,Clear,6,0,4
2025-03-02 04:00:00,2,14,58.4,Clear,6,0,4
2025-03-02 04:00:00,3,16,55.7,Clear,6,0,4
2025-03-02 04:00:00,4,,52.5,Clear,6,0,4
2025-03-02 05:00:00,1,20,54.7,Clear,6,0,5
2025-03-02 05:00:00,2,18,51.6,Clear,6,0,5
2025-03-02 05:00:00,3,12,61.0,Clear,6,0,5
2025-03-02 05:00:00,4,15,52.5,Clear,6,0,5
2025-03-02 06:00:00,1,58,35.2,Clear,6,0,6
2025-03-02 06:00:00,2,35,46.0,Clear,6,0,6
2025-03-02 06:00:00,3,36,39.5,Clear,6,0,6
2025-03-02 06:00:00,4,43,36.3,Clear,6,0,6
2025-03-02 07:00:00,1,59,33.5,Clear,6,0,7
2025-03-02 07:00:00,2,57,36.8,Clear,6,0,7
2025-03-02 07:00:00,3,51,38.7,Clear,6,0,7
2025-03-02 07:00:00,4,65,29.0,Clear,6,0,7
2025-03-02 08:00:00,1,57,40.6,Clear,6,0,8
2025-03-02 08:00:00,2,55,33.1,Clear,6,0,8
2025-03-02 08:00:00,3,43,47.5,Clear,6,0,8
2025-03-02 08:00:00,4,88,25.7,Clear,6,0,8
2025-03-02 09:00:00,1,73,27.4,Clear,6,0,9
2025-03-02 09:00:00,2,51,28.9,Clear,6,0,9
2025-03-02 09:00:00,3,56,34.3,Clear,6,0,9
2025-03-02 09:00:00,4,82,38.6,Clear,6,0,9
2025-03-02 10:00:00,1,96,22.6,Clear,6,0,10
2025-03-02 10:00:00,2,66,34.5,Clear,6,0,10
2025-03-02 10:00:00,3,60,34.4,Clear,6,0,10
2025-03-02 10:00:00,4,96,12.2,Clear,6,0,10
2025-03-02 11:00:00,1,96,23.7,Clear,6,0,11
2025-03-02 11:00:00,2,84,23.1,Clear,6,0,11
2025-03-02 11:00:00,3,58,39.0,Clear,6,0,11
2025-03-02 11:00:00,4,66,30.6,Clear,6,0,11
2025-03-02 12:00:00,1,70,27.6,Clear,6,0,12
2025-03-02 12:00:00,2,56,43.3,Clear,6,0,12
2025-03-02 12:00:00,3,67,28.1,Clear,6,0,12
2025-03-02 12:00:00,4,84,23.3,Clear,6,0,12
2025-03-02 13:00:00,1,95,25.2,Clear,6,0,13
2025-03-02 13:00:00,2,53,39.7,Clear,6,0,13
2025-03-02 13:00:00,3,55,34.6,Clear,6,0,13
2025-03-02 13:00:00,4,46,47.4,Clear,6,0,13
2025-03-02 14:00:00,1,100,14.9,Clear,6,0,14
2025-03-02 14:00:00,2,65,34.2,Clear,6,0,14
2025-03-02 14:00:00,3,68,43.1,Clear,6,0,14
2025-03-02 14:00:00,4,62,34.2,Clear,6,0,14
2025-03-02 15:00:00,1,70,43.4,Clear,6,0,15
2025-03-02 15:00:00,2,49,44.3,Clear,6,0,15
2025-03-02 15:00:00,3,56,38.0,Clear,6,0,15
2025-03-02 15:00:00,4,83,28.7,Clear,6,0,15
2025-03-02 16:00:00,1,70,32.9,Clear,6,0,16
2025-03-02 16:00:00,2,55,38.0,Clear,6,0,16
2025-03-02 16:00:00,3,38,39.8,Clear,6,0,16
2025-03-02 16:00:00,4,47,39.5,Clear,6,0,16
2025-03-02 17:00:00,1,55,40.9,Clear,6,0,17
2025-03-02 17:00:00,2,47,36.1,Clear,6,0,17
2025-03-02 17:00:00,3,50,48.3,Clear,6,0,17
2025-03-02 17:00:00,4,61,33.5,Clear,6,0,17
2025-03-02 18:00:00,1,50,44.2,Clear,6,0,18
2025-03-02 18:00:00,2,40,43.8,Clear,6,0,18
2025-03-02 18:00:00,3,41,40.1,Clear,6,0,18
2025-03-02 18:00:00,4,27,,Clear,6,0,18
2025-03-02 19:00:00,1,47,45.4,Clear,6,0,19
2025-03-02 19:00:00,2,29,49.7,Clear,6,0,19
2025-03-02 19:00:00,3,26,57.5,Clear,6,0,19
2025-03-02 19:00:00,4,39,46.0,Clear,6,0,19
2025-03-02 20:00:00,1,28,45.9,Clear,6,0,20
2025-03-02 20:00:00,2,20,52.8,Clear,6,0,20
2025-03-02 20:00:00,3,22,55.1,Clear,6,0,20
2025-03-02 20:00:00,4,32,41.8,Clear,6,0,20
2025-03-02 21:00:00,1,19,48.3,Clear,6,0,21
2025-03-02 21:00:00,2,23,53.0,Clear,6,0,21
2025-03-02 21:00:00,3,16,48.2,Clear,6,0,21
2025-03-02 21:00:00,4,17,50.5,Clear,6,0,21
2025-03-02 22:00:00,1,19,50.7,Clear,6,0,22
2025-03-02 22:00:00,2,19,57.1,Clear,6,0,22
2025-03-02 22:00:00,3,13,51.4,Clear,6,0,22
2025-03-02 22:00:00,4,13,53.1,Clear,6,0,22
2025-03-02 23:00:00,1,22,48.1,Clear,6,0,23
2025-03-02 23:00:00,2,13,49.6,Clear,6,0,23
2025-03-02 23:00:00,3,14,53.0,Clear,6,0,23
2025-03-02 23:00:00,4,15,53.6,Clear,6,0,23
2025-03-03 00:00:00,1,23,38.1,Cloudy,0,0,0
2025-03-03 00:00:00,2,13,67.3,Cloudy,0,0,0
2025-03-03 00:00:00,3,18,46.8,Cloudy,0,0,0
2025-03-03 00:00:00,4,21,49.6,Cloudy,0,0,0
2025-03-03 01:00:00,1,,54.0,Cloudy,0,0,1
2025-03-03 01:00:00,2,14,52.8,Cloudy,0,0,1
2025-03-03 01:00:00,3,19,46.7,Cloudy,0,0,1
2025-03-03 01:00:00,4,17,44.3,Cloudy,0,0,1
2025-03-03 02:00:00,1,19,55.0,Cloudy,0,0,2
2025-03-03 02:00:00,2,13,57.9,Cloudy,0,0,2
2025-03-03 02:00:00,3,17,42.2,Cloudy,0,0,2
2025-03-03 02:00:00,4,19,51.3,Cloudy,0,0,2
2025-03-03 03:00:00,1,17,55.6,Clear,0,0,3
2025-03-03 03:00:00,2,19,48.4,Clear,0,0,3
2025-03-03 03:00:00,3,17,62.1,Clear,0,0,3
2025-03-03 03:00:00,4,17,53.2,Clear,0,0,3
2025-03-03 04:00:00,1,19,49.5,Cloudy,0,0,4
2025-03-03 04:00:00,2,10,58.2,Cloudy,0,0,4
2025-03-03 04:00:00,3,12,55.1,Cloudy,0,0,4
2025-03-03 04:00:00,4,21,46.6,Cloudy,0,0,4
2025-03-03 05:00:00,1,21,45.2,Cloudy,0,0,5
2025-03-03 05:00:00,2,,47.9,Cloudy,0,0,5
2025-03-03 05:00:00,3,14,44.8,Cloudy,0,0,5
2025-03-03 05:00:00,4,17,54.4,Cloudy,0,0,5
2025-03-03 06:00:00,1,35,44.2,Cloudy,0,0,6
2025-03-03 06:00:00,2,28,50.8,Cloudy,0,0,6
2025-03-03 06:00:00,3,,51.6,Cloudy,0,0,6
2025-03-03 06:00:00,4,37,45.8,Cloudy,0,0,6
2025-03-03 07:00:00,1,58,30.0,Cloudy,0,0,7
2025-03-03 07:00:00,2,44,43.7,Cloudy,0,0,7
2025-03-03 07:00:00,3,55,37.5,Cloudy,0,0,7
2025-03-03 07:00:00,4,48,36.2,Cloudy,0,0,7
2025-03-03 08:00:00,1,129,5,Cloudy,0,0,8
2025-03-03 08:00:00,2,87,27.8,Cloudy,0,0,8
2025-03-03 08:00:00,3,81,25.1,Cloudy,0,0,8
2025-03-03 08:00:00,4,99,15.4,Cloudy,0,0,8
2025-03-03 09:00:00,1,120,5.9,Cloudy,0,0,9
2025-03-03 09:00:00,2,108,12.3,Cloudy,0,0,9
2025-03-03 09:00:00,3,90,13.6,Cloudy,0,0,9
2025-03-03 09:00:00,4,115,13.4,Cloudy,0,0,9
2025-03-03 10:00:00,1,132,8.8,Cloudy,0,0,10
2025-03-03 10:00:00,2,57,28.6,Cloudy,0,0,10
2025-03-03 10:00:00,3,97,26.2,Cloudy,0,0,10
2025-03-03 10:00:00,4,90,17.4,Cloudy,0,0,10
2025-03-03 11:00:00,1,79,26.8,Cloudy,0,0,11
2025-03-03 11:00:00,2,59,38.0,Cloudy,0,0,11
2025-03-03 11:00:00,3,48,28.9,Cloudy,0,0,11
2025-03-03 11:00:00,4,58,38.5,Cloudy,0,0,11
2025-03-03 12:00:00,1,94,28.3,Cloudy,0,0,12
2025-03-03 12:00:00,2,60,33.7,Cloudy,0,0,12
2025-03-03 12:00:00,3,59,27.6,Cloudy,0,0,12
2025-03-03 12:00:00,4,67,33.8,Cloudy,0,0,12
2025-03-03 13:00:00,1,83,20.7,Cloudy,0,0,13
2025-03-03 13:00:00,2,73,36.2,Cloudy,0,0,13
2025-03-03 13:00:00,3,65,27.0,Cloudy,0,0,13
2025-03-03 13:00:00,4,93,22.1,Cloudy,0,0,13
2025-03-03 14:00:00,1,999,32.7,Cloudy,0,0,14
2025-03-03 14:00:00,2,54,32.8,Cloudy,0,0,14
2025-03-03 14:00:00,3,48,39.7,Cloudy,0,0,14
2025-03-03 14:00:00,4,71,31.6,Cloudy,0,0,14
2025-03-03 15:00:00,1,75,24.9,Cloudy,0,0,15
2025-03-03 15:00:00,2,44,42.8,Cloudy,0,0,15
2025-03-03 15:00:00,3,47,39.3,Cloudy,0,0,15
2025-03-03 15:00:00,4,64,25.2,Cloudy,0,0,15
2025-03-03 16:00:00,1,78,34.2,Cloudy,0,0,16
2025-03-03 16:00:00,2,64,29.1,Cloudy,0,0,16
2025-03-03 16:00:00,3,50,40.8,Cloudy,0,0,16
2025-03-03 16:00:00,4,68,36.0,Cloudy,0,0,16
2025-03-03 17:00:00,1,160,5,Cloudy,0,0,17
2025-03-03 17:00:00,2,96,26.8,Cloudy,0,0,17
2025-03-03 17:00:00,3,97,18.3,Cloudy,0,0,17
2025-03-03 17:00:00,4,115,,Cloudy,0,0,17
2025-03-03 18:00:00,1,184,5,Cloudy,0,0,18
2025-03-03 18:00:00,2,144,5,Cloudy,0,0,18
2025-03-03 18:00:00,3,108,17.3,Cloudy,0,0,18
2025-03-03 18:00:00,4,117,5.6,Cloudy,0,0,18
2025-03-03 19:00:00,1,125,18.1,Cloudy,0,0,19
2025-03-03 19:00:00,2,109,13.1,Cloudy,0,0,19
2025-03-03 19:00:00,3,85,27.0,Cloudy,0,0,19
2025-03-03 19:00:00,4,96,18.2,Cloudy,0,0,19
2025-03-03 20:00:00,1,85,23.8,Cloudy,0,0,20
2025-03-03 20:00:00,2,65,36.9,Cloudy,0,0,20
2025-03-03 20:00:00,3,64,32.5,Cloudy,0,0,20
2025-03-03 20:00:00,4,92,30.2,Cloudy,0,0,20
2025-03-03 21:00:00,1,29,33.5,Fog,0,0,21
2025-03-03 21:00:00,2,28,32.5,Fog,0,0,21
2025-03-03 21:00:00,3,28,29.3,Fog,0,0,21
2025-03-03 21:00:00,4,37,31.0,Fog,0,0,21
2025-03-03 22:00:00,1,32,47.1,Cloudy,0,0,22
2025-03-03 22:00:00,2,21,46.0,Cloudy,0,0,22
2025-03-03 22:00:00,3,23,48.8,Cloudy,0,0,22
2025-03-03 22:00:00,4,33,45.3,Cloudy,0,0,22
2025-03-03 23:00:00,1,16,38.9,Light Rain,0,0,23
2025-03-03 23:00:00,2,12,41.5,Light Rain,0,0,23
2025-03-03 23:00:00,3,9,44.4,Light Rain,0,0,23
2025-03-03 23:00:00,4,10,43.1,Light Rain,0,0,23
2025-03-04 00:00:00,1,16,42.0,Clear,1,0,0
2025-03-04 00:00:00,2,13,49.1,Clear,1,0,0
2025-03-04 00:00:00,3,12,62.1,Clear,1,0,0
2025-03-04 00:00:00,4,16,54.1,Clear,1,0,0
2025-03-04 01:00:00,1,19,48.9,Clear,1,0,1
2025-03-04 01:00:00,2,11,66.8,Clear,1,0,1
2025-03-04 01:00:00,3,11,,Clear,1,0,1
2025-03-04 01:00:00,4,20,50.7,Clear,1,0,1
2025-03-04 02:00:00,1,21,53.3,Clear,1,0,2
2025-03-04 02:00:00,2,15,56.3,Clear,1,0,2
2025-03-04 02:00:00,3,14,55.8,Clear,1,0,2
2025-03-04 02:00:00,4,18,51.2,Clear,1,0,2
2025-03-04 03:00:00,1,16,58.7,Clear,1,0,3
2025-03-04 03:00:00,2,11,61.8,Clear,1,0,3
2025-03-04 03:00:00,3,12,54.3,Clear,1,0,3
2025-03-04 03:00:00,4,14,50.4,Clear,1,0,3
2025-03-04 04:00:00,1,19,49.3,Cloudy,1,0,4
2025-03-04 04:00:00,2,15,47.0,Cloudy,1,0,4
2025-03-04 04:00:00,3,16,35.2,Cloudy,1,0,4
2025-03-04 04:00:00,4,16,53.8,Cloudy,1,0,4
2025-03-04 05:00:00,1,14,53.0,Clear,1,0,5
2025-03-04 05:00:00,2,14,55.8,Clear,1,0,5
2025-03-04 05:00:00,3,12,55.9,Clear,1,0,5
2025-03-04 05:00:00,4,18,55.2,Clear,1,0,5
2025-03-04 06:00:00,1,39,36.1,Clear,1,0,6
2025-03-04 06:00:00,2,33,43.2,Clear,1,0,6
2025-03-04 06:00:00,3,20,56.7,Clear,1,0,6
2025-03-04 06:00:00,4,34,45.8,Clear,1,0,6
2025-03-04 07:00:00,1,55,42.4,Clear,1,0,7
2025-03-04 07:00:00,2,51,37.5,Clear,1,0,7
2025-03-04 07:00:00,3,,45.4,Clear,1,0,7
2025-03-04 07:00:00,4,62,32.7,Clear,1,0,7
2025-03-04 08:00:00,1,112,14.9,Clear,1,0,8
2025-03-04 08:00:00,2,95,26.4,Clear,1,0,8
2025-03-04 08:00:00,3,74,32.5,Clear,1,0,8
2025-03-04 08:00:00,4,104,19.1,Clear,1,0,8
2025-03-04 09:00:00,1,162,5,Clear,1,0,9
2025-03-04 09:00:00,2,102,21.8,Clear,1,0,9
2025-03-04 09:00:00,3,97,18.6,Clear,1,0,9
2025-03-04 09:00:00,4,121,8.5,Clear,1,0,9
2025-03-04 10:00:00,1,120,12.0,Clear,1,0,10
2025-03-04 10:00:00,2,82,24.4,Clear,1,0,10
2025-03-04 10:00:00,3,78,27.0,Clear,1,0,10
2025-03-04 10:00:00,4,110,18.0,Clear,1,0,10
2025-03-04 11:00:00,1,71,34.9,Clear,1,0,11
2025-03-04 11:00:00,2,42,43.4,Clear,1,0,11
2025-03-04 11:00:00,3,46,,Clear,1,0,11
2025-03-04 11:00:00,4,60,33.9,Clear,1,0,11
2025-03-04 12:00:00,1,65,27.6,Clear,1,0,12
2025-03-04 12:00:00,2,65,34.4,Clear,1,0,12
2025-03-04 12:00:00,3,40,40.5,Clear,1,0,12
2025-03-04 12:00:00,4,,30.8,Clear,1,0,12
2025-03-04 13:00:00,1,81,23.2,Clear,1,0,13
2025-03-04 13:00:00,2,90,23.2,Clear,1,0,13
2025-03-04 13:00:00,3,77,30.8,Clear,1,0,13
2025-03-04 13:00:00,4,82,34.6,Clear,1,0,13
2025-03-04 14:00:00,1,,27.5,Clear,1,0,14
2025-03-04 14:00:00,2,46,45.5,Clear,1,0,14
2025-03-04 14:00:00,3,43,41.0,Clear,1,0,14
2025-03-04 14:00:00,4,67,31.8,Clear,1,0,14
2025-03-04 15:00:00,1,51,41.6,Clear,1,0,15
2025-03-04 15:00:00,2,35,49.2,Clear,1,0,15
2025-03-04 15:00:00,3,36,34.5,Clear,1,0,15
2025-03-04 15:00:00,4,34,45.6,Clear,1,0,15
2025-03-04 16:00:00,1,64,39.9,Clear,1,0,16
2025-03-04 16:00:00,2,50,41.6,Clear,1,0,16
2025-03-04 16:00:00,3,59,39.5,Clear,1,0,16
2025-03-04 16:00:00,4,88,24.9,Clear,1,0,16
2025-03-04 17:00:00,1,100,23.5,Clear,1,0,17
2025-03-04 17:00:00,2,101,13.9,Clear,1,0,17
2025-03-04 17:00:00,3,89,30.2,Clear,1,0,17
2025-03-04 17:00:00,4,111,14.8,Clear,1,0,17
2025-03-04 18:00:00,1,131,12.0,Clear,1,0,18
2025-03-04 18:00:00,2,140,5,Clear,1,0,18
2025-03-04 18:00:00,3,108,26.8,Clear,1,0,18
2025-03-04 18:00:00,4,107,24.7,Clear,1,0,18
2025-03-04 19:00:00,1,103,23.4,Clear,1,0,19
2025-03-04 19:00:00,2,101,27.5,Clear,1,0,19
2025-03-04 19:00:00,3,82,26.1,Clear,1,0,19
2025-03-04 19:00:00,4,108,15.5,Clear,1,0,19
2025-03-04 20:00:00,1,40,26.2,Heavy Rain,1,0,20
2025-03-04 20:00:00,2,39,23.2,Heavy Rain,1,0,20
2025-03-04 20:00:00,3,38,22.7,Heavy Rain,1,0,20
2025-03-04 20:00:00,4,43,22.6,Heavy Rain,1,0,20
2025-03-04 21:00:00,1,54,41.9,Clear,1,0,21
2025-03-04 21:00:00,2,30,47.3,Clear,1,0,21
2025-03-04 21:00:00,3,39,42.3,Clear,1,0,21
2025-03-04 21:00:00,4,44,39.2,Clear,1,0,21
2025-03-04 22:00:00,1,33,54.3,Clear,1,0,22
2025-03-04 22:00:00,2,29,55.1,Clear,1,0,22
2025-03-04 22:00:00,3,26,52.1,Clear,1,0,22
2025-03-04 22:00:00,4,36,54.0,Clear,1,0,22
2025-03-04 23:00:00,1,20,56.7,Clear,1,0,23
2025-03-04 23:00:00,2,15,62.0,Clear,1,0,23
2025-03-04 23:00:00,3,15,60.6,Clear,1,0,23
2025-03-04 23:00:00,4,17,47.1,Clear,1,0,23
2025-03-05 00:00:00,1,17,57.6,Clear,2,0,0
2025-03-05 00:00:00,2,18,43.0,Clear,2,0,0
2025-03-05 00:00:00,3,9,61.7,Clear,2,0,0
2025-03-05 00:00:00,4,18,51.6,Clear,2,0,0
2025-03-05 01:00:00,1,23,50.3,Clear,2,0,1
2025-03-05 01:00:00,2,14,44.9,Clear,2,0,1
2025-03-05 01:00:00,3,13,54.7,Clear,2,0,1
2025-03-05 01:00:00,4,13,59.5,Clear,2,0,1
2025-03-05 02:00:00,1,18,52.6,Clear,2,0,2
2025-03-05 02:00:00,2,16,52.9,Clear,2,0,2
2025-03-05 02:00:00,3,11,62.4,Clear,2,0,2
2025-03-05 02:00:00,4,14,51.3,Clear,2,0,2
2025-03-05 03:00:00,1,18,50.8,Clear,2,0,3
2025-03-05 03:00:00,2,17,54.2,Clear,2,0,3
2025-03-05 03:00:00,3,11,68.1,Clear,2,0,3
2025-03-05 03:00:00,4,17,44.4,Clear,2,0,3
2025-03-05 04:00:00,1,18,56.8,Clear,2,0,4
2025-03-05 04:00:00,2,15,44.8,Clear,2,0,4
2025-03-05 04:00:00,3,13,66.2,Clear,2,0,4
2025-03-05 04:00:00,4,20,48.6,Clear,2,0,4
2025-03-05 05:00:00,1,22,54.6,Clear,2,0,5
2025-03-05 05:00:00,2,21,54.7,Clear,2,0,5
2025-03-05 05:00:00,3,15,50.7,Clear,2,0,5
2025-03-05 05:00:00,4,19,54.1,Clear,2,0,5
2025-03-05 06:00:00,1,41,44.6,Clear,2,0,6
2025-03-05 06:00:00,2,25,46.6,Clear,2,0,6
2025-03-05 06:00:00,3,,54.6,Clear,2,0,6
2025-03-05 06:00:00,4,35,42.1,Clear,2,0,6
2025-03-05 07:00:00,1,54,32.0,Clear,2,0,7
2025-03-05 07:00:00,2,54,32.9,Clear,2,0,7
2025-03-05 07:00:00,3,37,40.9,Clear,2,0,7
2025-03-05 07:00:00,4,67,34.6,Clear,2,0,7
2025-03-05 08:00:00,1,100,32.1,Clear,2,0,8
2025-03-05 08:00:00,2,89,32.3,Clear,2,0,8
2025-03-05 08:00:00,3,74,27.5,Clear,2,0,8
2025-03-05 08:00:00,4,70,41.8,Clear,2,0,8
2025-03-05 09:00:00,1,129,16.7,Clear,2,0,9
2025-03-05 09:00:00,2,91,34.7,Clear,2,0,9
2025-03-05 09:00:00,3,116,18.3,Clear,2,0,9
2025-03-05 09:00:00,4,114,10.7,Clear,2,0,9
2025-03-05 10:00:00,1,106,13.2,Clear,2,0,10
2025-03-05 10:00:00,2,108,14.8,Clear,2,0,10
2025-03-05 10:00:00,3,70,36.2,Clear,2,0,10
2025-03-05 10:00:00,4,112,14.0,Clear,2,0,10
2025-03-05 11:00:00,1,91,25.0,Clear,2,0,11
2025-03-05 11:00:00,2,37,46.5,Clear,2,0,11
2025-03-05 11:00:00,3,43,46.4,Clear,2,0,11
2025-03-05 11:00:00,4,61,37.4,Clear,2,0,11
2025-03-05 12:00:00,1,68,28.1,Clear,2,0,12
2025-03-05 12:00:00,2,59,34.6,Clear,2,0,12
2025-03-05 12:00:00,3,52,44.5,Clear,2,0,12
2025-03-05 12:00:00,4,66,28.6,Clear,2,0,12
2025-03-05 13:00:00,1,69,35.8,Clear,2,0,13
2025-03-05 13:00:00,2,67,34.0,Clear,2,0,13
2025-03-05 13:00:00,3,90,16.0,Clear,2,0,13
2025-03-05 13:00:00,4,85,25.4,Clear,2,0,13
2025-03-05 14:00:00,1,79,27.5,Clear,2,0,14
2025-03-05 14:00:00,2,60,33.0,Clear,2,0,14
2025-03-05 14:00:00,3,31,48.3,Clear,2,0,14
2025-03-05 14:00:00,4,55,44.4,Clear,2,0,14
2025-03-05 15:00:00,1,62,,Clear,2,0,15
2025-03-05 15:00:00,2,57,37.2,Clear,2,0,15
2025-03-05 15:00:00,3,44,40.0,Clear,2,0,15
2025-03-05 15:00:00,4,39,41.1,Clear,2,0,15
2025-03-05 16:00:00,1,94,14.0,Clear,2,0,16
2025-03-05 16:00:00,2,64,45.7,Clear,2,0,16
2025-03-05 16:00:00,3,43,44.5,Clear,2,0,16
2025-03-05 16:00:00,4,90,21.9,Clear,2,0,16
2025-03-05 17:00:00,1,119,13.8,Clear,2,0,17
2025-03-05 17:00:00,2,89,24.0,Clear,2,0,17
2025-03-05 17:00:00,3,76,27.0,Clear,2,0,17
2025-03-05 17:00:00,4,99,12.1,Clear,2,0,17
2025-03-05 18:00:00,1,141,5,Clear,2,0,18
2025-03-05 18:00:00,2,121,11.8,Clear,2,0,18
2025-03-05 18:00:00,3,114,14.8,Clear,2,0,18
2025-03-05 18:00:00,4,104,14.8,Clear,2,0,18
2025-03-05 19:00:00,1,110,13.8,Clear,2,0,19
2025-03-05 19:00:00,2,105,13.7,Clear,2,0,19
2025-03-05 19:00:00,3,48,35.6,Clear,2,0,19
2025-03-05 19:00:00,4,117,14.4,Clear,2,0,19
2025-03-05 20:00:00,1,118,11.0,Clear,2,0,20
2025-03-05 20:00:00,2,57,35.8,Clear,2,0,20
2025-03-05 20:00:00,3,58,42.3,Clear,2,0,20
2025-03-05 20:00:00,4,78,33.8,Clear,2,0,20
2025-03-05 21:00:00,1,48,39.2,Clear,2,0,21
2025-03-05 21:00:00,2,34,46.8,Clear,2,0,21
2025-03-05 21:00:00,3,29,51.1,Clear,2,0,21
2025-03-05 21:00:00,4,40,42.1,Clear,2,0,21
2025-03-05 22:00:00,1,34,43.8,Clear,2,0,22
2025-03-05 22:00:00,2,32,41.8,Clear,2,0,22
2025-03-05 22:00:00,3,26,51.1,Clear,2,0,22
2025-03-05 22:00:00,4,31,56.4,Clear,2,0,22
2025-03-05 23:00:00,1,23,44.5,Clear,2,0,23
2025-03-05 23:00:00,2,16,61.2,Clear,2,0,23
2025-03-05 23:00:00,3,14,54.7,Clear,2,0,23
2025-03-05 23:00:00,4,18,53.9,Clear,2,0,23
2025-03-06 00:00:00,1,21,53.1,Cloudy,3,0,0
2025-03-06 00:00:00,2,15,52.2,Cloudy,3,0,0
2025-03-06 00:00:00,3,15,51.7,Cloudy,3,0,0
2025-03-06 00:00:00,4,19,49.2,Cloudy,3,0,0
2025-03-06 01:00:00,1,16,52.4,Cloudy,3,0,1
2025-03-06 01:00:00,2,,33.5,Cloudy,3,0,1
2025-03-06 01:00:00,3,19,49.6,Cloudy,3,0,1
2025-03-06 01:00:00,4,17,49.5,Cloudy,3,0,1
2025-03-06 02:00:00,1,21,51.5,Cloudy,3,0,2
2025-03-06 02:00:00,2,19,41.1,Cloudy,3,0,2
2025-03-06 02:00:00,3,14,56.2,Cloudy,3,0,2
2025-03-06 02:00:00,4,19,55.8,Cloudy,3,0,2
2025-03-06 03:00:00,1,23,40.6,Cloudy,3,0,3
2025-03-06 03:00:00,2,17,38.9,Cloudy,3,0,3
2025-03-06 03:00:00,3,15,52.3,Cloudy,3,0,3
2025-03-06 03:00:00,4,19,45.3,Cloudy,3,0,3
2025-03-06 04:00:00,1,19,46.1,Cloudy,3,0,4
2025-03-06 04:00:00,2,11,57.4,Cloudy,3,0,4
2025-03-06 04:00:00,3,13,56.1,Cloudy,3,0,4
2025-03-06 04:00:00,4,18,45.5,Cloudy,3,0,4
2025-03-06 05:00:00,1,11,44.9,Light Rain,3,0,5
2025-03-06 05:00:00,2,13,45.1,Light Rain,3,0,5
2025-03-06 05:00:00,3,12,44.0,Light Rain,3,0,5
2025-03-06 05:00:00,4,15,42.6,Light Rain,3,0,5
2025-03-06 06:00:00,1,43,41.8,Cloudy,3,0,6
2025-03-06 06:00:00,2,37,52.6,Cloudy,3,0,6
2025-03-06 06:00:00,3,31,45.9,Cloudy,3,0,6
2025-03-06 06:00:00,4,35,50.7,Cloudy,3,0,6
2025-03-06 07:00:00,1,39,32.0,Cloudy,3,0,7
2025-03-06 07:00:00,2,45,37.9,Cloudy,3,0,7
2025-03-06 07:00:00,3,41,39.8,Cloudy,3,0,7
2025-03-06 07:00:00,4,55,40.5,Cloudy,3,0,7
2025-03-06 08:00:00,1,90,27.7,Cloudy,3,0,8
2025-03-06 08:00:00,2,88,24.2,Cloudy,3,0,8
2025-03-06 08:00:00,3,58,37.1,Cloudy,3,0,8
2025-03-06 08:00:00,4,82,27.5,Cloudy,3,0,8
2025-03-06 09:00:00,1,121,10.1,Cloudy,3,0,9
2025-03-06 09:00:00,2,101,12.6,Cloudy,3,0,9
2025-03-06 09:00:00,3,92,20.8,Cloudy,3,0,9
2025-03-06 09:00:00,4,113,18.0,Cloudy,3,0,9
2025-03-06 10:00:00,1,129,5,Cloudy,3,0,10
2025-03-06 10:00:00,2,101,23.0,Cloudy,3,0,10
2025-03-06 10:00:00,3,71,23.8,Cloudy,3,0,10
2025-03-06 10:00:00,4,92,21.5,Cloudy,3,0,10
2025-03-06 11:00:00,1,67,33.7,Clear,3,0,11
2025-03-06 11:00:00,2,53,39.3,Clear,3,0,11
2025-03-06 11:00:00,3,41,45.8,Clear,3,0,11
2025-03-06 11:00:00,4,67,28.6,Clear,3,0,11
2025-03-06 12:00:00,1,48,45.8,Cloudy,3,0,12
2025-03-06 12:00:00,2,71,26.4,Cloudy,3,0,12
2025-03-06 12:00:00,3,60,33.6,Cloudy,3,0,12
2025-03-06 12:00:00,4,76,36.8,Cloudy,3,0,12
2025-03-06 13:00:00,1,94,27.8,Cloudy,3,0,13
2025-03-06 13:00:00,2,92,16.8,Cloudy,3,0,13
2025-03-06 13:00:00,3,61,-5,Cloudy,3,0,13
2025-03-06 13:00:00,4,80,30.1,Cloudy,3,0,13
2025-03-06 14:00:00,1,76,,Cloudy,3,0,14
2025-03-06 14:00:00,2,63,,Cloudy,3,0,14
2025-03-06 14:00:00,3,60,32.5,Cloudy,3,0,14
2025-03-06 14:00:00,4,,38.5,Cloudy,3,0,14
2025-03-06 15:00:00,1,72,27.1,Cloudy,3,0,15
2025-03-06 15:00:00,2,40,36.7,Cloudy,3,0,15
2025-03-06 15:00:00,3,44,47.0,Cloudy,3,0,15
2025-03-06 15:00:00,4,62,25.4,Cloudy,3,0,15
2025-03-06 16:00:00,1,,16.9,Cloudy,3,0,16
2025-03-06 16:00:00,2,68,,Cloudy,3,0,16
2025-03-06 16:00:00,3,62,37.6,Cloudy,3,0,16
2025-03-06 16:00:00,4,80,25.2,Cloudy,3,0,16
2025-03-06 17:00:00,1,99,,Cloudy,3,0,17
2025-03-06 17:00:00,2,118,6.3,Cloudy,3,0,17
2025-03-06 17:00:00,3,87,25.6,Cloudy,3,0,17
2025-03-06 17:00:00,4,130,7.7,Cloudy,3,0,17
2025-03-06 18:00:00,1,111,9.7,Cloudy,3,0,18
2025-03-06 18:00:00,2,98,13.9,Cloudy,3,0,18
2025-03-06 18:00:00,3,111,20.1,Cloudy,3,0,18
2025-03-06 18:00:00,4,144,5.2,Cloudy,3,0,18
2025-03-06 19:00:00,1,122,11.6,Cloudy,3,0,19
2025-03-06 19:00:00,2,113,8.6,Cloudy,3,0,19
2025-03-06 19:00:00,3,94,26.2,Cloudy,3,0,19
2025-03-06 19:00:00,4,93,24.8,Cloudy,3,0,19
2025-03-06 20:00:00,1,66,27.1,Cloudy,3,0,20
2025-03-06 20:00:00,2,65,26.0,Cloudy,3,0,20
2025-03-06 20:00:00,3,44,29.5,Cloudy,3,0,20
2025-03-06 20:00:00,4,76,24.7,Cloudy,3,0,20
2025-03-06 21:00:00,1,54,44.9,Cloudy,3,0,21
2025-03-06 21:00:00,2,38,42.4,Cloudy,3,0,21
2025-03-06 21:00:00,3,31,45.3,Cloudy,3,0,21
2025-03-06 21:00:00,4,38,44.4,Cloudy,3,0,21
2025-03-06 22:00:00,1,37,37.6,Cloudy,3,0,22
2025-03-06 22:00:00,2,28,47.0,Cloudy,3,0,22
2025-03-06 22:00:00,3,21,47.1,Cloudy,3,0,22
2025-03-06 22:00:00,4,31,45.7,Cloudy,3,0,22
2025-03-06 23:00:00,1,999,54.6,Cloudy,3,0,23
2025-03-06 23:00:00,2,13,55.4,Cloudy,3,0,23
2025-03-06 23:00:00,3,9,,Cloudy,3,0,23
2025-03-06 23:00:00,4,20,44.9,Cloudy,3,0,23
2025-03-07 00:00:00,1,20,54.6,Clear,4,0,0
2025-03-07 00:00:00,2,14,53.8,Clear,4,0,0
2025-03-07 00:00:00,3,10,50.4,Clear,4,0,0
2025-03-07 00:00:00,4,18,,Clear,4,0,0
2025-03-07 01:00:00,1,19,63.3,Clear,4,0,1
2025-03-07 01:00:00,2,19,48.8,Clear,4,0,1
2025-03-07 01:00:00,3,9,53.7,Clear,4,0,1
2025-03-07 01:00:00,4,18,53.9,Clear,4,0,1
2025-03-07 02:00:00,1,18,57.0,Clear,4,0,2
2025-03-07 02:00:00,2,15,55.1,Clear,4,0,2
2025-03-07 02:00:00,3,8,55.1,Clear,4,0,2
2025-03-07 02:00:00,4,19,55.6,Clear,4,0,2
2025-03-07 03:00:00,1,15,64.8,Clear,4,0,3
2025-03-07 03:00:00,2,11,58.5,Clear,4,0,3
2025-03-07 03:00:00,3,12,50.9,Clear,4,0,3
2025-03-07 03:00:00,4,17,56.5,Clear,4,0,3
2025-03-07 04:00:00,1,16,61.6,Clear,4,0,4
2025-03-07 04:00:00,2,19,53.4,Clear,4,0,4
2025-03-07 04:00:00,3,13,50.3,Clear,4,0,4
2025-03-07 04:00:00,4,15,50.2,Clear,4,0,4
2025-03-07 05:00:00,1,18,49.2,Clear,4,0,5
2025-03-07 05:00:00,2,13,50.6,Clear,4,0,5
2025-03-07 05:00:00,3,12,55.9,Clear,4,0,5
2025-03-07 05:00:00,4,20,55.7,Clear,4,0,5
2025-03-07 06:00:00,1,37,48.8,Clear,4,0,6
2025-03-07 06:00:00,2,26,49.2,Clear,4,0,6
2025-03-07 06:00:00,3,21,54.7,Clear,4,0,6
2025-03-07 06:00:00,4,30,50.8,Clear,4,0,6
2025-03-07 07:00:00,1,53,29.7,Clear,4,0,7
2025-03-07 07:00:00,2,51,39.7,Clear,4,0,7
2025-03-07 07:00:00,3,39,49.3,Clear,4,0,7
2025-03-07 07:00:00,4,53,,Clear,4,0,7
2025-03-07 08:00:00,1,89,15.6,Clear,4,0,8
2025-03-07 08:00:00,2,94,24.3,Clear,4,0,8
2025-03-07 08:00:00,3,85,20.1,Clear,4,0,8
2025-03-07 08:00:00,4,104,16.1,Clear,4,0,8
2025-03-07 09:00:00,1,160,5,Clear,4,0,9
2025-03-07 09:00:00,2,142,13.0,Clear,4,0,9
2025-03-07 09:00:00,3,109,17.9,Clear,4,0,9
2025-03-07 09:00:00,4,142,5,Clear,4,0,9
2025-03-07 10:00:00,1,122,9.6,Clear,4,0,10
2025-03-07 10:00:00,2,81,31.9,Clear,4,0,10
2025-03-07 10:00:00,3,88,21.1,Clear,4,0,10
2025-03-07 10:00:00,4,77,29.2,Clear,4,0,10
2025-03-07 11:00:00,1,60,26.2,Clear,4,0,11
2025-03-07 11:00:00,2,49,35.9,Clear,4,0,11
2025-03-07 11:00:00,3,49,39.1,Clear,4,0,11
2025-03-07 11:00:00,4,80,25.0,Clear,4,0,11
2025-03-07 12:00:00,1,92,29.8,Clear,4,0,12
2025-03-07 12:00:00,2,60,35.4,Clear,4,0,12
2025-03-07 12:00:00,3,48,44.3,Clear,4,0,12
2025-03-07 12:00:00,4,54,39.8,Clear,4,0,12
2025-03-07 13:00:00,1,84,35.9,Clear,4,0,13
2025-03-07 13:00:00,2,64,36.9,Clear,4,0,13
2025-03-07 13:00:00,3,49,39.9,Clear,4,0,13
2025-03-07 13:00:00,4,95,17.6,Clear,4,0,13
2025-03-07 14:00:00,1,77,34.5,Clear,4,0,14
2025-03-07 14:00:00,2,61,39.7,Clear,4,0,14
2025-03-07 14:00:00,3,52,26.3,Clear,4,0,14
2025-03-07 14:00:00,4,58,40.8,Clear,4,0,14
2025-03-07 15:00:00,1,55,41.9,Clear,4,0,15
2025-03-07 15:00:00,2,49,47.3,Clear,4,0,15
2025-03-07 15:00:00,3,37,45.4,Clear,4,0,15
2025-03-07 15:00:00,4,48,34.1,Clear,4,0,15
2025-03-07 16:00:00,1,75,26.7,Clear,4,0,16
2025-03-07 16:00:00,2,61,33.1,Clear,4,0,16
2025-03-07 16:00:00,3,46,46.0,Clear,4,0,16
2025-03-07 16:00:00,4,75,16.5,Clear,4,0,16
2025-03-07 17:00:00,1,138,5,Clear,4,0,17
2025-03-07 17:00:00,2,110,14.0,Clear,4,0,17
2025-03-07 17:00:00,3,75,22.9,Clear,4,0,17
2025-03-07 17:00:00,4,130,6.5,Clear,4,0,17
2025-03-07 18:00:00,1,160,5,Clear,4,0,18
2025-03-07 18:00:00,2,102,26.0,Clear,4,0,18
2025-03-07 18:00:00,3,110,22.1,Clear,4,0,18
2025-03-07 18:00:00,4,156,5,Clear,4,0,18
2025-03-07 19:00:00,1,134,5,Clear,4,0,19
2025-03-07 19:00:00,2,68,38.2,Clear,4,0,19
2025-03-07 19:00:00,3,100,17.6,Clear,4,0,19
2025-03-07 19:00:00,4,101,23.0,Clear,4,0,19
2025-03-07 20:00:00,1,81,25.7,Clear,4,0,20
2025-03-07 20:00:00,2,59,37.6,Clear,4,0,20
2025-03-07 20:00:00,3,52,37.2,Clear,4,0,20
2025-03-07 20:00:00,4,62,34.4,Clear,4,0,20
2025-03-07 21:00:00,1,48,,Clear,4,0,21
2025-03-07 21:00:00,2,34,51.7,Clear,4,0,21
2025-03-07 21:00:00,3,33,46.6,Clear,4,0,21
2025-03-07 21:00:00,4,39,42.6,Clear,4,0,21
2025-03-07 22:00:00,1,41,41.0,Clear,4,0,22
2025-03-07 22:00:00,2,32,43.2,Clear,4,0,22
2025-03-07 22:00:00,3,26,52.9,Clear,4,0,22
2025-03-07 22:00:00,4,26,51.5,Clear,4,0,22
2025-03-07 23:00:00,1,19,61.1,Clear,4,0,23
2025-03-07 23:00:00,2,18,51.5,Clear,4,0,23
2025-03-07 23:00:00,3,,49.7,Clear,4,0,23
2025-03-07 23:00:00,4,17,47.8,Clear,4,0,23
2025-03-08 00:00:00,1,18,56.1,Cloudy,5,0,0
2025-03-08 00:00:00,2,20,54.9,Cloudy,5,0,0
2025-03-08 00:00:00,3,7,59.1,Cloudy,5,0,0
2025-03-08 00:00:00,4,16,54.5,Cloudy,5,0,0
2025-03-08 01:00:00,1,22,36.7,Cloudy,5,0,1
2025-03-08 01:00:00,2,16,50.9,Cloudy,5,0,1
2025-03-08 01:00:00,3,13,47.1,Cloudy,5,0,1
2025-03-08 01:00:00,4,16,54.9,Cloudy,5,0,1
2025-03-08 02:00:00,1,20,45.1,Cloudy,5,0,2
2025-03-08 02:00:00,2,15,47.8,Cloudy,5,0,2
2025-03-08 02:00:00,3,13,49.8,Cloudy,5,0,2
2025-03-08 02:00:00,4,21,39.1,Cloudy,5,0,2
2025-03-08 03:00:00,1,22,-5,Cloudy,5,0,3
2025-03-08 03:00:00,2,15,49.5,Cloudy,5,0,3
2025-03-08 03:00:00,3,11,49.7,Cloudy,5,0,3
2025-03-08 03:00:00,4,20,50.9,Cloudy,5,0,3
2025-03-08 04:00:00,1,20,51.8,Cloudy,5,0,4
2025-03-08 04:00:00,2,13,47.6,Cloudy,5,0,4
2025-03-08 04:00:00,3,11,50.1,Cloudy,5,0,4
2025-03-08 04:00:00,4,19,50.9,Cloudy,5,0,4
2025-03-08 05:00:00,1,17,49.5,Cloudy,5,0,5
2025-03-08 05:00:00,2,18,56.9,Cloudy,5,0,5
2025-03-08 05:00:00,3,11,51.6,Cloudy,5,0,5
2025-03-08 05:00:00,4,17,49.8,Cloudy,5,0,5
2025-03-08 06:00:00,1,47,,Cloudy,5,0,6
2025-03-08 06:00:00,2,43,29.4,Cloudy,5,0,6
2025-03-08 06:00:00,3,40,37.8,Cloudy,5,0,6
2025-03-08 06:00:00,4,53,41.8,Cloudy,5,0,6
2025-03-08 07:00:00,1,74,21.3,Cloudy,5,0,7
2025-03-08 07:00:00,2,55,37.4,Cloudy,5,0,7
2025-03-08 07:00:00,3,38,47.0,Cloudy,5,0,7
2025-03-08 07:00:00,4,66,36.6,Cloudy,5,0,7
2025-03-08 08:00:00,1,82,17.8,Cloudy,5,0,8
2025-03-08 08:00:00,2,57,31.5,Cloudy,5,0,8
2025-03-08 08:00:00,3,46,45.2,Cloudy,5,0,8
2025-03-08 08:00:00,4,96,8.1,Cloudy,5,0,8
2025-03-08 09:00:00,1,92,16.7,Cloudy,5,0,9
2025-03-08 09:00:00,2,73,30.8,Cloudy,5,0,9
2025-03-08 09:00:00,3,63,29.2,Cloudy,5,0,9
2025-03-08 09:00:00,4,74,21.7,Cloudy,5,0,9
2025-03-08 10:00:00,1,123,14.1,Cloudy,5,0,10
2025-03-08 10:00:00,2,66,38.9,Cloudy,5,0,10
2025-03-08 10:00:00,3,70,29.7,Cloudy,5,0,10
2025-03-08 10:00:00,4,83,29.7,Cloudy,5,0,10
2025-03-08 11:00:00,1,87,22.1,Cloudy,5,0,11
2025-03-08 11:00:00,2,58,38.3,Cloudy,5,0,11
2025-03-08 11:00:00,3,58,34.8,Cloudy,5,0,11
2025-03-08 11:00:00,4,99,26.5,Cloudy,5,0,11
2025-03-08 12:00:00,1,73,32.0,Cloudy,5,0,12
2025-03-08 12:00:00,2,77,25.4,Cloudy,5,0,12
2025-03-08 12:00:00,3,61,36.1,Cloudy,5,0,12
2025-03-08 12:00:00,4,80,24.8,Cloudy,5,0,12
2025-03-08 13:00:00,1,87,19.9,Cloudy,5,0,13
2025-03-08 13:00:00,2,91,21.5,Cloudy,5,0,13
2025-03-08 13:00:00,3,58,34.9,Cloudy,5,0,13
2025-03-08 13:00:00,4,75,35.0,Cloudy,5,0,13
2025-03-08 14:00:00,1,73,37.5,Clear,5,0,14
2025-03-08 14:00:00,2,55,36.1,Clear,5,0,14
2025-03-08 14:00:00,3,64,30.9,Clear,5,0,14
2025-03-08 14:00:00,4,60,35.2,Clear,5,0,14
2025-03-08 15:00:00,1,75,31.8,Cloudy,5,0,15
2025-03-08 15:00:00,2,48,41.2,Cloudy,5,0,15
2025-03-08 15:00:00,3,71,27.7,Cloudy,5,0,15
2025-03-08 15:00:00,4,76,25.8,Cloudy,5,0,15
2025-03-08 16:00:00,1,53,39.1,Cloudy,5,0,16
2025-03-08 16:00:00,2,55,36.4,Cloudy,5,0,16
2025-03-08 16:00:00,3,64,24.7,Cloudy,5,0,16
2025-03-08 16:00:00,4,51,35.6,Cloudy,5,0,16
2025-03-08 17:00:00,1,55,33.3,Cloudy,5,0,17
2025-03-08 17:00:00,2,50,41.0,Cloudy,5,0,17
2025-03-08 17:00:00,3,42,34.4,Cloudy,5,0,17
2025-03-08 17:00:00,4,62,28.8,Cloudy,5,0,17
2025-03-08 18:00:00,1,53,40.7,Cloudy,5,0,18
2025-03-08 18:00:00,2,42,41.7,Cloudy,5,0,18
2025-03-08 18:00:00,3,41,35.2,Cloudy,5,0,18
2025-03-08 18:00:00,4,54,40.5,Cloudy,5,0,18
2025-03-08 19:00:00,1,35,46.3,Cloudy,5,0,19
2025-03-08 19:00:00,2,40,39.7,Cloudy,5,0,19
2025-03-08 19:00:00,3,21,57.8,Cloudy,5,0,19
2025-03-08 19:00:00,4,33,44.9,Cloudy,5,0,19
2025-03-08 20:00:00,1,30,42.3,Cloudy,5,0,20
2025-03-08 20:00:00,2,28,52.3,Cloudy,5,0,20
2025-03-08 20:00:00,3,21,150,Cloudy,5,0,20
2025-03-08 20:00:00,4,36,38.2,Cloudy,5,0,20
2025-03-08 21:00:00,1,27,46.8,Cloudy,5,0,21
2025-03-08 21:00:00,2,24,49.2,Cloudy,5,0,21
2025-03-08 21:00:00,3,16,47.6,Cloudy,5,0,21
2025-03-08 21:00:00,4,23,39.3,Cloudy,5,0,21
2025-03-08 22:00:00,1,14,56.4,Cloudy,5,0,22
2025-03-08 22:00:00,2,19,54.7,Cloudy,5,0,22
2025-03-08 22:00:00,3,13,60.2,Cloudy,5,0,22
2025-03-08 22:00:00,4,14,57.0,Cloudy,5,0,22
2025-03-08 23:00:00,1,18,38.6,Light Rain,5,0,23
2025-03-08 23:00:00,2,12,46.2,Light Rain,5,0,23
2025-03-08 23:00:00,3,12,44.2,Light Rain,5,0,23
2025-03-08 23:00:00,4,11,46.6,Light Rain,5,0,23
2025-03-09 00:00:00,1,20,53.1,Clear,6,0,0
2025-03-09 00:00:00,2,15,52.1,Clear,6,0,0
2025-03-09 00:00:00,3,,53.5,Clear,6,0,0
2025-03-09 00:00:00,4,22,49.7,Clear,6,0,0
2025-03-09 01:00:00,1,20,49.7,Clear,6,0,1
2025-03-09 01:00:00,2,16,52.7,Clear,6,0,1
2025-03-09 01:00:00,3,14,50.6,Clear,6,0,1
2025-03-09 01:00:00,4,20,55.9,Clear,6,0,1
2025-03-09 02:00:00,1,24,52.3,Clear,6,0,2
2025-03-09 02:00:00,2,11,59.5,Clear,6,0,2
2025-03-09 02:00:00,3,15,52.8,Clear,6,0,2
2025-03-09 02:00:00,4,17,53.0,Clear,6,0,2
2025-03-09 03:00:00,1,21,48.3,Clear,6,0,3
2025-03-09 03:00:00,2,14,53.4,Clear,6,0,3
2025-03-09 03:00:00,3,15,45.9,Clear,6,0,3
2025-03-09 03:00:00,4,18,49.0,Clear,6,0,3
2025-03-09 04:00:00,1,17,53.6,Light Rain,6,0,4
2025-03-09 04:00:00,2,14,45.6,Light Rain,6,0,4
2025-03-09 04:00:00,3,12,45.5,Light Rain,6,0,4
2025-03-09 04:00:00,4,11,43.8,Light Rain,6,0,4
2025-03-09 05:00:00,1,19,59.5,Clear,6,0,5
2025-03-09 05:00:00,2,14,42.3,Clear,6,0,5
2025-03-09 05:00:00,3,10,-5,Clear,6,0,5
2025-03-09 05:00:00,4,18,52.5,Clear,6,0,5
2025-03-09 06:00:00,1,58,40.5,Clear,6,0,6
2025-03-09 06:00:00,2,39,33.0,Clear,6,0,6
2025-03-09 06:00:00,3,41,44.3,Clear,6,0,6
2025-03-09 06:00:00,4,54,34.5,Clear,6,0,6
2025-03-09 07:00:00,1,75,23.1,Clear,6,0,7
2025-03-09 07:00:00,2,62,35.9,Clear,6,0,7
2025-03-09 07:00:00,3,52,33.2,Clear,6,0,7
2025-03-09 07:00:00,4,54,36.2,Clear,6,0,7
2025-03-09 08:00:00,1,65,27.9,Clear,6,0,8
2025-03-09 08:00:00,2,,44.0,Clear,6,0,8
2025-03-09 08:00:00,3,48,40.2,Clear,6,0,8
2025-03-09 08:00:00,4,54,48.5,Clear,6,0,8
2025-03-09 09:00:00,1,77,28.2,Clear,6,0,9
2025-03-09 09:00:00,2,55,44.4,Clear,6,0,9
2025-03-09 09:00:00,3,,39.5,Clear,6,0,9
2025-03-09 09:00:00,4,76,29.8,Clear,6,0,9
2025-03-09 10:00:00,1,96,24.5,Clear,6,0,10
2025-03-09 10:00:00,2,76,27.0,Clear,6,0,10
2025-03-09 10:00:00,3,57,37.6,Clear,6,0,10
2025-03-09 10:00:00,4,78,31.9,Clear,6,0,10
2025-03-09 11:00:00,1,99,14.2,Light Rain,6,0,11
2025-03-09 11:00:00,2,45,41.4,Light Rain,6,0,11
2025-03-09 11:00:00,3,43,38.4,Light Rain,6,0,11
2025-03-09 11:00:00,4,71,21.7,Light Rain,6,0,11
2025-03-09 12:00:00,1,115,18.7,Clear,6,0,12
2025-03-09 12:00:00,2,57,34.3,Clear,6,0,12
2025-03-09 12:00:00,3,,37.9,Clear,6,0,12
2025-03-09 12:00:00,4,87,27.5,Clear,6,0,12
2025-03-09 13:00:00,1,108,14.0,Clear,6,0,13
2025-03-09 13:00:00,2,42,40.2,Clear,6,0,13
2025-03-09 13:00:00,3,55,43.0,Clear,6,0,13
2025-03-09 13:00:00,4,84,23.9,Clear,6,0,13
2025-03-09 14:00:00,1,89,21.1,Clear,6,0,14
2025-03-09 14:00:00,2,48,42.2,Clear,6,0,14
2025-03-09 14:00:00,3,50,33.5,Clear,6,0,14
2025-03-09 14:00:00,4,86,26.6,Clear,6,0,14
2025-03-09 15:00:00,1,92,24.0,Clear,6,0,15
2025-03-09 15:00:00,2,51,41.1,Clear,6,0,15
2025-03-09 15:00:00,3,61,33.6,Clear,6,0,15
2025-03-09 15:00:00,4,83,23.2,Clear,6,0,15
2025-03-09 16:00:00,1,75,33.4,Clear,6,0,16
2025-03-09 16:00:00,2,46,37.3,Clear,6,0,16
2025-03-09 16:00:00,3,50,37.7,Clear,6,0,16
2025-03-09 16:00:00,4,70,28.9,Clear,6,0,16
2025-03-09 17:00:00,1,66,27.8,Clear,6,0,17
2025-03-09 17:00:00,2,47,39.1,Clear,6,0,17
2025-03-09 17:00:00,3,47,37.3,Clear,6,0,17
2025-03-09 17:00:00,4,51,39.2,Clear,6,0,17
2025-03-09 18:00:00,1,57,32.8,Clear,6,0,18
2025-03-09 18:00:00,2,49,43.7,Clear,6,0,18
2025-03-09 18:00:00,3,37,50.5,Clear,6,0,18
2025-03-09 18:00:00,4,55,44.4,Clear,6,0,18
2025-03-09 19:00:00,1,45,40.7,Clear,6,0,19
2025-03-09 19:00:00,2,34,50.9,Clear,6,0,19
2025-03-09 19:00:00,3,23,49.8,Clear,6,0,19
2025-03-09 19:00:00,4,32,51.6,Clear,6,0,19
2025-03-09 20:00:00,1,42,41.1,Clear,6,0,20
2025-03-09 20:00:00,2,33,49.7,Clear,6,0,20
2025-03-09 20:00:00,3,16,50.6,Clear,6,0,20
2025-03-09 20:00:00,4,35,42.0,Clear,6,0,20
2025-03-09 21:00:00,1,24,52.5,Clear,6,0,21
2025-03-09 21:00:00,2,18,46.8,Clear,6,0,21
2025-03-09 21:00:00,3,17,46.1,Clear,6,0,21
2025-03-09 21:00:00,4,18,56.2,Clear,6,0,21
2025-03-09 22:00:00,1,17,52.4,Clear,6,0,22
2025-03-09 22:00:00,2,13,48.1,Clear,6,0,22
2025-03-09 22:00:00,3,11,58.4,Clear,6,0,22
2025-03-09 22:00:00,4,17,52.3,Clear,6,0,22
2025-03-09 23:00:00,1,23,54.3,Clear,6,0,23
2025-03-09 23:00:00,2,12,70.1,Clear,6,0,23
2025-03-09 23:00:00,3,13,54.8,Clear,6,0,23
2025-03-09 23:00:00,4,20,54.8,Clear,6,0,23
2025-03-10 00:00:00,1,13,47.4,Cloudy,0,0,0
2025-03-10 00:00:00,2,16,42.9,Cloudy,0,0,0
2025-03-10 00:00:00,3,14,55.8,Cloudy,0,0,0
2025-03-10 00:00:00,4,22,45.9,Cloudy,0,0,0
2025-03-10 01:00:00,1,17,57.7,Cloudy,0,0,1
2025-03-10 01:00:00,2,19,52.1,Cloudy,0,0,1
2025-03-10 01:00:00,3,7,55.2,Cloudy,0,0,1
2025-03-10 01:00:00,4,20,49.3,Cloudy,0,0,1
2025-03-10 02:00:00,1,21,53.7,Cloudy,0,0,2
2025-03-10 02:00:00,2,16,56.0,Cloudy,0,0,2
2025-03-10 02:00:00,3,14,60.1,Cloudy,0,0,2
2025-03-10 02:00:00,4,19,49.3,Cloudy,0,0,2
2025-03-10 03:00:00,1,16,48.3,Cloudy,0,0,3
2025-03-10 03:00:00,2,14,49.7,Cloudy,0,0,3
2025-03-10 03:00:00,3,13,47.2,Cloudy,0,0,3
2025-03-10 03:00:00,4,15,51.1,Cloudy,0,0,3
2025-03-10 04:00:00,1,23,53.2,Cloudy,0,0,4
2025-03-10 04:00:00,2,13,44.3,Cloudy,0,0,4
2025-03-10 04:00:00,3,13,50.9,Cloudy,0,0,4
2025-03-10 04:00:00,4,17,54.7,Cloudy,0,0,4
2025-03-10 05:00:00,1,26,46.4,Cloudy,0,0,5
2025-03-10 05:00:00,2,20,43.9,Cloudy,0,0,5
2025-03-10 05:00:00,3,11,,Cloudy,0,0,5
2025-03-10 05:00:00,4,21,38.2,Cloudy,0,0,5
2025-03-10 06:00:00,1,44,30.2,Cloudy,0,0,6
2025-03-10 06:00:00,2,22,47.4,Cloudy,0,0,6
2025-03-10 06:00:00,3,32,38.0,Cloudy,0,0,6
2025-03-10 06:00:00,4,35,50.3,Cloudy,0,0,6
2025-03-10 07:00:00,1,64,31.7,Cloudy,0,0,7
2025-03-10 07:00:00,2,45,44.3,Cloudy,0,0,7
2025-03-10 07:00:00,3,37,36.8,Cloudy,0,0,7
2025-03-10 07:00:00,4,50,41.5,Cloudy,0,0,7
2025-03-10 08:00:00,1,115,13.3,Cloudy,0,0,8
2025-03-10 08:00:00,2,94,12.4,Cloudy,0,0,8
2025-03-10 08:00:00,3,94,22.2,Cloudy,0,0,8
2025-03-10 08:00:00,4,83,22.4,Cloudy,0,0,8
2025-03-10 09:00:00,1,126,5.6,Cloudy,0,0,9
2025-03-10 09:00:00,2,131,7.9,Cloudy,0,0,9
2025-03-10 09:00:00,3,100,24.8,Cloudy,0,0,9
2025-03-10 09:00:00,4,109,17.5,Cloudy,0,0,9
2025-03-10 10:00:00,1,126,12.6,Cloudy,0,0,10
2025-03-10 10:00:00,2,99,20.0,Cloudy,0,0,10
2025-03-10 10:00:00,3,89,29.2,Cloudy,0,0,10
2025-03-10 10:00:00,4,107,17.3,Cloudy,0,0,10
2025-03-10 11:00:00,1,67,34.7,Cloudy,0,0,11
2025-03-10 11:00:00,2,66,31.6,Cloudy,0,0,11
2025-03-10 11:00:00,3,52,38.0,Cloudy,0,0,11
2025-03-10 11:00:00,4,66,34.6,Cloudy,0,0,11
2025-03-10 12:00:00,1,81,33.2,Cloudy,0,0,12
2025-03-10 12:00:00,2,65,35.1,Cloudy,0,0,12
2025-03-10 12:00:00,3,56,29.2,Cloudy,0,0,12
2025-03-10 12:00:00,4,74,25.5,Cloudy,0,0,12
2025-03-10 13:00:00,1,90,21.6,Cloudy,0,0,13
2025-03-10 13:00:00,2,80,27.0,Cloudy,0,0,13
2025-03-10 13:00:00,3,51,34.8,Cloudy,0,0,13
2025-03-10 13:00:00,4,94,20.3,Cloudy,0,0,13
2025-03-10 14:00:00,1,63,,Cloudy,0,0,14
2025-03-10 14:00:00,2,59,45.0,Cloudy,0,0,14
2025-03-10 14:00:00,3,40,37.8,Cloudy,0,0,14
2025-03-10 14:00:00,4,63,38.2,Cloudy,0,0,14
2025-03-10 15:00:00,1,65,37.2,Cloudy,0,0,15
2025-03-10 15:00:00,2,49,43.0,Cloudy,0,0,15
2025-03-10 15:00:00,3,40,44.2,Cloudy,0,0,15
2025-03-10 15:00:00,4,70,29.1,Cloudy,0,0,15
2025-03-10 16:00:00,1,84,24.3,Cloudy,0,0,16
2025-03-10 16:00:00,2,74,25.5,Cloudy,0,0,16
2025-03-10 16:00:00,3,65,26.8,Cloudy,0,0,16
2025-03-10 16:00:00,4,46,29.2,Cloudy,0,0,16
2025-03-10 17:00:00,1,133,14.5,Cloudy,0,0,17
2025-03-10 17:00:00,2,88,26.4,Cloudy,0,0,17
2025-03-10 17:00:00,3,98,12.0,Cloudy,0,0,17
2025-03-10 17:00:00,4,126,16.5,Cloudy,0,0,17
2025-03-10 18:00:00,1,138,5,Cloudy,0,0,18
2025-03-10 18:00:00,2,122,7.3,Cloudy,0,0,18
2025-03-10 18:00:00,3,131,5.8,Cloudy,0,0,18
2025-03-10 18:00:00,4,163,5,Cloudy,0,0,18
2025-03-10 19:00:00,1,131,12.9,Cloudy,0,0,19
2025-03-10 19:00:00,2,108,12.0,Cloudy,0,0,19
2025-03-10 19:00:00,3,72,28.6,Cloudy,0,0,19
2025-03-10 19:00:00,4,118,14.2,Cloudy,0,0,19
2025-03-10 20:00:00,1,92,24.9,Cloudy,0,0,20
2025-03-10 20:00:00,2,53,38.2,Cloudy,0,0,20
2025-03-10 20:00:00,3,64,25.6,Cloudy,0,0,20
2025-03-10 20:00:00,4,75,32.7,Cloudy,0,0,20
2025-03-10 21:00:00,1,50,42.2,Cloudy,0,0,21
2025-03-10 21:00:00,2,37,40.4,Cloudy,0,0,21
2025-03-10 21:00:00,3,,40.2,Cloudy,0,0,21
2025-03-10 21:00:00,4,64,27.1,Cloudy,0,0,21
2025-03-10 22:00:00,1,41,43.6,Clear,0,0,22
2025-03-10 22:00:00,2,30,39.8,Clear,0,0,22
2025-03-10 22:00:00,3,22,52.1,Clear,0,0,22
2025-03-10 22:00:00,4,34,41.0,Clear,0,0,22
2025-03-10 23:00:00,1,21,53.2,Cloudy,0,0,23
2025-03-10 23:00:00,2,14,58.0,Cloudy,0,0,23
2025-03-10 23:00:00,3,,56.5,Cloudy,0,0,23
2025-03-10 23:00:00,4,18,62.1,Cloudy,0,0,23
2025-03-11 00:00:00,1,19,53.9,Clear,1,0,0
2025-03-11 00:00:00,2,18,53.7,Clear,1,0,0
2025-03-11 00:00:00,3,10,65.6,Clear,1,0,0
2025-03-11 00:00:00,4,16,54.2,Clear,1,0,0
2025-03-11 01:00:00,1,19,200,Clear,1,0,1
2025-03-11 01:00:00,2,14,58.1,Clear,1,0,1
2025-03-11 01:00:00,3,16,48.3,Clear,1,0,1
2025-03-11 01:00:00,4,15,52.5,Clear,1,0,1
2025-03-11 02:00:00,1,23,49.0,Clear,1,0,2
2025-03-11 02:00:00,2,15,54.2,Clear,1,0,2
2025-03-11 02:00:00,3,14,60.8,Clear,1,0,2
2025-03-11 02:00:00,4,17,48.4,Clear,1,0,2
2025-03-11 03:00:00,1,18,58.4,Clear,1,0,3
2025-03-11 03:00:00,2,16,67.7,Clear,1,0,3
2025-03-11 03:00:00,3,15,56.9,Clear,1,0,3
2025-03-11 03:00:00,4,14,56.2,Clear,1,0,3
2025-03-11 04:00:00,1,16,51.3,Clear,1,0,4
2025-03-11 04:00:00,2,16,60.8,Clear,1,0,4
2025-03-11 04:00:00,3,11,47.9,Clear,1,0,4
2025-03-11 04:00:00,4,16,44.2,Clear,1,0,4
2025-03-11 05:00:00,1,17,57.1,Clear,1,0,5
2025-03-11 05:00:00,2,16,48.0,Clear,1,0,5
2025-03-11 05:00:00,3,13,54.4,Clear,1,0,5
2025-03-11 05:00:00,4,19,55.1,Clear,1,0,5
2025-03-11 06:00:00,1,30,44.6,Clear,1,0,6
2025-03-11 06:00:00,2,29,51.2,Clear,1,0,6
2025-03-11 06:00:00,3,24,57.9,Clear,1,0,6
2025-03-11 06:00:00,4,,42.0,Clear,1,0,6
2025-03-11 07:00:00,1,68,29.1,Clear,1,0,7
2025-03-11 07:00:00,2,44,45.0,Clear,1,0,7
2025-03-11 07:00:00,3,37,41.8,Clear,1,0,7
2025-03-11 07:00:00,4,54,42.6,Clear,1,0,7
2025-03-11 08:00:00,1,,,Cloudy,1,0,8
2025-03-11 08:00:00,2,91,19.9,Cloudy,1,0,8
2025-03-11 08:00:00,3,84,20.4,Cloudy,1,0,8
2025-03-11 08:00:00,4,94,32.8,Cloudy,1,0,8
2025-03-11 09:00:00,1,156,5,Clear,1,0,9
2025-03-11 09:00:00,2,104,22.5,Clear,1,0,9
2025-03-11 09:00:00,3,74,32.4,Clear,1,0,9
2025-03-11 09:00:00,4,129,9.5,Clear,1,0,9
2025-03-11 10:00:00,1,105,25.0,Clear,1,0,10
2025-03-11 10:00:00,2,85,27.0,Clear,1,0,10
2025-03-11 10:00:00,3,64,36.3,Clear,1,0,10
2025-03-11 10:00:00,4,113,8.9,Clear,1,0,10
2025-03-11 11:00:00,1,65,30.0,Clear,1,0,11
2025-03-11 11:00:00,2,56,29.9,Clear,1,0,11
2025-03-11 11:00:00,3,53,36.6,Clear,1,0,11
2025-03-11 11:00:00,4,59,36.5,Clear,1,0,11
2025-03-11 12:00:00,1,600,27.2,Clear,1,0,12
2025-03-11 12:00:00,2,56,33.0,Clear,1,0,12
2025-03-11 12:00:00,3,44,44.1,Clear,1,0,12
2025-03-11 12:00:00,4,73,33.5,Clear,1,0,12
2025-03-11 13:00:00,1,87,27.6,Clear,1,0,13
2025-03-11 13:00:00,2,62,26.0,Clear,1,0,13
2025-03-11 13:00:00,3,62,46.8,Clear,1,0,13
2025-03-11 13:00:00,4,74,23.0,Clear,1,0,13
2025-03-11 14:00:00,1,74,29.2,Clear,1,0,14
2025-03-11 14:00:00,2,57,150,Clear,1,0,14
2025-03-11 14:00:00,3,64,26.8,Clear,1,0,14
2025-03-11 14:00:00,4,83,25.0,Clear,1,0,14
2025-03-11 15:00:00,1,53,,Clear,1,0,15
2025-03-11 15:00:00,2,40,40.8,Clear,1,0,15
2025-03-11 15:00:00,3,40,54.2,Clear,1,0,15
2025-03-11 15:00:00,4,29,51.3,Clear,1,0,15
2025-03-11 16:00:00,1,64,31.1,Clear,1,0,16
2025-03-11 16:00:00,2,55,41.5,Clear,1,0,16
2025-03-11 16:00:00,3,49,34.5,Clear,1,0,16
2025-03-11 16:00:00,4,79,25.2,Clear,1,0,16
2025-03-11 17:00:00,1,135,5,Cloudy,1,0,17
2025-03-11 17:00:00,2,105,23.9,Cloudy,1,0,17
2025-03-11 17:00:00,3,97,21.1,Cloudy,1,0,17
2025-03-11 17:00:00,4,103,9.2,Cloudy,1,0,17
2025-03-11 18:00:00,1,116,6.1,Light Rain,1,0,18
2025-03-11 18:00:00,2,96,12.5,Light Rain,1,0,18
2025-03-11 18:00:00,3,101,8.0,Light Rain,1,0,18
2025-03-11 18:00:00,4,130,8.8,Light Rain,1,0,18
2025-03-11 19:00:00,1,120,12.7,Clear,1,0,19
2025-03-11 19:00:00,2,98,9.5,Clear,1,0,19
2025-03-11 19:00:00,3,83,21.5,Clear,1,0,19
2025-03-11 19:00:00,4,128,9.5,Clear,1,0,19
2025-03-11 20:00:00,1,78,22.8,Clear,1,0,20
2025-03-11 20:00:00,2,57,41.7,Clear,1,0,20
2025-03-11 20:00:00,3,54,47.2,Clear,1,0,20
2025-03-11 20:00:00,4,75,27.5,Clear,1,0,20
2025-03-11 21:00:00,1,42,46.4,Clear,1,0,21
2025-03-11 21:00:00,2,40,41.2,Clear,1,0,21
2025-03-11 21:00:00,3,33,42.6,Clear,1,0,21
2025-03-11 21:00:00,4,49,44.8,Clear,1,0,21
2025-03-11 22:00:00,1,40,49.0,Clear,1,0,22
2025-03-11 22:00:00,2,24,56.6,Clear,1,0,22
2025-03-11 22:00:00,3,23,50.6,Clear,1,0,22
2025-03-11 22:00:00,4,32,54.5,Clear,1,0,22
2025-03-11 23:00:00,1,18,56.1,Clear,1,0,23
2025-03-11 23:00:00,2,14,57.5,Clear,1,0,23
2025-03-11 23:00:00,3,15,54.3,Clear,1,0,23
2025-03-11 23:00:00,4,18,49.0,Clear,1,0,23
2025-03-12 00:00:00,1,17,48.3,Clear,2,0,0
2025-03-12 00:00:00,2,16,59.3,Clear,2,0,0
2025-03-12 00:00:00,3,12,69.2,Clear,2,0,0
2025-03-12 00:00:00,4,19,56.5,Clear,2,0,0
2025-03-12 01:00:00,1,,57.1,Cloudy,2,0,1
2025-03-12 01:00:00,2,600,54.0,Cloudy,2,0,1
2025-03-12 01:00:00,3,15,42.1,Cloudy,2,0,1
2025-03-12 01:00:00,4,19,47.0,Cloudy,2,0,1
2025-03-12 02:00:00,1,22,53.7,Cloudy,2,0,2
2025-03-12 02:00:00,2,14,,Cloudy,2,0,2
2025-03-12 02:00:00,3,12,55.7,Cloudy,2,0,2
2025-03-12 02:00:00,4,17,50.0,Cloudy,2,0,2
2025-03-12 03:00:00,1,26,49.6,Clear,2,0,3
2025-03-12 03:00:00,2,14,47.4,Clear,2,0,3
2025-03-12 03:00:00,3,13,51.6,Clear,2,0,3
2025-03-12 03:00:00,4,17,46.7,Clear,2,0,3
2025-03-12 04:00:00,1,19,47.5,Cloudy,2,0,4
2025-03-12 04:00:00,2,23,,Cloudy,2,0,4
2025-03-12 04:00:00,3,13,52.8,Cloudy,2,0,4
2025-03-12 04:00:00,4,18,47.7,Cloudy,2,0,4
2025-03-12 05:00:00,1,24,56.4,Cloudy,2,0,5
2025-03-12 05:00:00,2,12,53.0,Cloudy,2,0,5
2025-03-12 05:00:00,3,14,43.9,Cloudy,2,0,5
2025-03-12 05:00:00,4,11,56.2,Cloudy,2,0,5
2025-03-12 06:00:00,1,39,40.2,Cloudy,2,0,6
2025-03-12 06:00:00,2,34,41.1,Cloudy,2,0,6
2025-03-12 06:00:00,3,26,53.4,Cloudy,2,0,6
2025-03-12 06:00:00,4,37,37.1,Cloudy,2,0,6
2025-03-12 07:00:00,1,66,37.8,Cloudy,2,0,7
2025-03-12 07:00:00,2,44,43.6,Cloudy,2,0,7
2025-03-12 07:00:00,3,48,43.4,Cloudy,2,0,7
2025-03-12 07:00:00,4,43,41.3,Cloudy,2,0,7
2025-03-12 08:00:00,1,119,5,Cloudy,2,0,8
2025-03-12 08:00:00,2,64,21.0,Cloudy,2,0,8
2025-03-12 08:00:00,3,78,25.5,Cloudy,2,0,8
2025-03-12 08:00:00,4,91,18.8,Cloudy,2,0,8
2025-03-12 09:00:00,1,157,5,Cloudy,2,0,9
2025-03-12 09:00:00,2,93,,Cloudy,2,0,9
2025-03-12 09:00:00,3,92,21.1,Cloudy,2,0,9
2025-03-12 09:00:00,4,87,14.7,Cloudy,2,0,9
2025-03-12 10:00:00,1,131,12.1,Cloudy,2,0,10
2025-03-12 10:00:00,2,84,30.0,Cloudy,2,0,10
2025-03-12 10:00:00,3,95,15.5,Cloudy,2,0,10
2025-03-12 10:00:00,4,103,16.9,Cloudy,2,0,10
2025-03-12 11:00:00,1,74,28.2,Cloudy,2,0,11
2025-03-12 11:00:00,2,53,43.7,Cloudy,2,0,11
2025-03-12 11:00:00,3,47,47.3,Cloudy,2,0,11
2025-03-12 11:00:00,4,68,27.2,Cloudy,2,0,11
2025-03-12 12:00:00,1,79,19.2,Cloudy,2,0,12
2025-03-12 12:00:00,2,53,40.3,Cloudy,2,0,12
2025-03-12 12:00:00,3,58,31.8,Cloudy,2,0,12
2025-03-12 12:00:00,4,55,36.1,Cloudy,2,0,12
2025-03-12 13:00:00,1,104,18.4,Cloudy,2,0,13
2025-03-12 13:00:00,2,75,33.6,Cloudy,2,0,13
2025-03-12 13:00:00,3,,34.7,Cloudy,2,0,13
2025-03-12 13:00:00,4,103,19.4,Cloudy,2,0,13
2025-03-12 14:00:00,1,61,26.3,Cloudy,2,0,14
2025-03-12 14:00:00,2,47,31.8,Cloudy,2,0,14
2025-03-12 14:00:00,3,55,41.3,Cloudy,2,0,14
2025-03-12 14:00:00,4,62,39.8,Cloudy,2,0,14
2025-03-12 15:00:00,1,66,38.4,Clear,2,0,15
2025-03-12 15:00:00,2,34,52.9,Clear,2,0,15
2025-03-12 15:00:00,3,33,43.5,Clear,2,0,15
2025-03-12 15:00:00,4,22,54.6,Clear,2,0,15
2025-03-12 16:00:00,1,76,27.4,Cloudy,2,0,16
2025-03-12 16:00:00,2,78,24.1,Cloudy,2,0,16
2025-03-12 16:00:00,3,53,31.6,Cloudy,2,0,16
2025-03-12 16:00:00,4,71,19.8,Cloudy,2,0,16
2025-03-12 17:00:00,1,135,,Cloudy,2,0,17
2025-03-12 17:00:00,2,99,21.9,Cloudy,2,0,17
2025-03-12 17:00:00,3,84,29.0,Cloudy,2,0,17
2025-03-12 17:00:00,4,86,20.7,Cloudy,2,0,17
2025-03-12 18:00:00,1,141,5,Cloudy,2,0,18
2025-03-12 18:00:00,2,116,15.6,Cloudy,2,0,18
2025-03-12 18:00:00,3,113,16.7,Cloudy,2,0,18
2025-03-12 18:00:00,4,116,20.3,Cloudy,2,0,18
2025-03-12 19:00:00,1,130,10.8,Cloudy,2,0,19
2025-03-12 19:00:00,2,94,22.6,Cloudy,2,0,19
2025-03-12 19:00:00,3,94,150,Cloudy,2,0,19
2025-03-12 19:00:00,4,127,5,Cloudy,2,0,19
2025-03-12 20:00:00,1,105,15.5,Cloudy,2,0,20
2025-03-12 20:00:00,2,73,31.4,Cloudy,2,0,20
2025-03-12 20:00:00,3,61,29.9,Cloudy,2,0,20
2025-03-12 20:00:00,4,63,27.2,Cloudy,2,0,20
2025-03-12 21:00:00,1,44,44.1,Cloudy,2,0,21
2025-03-12 21:00:00,2,35,47.3,Cloudy,2,0,21
2025-03-12 21:00:00,3,31,51.2,Cloudy,2,0,21
2025-03-12 21:00:00,4,43,36.2,Cloudy,2,0,21
2025-03-12 22:00:00,1,,39.6,Cloudy,2,0,22
2025-03-12 22:00:00,2,20,50.9,Cloudy,2,0,22
2025-03-12 22:00:00,3,22,53.0,Cloudy,2,0,22
2025-03-12 22:00:00,4,38,41.1,Cloudy,2,0,22
2025-03-12 23:00:00,1,24,43.5,Cloudy,2,0,23
2025-03-12 23:00:00,2,20,51.9,Cloudy,2,0,23
2025-03-12 23:00:00,3,,41.8,Cloudy,2,0,23
2025-03-12 23:00:00,4,18,,Cloudy,2,0,23
2025-03-13 00:00:00,1,19,42.3,Light Rain,3,0,0
2025-03-13 00:00:00,2,8,38.7,Light Rain,3,0,0
2025-03-13 00:00:00,3,8,41.1,Light Rain,3,0,0
2025-03-13 00:00:00,4,,46.0,Light Rain,3,0,0
2025-03-13 01:00:00,1,22,42.5,Clear,3,0,1
2025-03-13 01:00:00,2,15,49.4,Clear,3,0,1
2025-03-13 01:00:00,3,14,54.1,Clear,3,0,1
2025-03-13 01:00:00,4,17,50.0,Clear,3,0,1
2025-03-13 02:00:00,1,19,49.8,Clear,3,0,2
2025-03-13 02:00:00,2,13,53.1,Clear,3,0,2
2025-03-13 02:00:00,3,13,55.2,Clear,3,0,2
2025-03-13 02:00:00,4,16,51.1,Clear,3,0,2
2025-03-13 03:00:00,1,19,48.8,Clear,3,0,3
2025-03-13 03:00:00,2,13,50.5,Clear,3,0,3
2025-03-13 03:00:00,3,12,63.3,Clear,3,0,3
2025-03-13 03:00:00,4,22,49.1,Clear,3,0,3
2025-03-13 04:00:00,1,19,52.4,Clear,3,0,4
2025-03-13 04:00:00,2,15,55.7,Clear,3,0,4
2025-03-13 04:00:00,3,10,60.4,Clear,3,0,4
2025-03-13 04:00:00,4,17,56.2,Clear,3,0,4
2025-03-13 05:00:00,1,16,55.3,Clear,3,0,5
2025-03-13 05:00:00,2,14,54.4,Clear,3,0,5
2025-03-13 05:00:00,3,17,49.9,Clear,3,0,5
2025-03-13 05:00:00,4,19,51.0,Clear,3,0,5
2025-03-13 06:00:00,1,44,43.5,Clear,3,0,6
2025-03-13 06:00:00,2,28,46.6,Clear,3,0,6
2025-03-13 06:00:00,3,30,61.6,Clear,3,0,6
2025-03-13 06:00:00,4,29,42.2,Clear,3,0,6
2025-03-13 07:00:00,1,54,49.2,Clear,3,0,7
2025-03-13 07:00:00,2,41,44.2,Clear,3,0,7
2025-03-13 07:00:00,3,49,33.8,Clear,3,0,7
2025-03-13 07:00:00,4,44,47.6,Clear,3,0,7
2025-03-13 08:00:00,1,82,23.3,Clear,3,0,8
2025-03-13 08:00:00,2,79,25.4,Clear,3,0,8
2025-03-13 08:00:00,3,72,30.4,Clear,3,0,8
2025-03-13 08:00:00,4,70,35.6,Clear,3,0,8
2025-03-13 09:00:00,1,136,5,Clear,3,0,9
2025-03-13 09:00:00,2,85,18.0,Clear,3,0,9
2025-03-13 09:00:00,3,600,14.5,Clear,3,0,9
2025-03-13 09:00:00,4,139,9.9,Clear,3,0,9
2025-03-13 10:00:00,1,89,15.2,Clear,3,0,10
2025-03-13 10:00:00,2,88,24.4,Clear,3,0,10
2025-03-13 10:00:00,3,79,17.1,Clear,3,0,10
2025-03-13 10:00:00,4,93,24.1,Clear,3,0,10
2025-03-13 11:00:00,1,68,19.0,Clear,3,0,11
2025-03-13 11:00:00,2,54,52.1,Clear,3,0,11
2025-03-13 11:00:00,3,40,33.8,Clear,3,0,11
2025-03-13 11:00:00,4,68,40.5,Clear,3,0,11
2025-03-13 12:00:00,1,84,24.0,Clear,3,0,12
2025-03-13 12:00:00,2,57,50.3,Clear,3,0,12
2025-03-13 12:00:00,3,49,31.8,Clear,3,0,12
2025-03-13 12:00:00,4,51,42.5,Clear,3,0,12
2025-03-13 13:00:00,1,93,28.4,Clear,3,0,13
2025-03-13 13:00:00,2,68,24.7,Clear,3,0,13
2025-03-13 13:00:00,3,64,29.6,Clear,3,0,13
2025-03-13 13:00:00,4,70,,Clear,3,0,13
2025-03-13 14:00:00,1,61,28.3,Clear,3,0,14
2025-03-13 14:00:00,2,58,33.3,Clear,3,0,14
2025-03-13 14:00:00,3,67,34.5,Clear,3,0,14
2025-03-13 14:00:00,4,49,42.3,Clear,3,0,14
2025-03-13 15:00:00,1,59,36.5,Clear,3,0,15
2025-03-13 15:00:00,2,33,51.2,Clear,3,0,15
2025-03-13 15:00:00,3,38,48.4,Clear,3,0,15
2025-03-13 15:00:00,4,49,43.0,Clear,3,0,15
2025-03-13 16:00:00,1,76,31.1,Clear,3,0,16
2025-03-13 16:00:00,2,69,28.2,Clear,3,0,16
2025-03-13 16:00:00,3,62,38.4,Clear,3,0,16
2025-03-13 16:00:00,4,92,20.3,Clear,3,0,16
2025-03-13 17:00:00,1,,5,Clear,3,0,17
2025-03-13 17:00:00,2,109,16.1,Clear,3,0,17
2025-03-13 17:00:00,3,65,37.4,Clear,3,0,17
2025-03-13 17:00:00,4,140,5,Clear,3,0,17
2025-03-13 18:00:00,1,136,5,Clear,3,0,18
2025-03-13 18:00:00,2,111,11.8,Clear,3,0,18
2025-03-13 18:00:00,3,116,20.4,Clear,3,0,18
2025-03-13 18:00:00,4,152,5.0,Clear,3,0,18
2025-03-13 19:00:00,1,152,5,Clear,3,0,19
2025-03-13 19:00:00,2,89,21.2,Clear,3,0,19
2025-03-13 19:00:00,3,91,26.9,Clear,3,0,19
2025-03-13 19:00:00,4,99,21.9,Clear,3,0,19
2025-03-13 20:00:00,1,76,27.5,Clear,3,0,20
2025-03-13 20:00:00,2,52,41.7,Clear,3,0,20
2025-03-13 20:00:00,3,64,36.8,Clear,3,0,20
2025-03-13 20:00:00,4,65,31.7,Clear,3,0,20
2025-03-13 21:00:00,1,53,41.5,Clear,3,0,21
2025-03-13 21:00:00,2,35,46.9,Clear,3,0,21
2025-03-13 21:00:00,3,36,45.1,Clear,3,0,21
2025-03-13 21:00:00,4,34,38.4,Clear,3,0,21
2025-03-13 22:00:00,1,38,,Clear,3,0,22
2025-03-13 22:00:00,2,22,45.4,Clear,3,0,22
2025-03-13 22:00:00,3,26,47.5,Clear,3,0,22
2025-03-13 22:00:00,4,34,55.3,Clear,3,0,22
2025-03-13 23:00:00,1,23,50.7,Clear,3,0,23
2025-03-13 23:00:00,2,14,50.7,Clear,3,0,23
2025-03-13 23:00:00,3,11,59.1,Clear,3,0,23
2025-03-13 23:00:00,4,25,53.2,Clear,3,0,23
2025-03-14 00:00:00,1,11,57.4,Clear,4,1,0
2025-03-14 00:00:00,2,9,56.7,Clear,4,1,0
2025-03-14 00:00:00,3,6,61.5,Clear,4,1,0
2025-03-14 00:00:00,4,8,52.8,Clear,4,1,0
2025-03-14 01:00:00,1,13,57.8,Clear,4,1,1
2025-03-14 01:00:00,2,7,57.9,Clear,4,1,1
2025-03-14 01:00:00,3,7,66.4,Clear,4,1,1
2025-03-14 01:00:00,4,10,51.7,Clear,4,1,1
2025-03-14 02:00:00,1,13,47.8,Cloudy,4,1,2
2025-03-14 02:00:00,2,9,58.4,Cloudy,4,1,2
2025-03-14 02:00:00,3,9,61.7,Cloudy,4,1,2
2025-03-14 02:00:00,4,12,51.8,Cloudy,4,1,2
2025-03-14 03:00:00,1,11,56.0,Clear,4,1,3
2025-03-14 03:00:00,2,9,56.4,Clear,4,1,3
2025-03-14 03:00:00,3,8,67.7,Clear,4,1,3
2025-03-14 03:00:00,4,9,54.3,Clear,4,1,3
2025-03-14 04:00:00,1,12,55.7,Clear,4,1,4
2025-03-14 04:00:00,2,8,65.4,Clear,4,1,4
2025-03-14 04:00:00,3,10,61.7,Clear,4,1,4
2025-03-14 04:00:00,4,10,54.2,Clear,4,1,4
2025-03-14 05:00:00,1,12,59.5,Clear,4,1,5
2025-03-14 05:00:00,2,7,61.4,Clear,4,1,5
2025-03-14 05:00:00,3,7,61.2,Clear,4,1,5
2025-03-14 05:00:00,4,10,59.2,Clear,4,1,5
2025-03-14 06:00:00,1,20,51.4,Clear,4,1,6
2025-03-14 06:00:00,2,16,57.2,Clear,4,1,6
2025-03-14 06:00:00,3,17,50.4,Clear,4,1,6
2025-03-14 06:00:00,4,18,56.8,Clear,4,1,6
2025-03-14 07:00:00,1,31,47.0,Clear,4,1,7
2025-03-14 07:00:00,2,29,47.2,Clear,4,1,7
2025-03-14 07:00:00,3,22,58.9,Clear,4,1,7
2025-03-14 07:00:00,4,999,53.1,Clear,4,1,7
2025-03-14 08:00:00,1,33,26.8,Heavy Rain,4,1,8
2025-03-14 08:00:00,2,32,27.9,Heavy Rain,4,1,8
2025-03-14 08:00:00,3,27,25.2,Heavy Rain,4,1,8
2025-03-14 08:00:00,4,33,25.4,Heavy Rain,4,1,8
2025-03-14 09:00:00,1,81,22.7,Clear,4,1,9
2025-03-14 09:00:00,2,70,32.0,Clear,4,1,9
2025-03-14 09:00:00,3,63,20.5,Clear,4,1,9
2025-03-14 09:00:00,4,58,,Clear,4,1,9
2025-03-14 10:00:00,1,60,41.9,Clear,4,1,10
2025-03-14 10:00:00,2,36,44.8,Clear,4,1,10
2025-03-14 10:00:00,3,45,40.2,Clear,4,1,10
2025-03-14 10:00:00,4,48,47.7,Clear,4,1,10
2025-03-14 11:00:00,1,26,50.2,Clear,4,1,11
2025-03-14 11:00:00,2,28,54.5,Clear,4,1,11
2025-03-14 11:00:00,3,33,49.7,Clear,4,1,11
2025-03-14 11:00:00,4,34,47.5,Clear,4,1,11
2025-03-14 12:00:00,1,35,39.2,Clear,4,1,12
2025-03-14 12:00:00,2,34,51.3,Clear,4,1,12
2025-03-14 12:00:00,3,24,57.8,Clear,4,1,12
2025-03-14 12:00:00,4,36,46.5,Clear,4,1,12
2025-03-14 13:00:00,1,54,42.1,Clear,4,1,13
2025-03-14 13:00:00,2,36,47.1,Clear,4,1,13
2025-03-14 13:00:00,3,42,39.6,Clear,4,1,13
2025-03-14 13:00:00,4,43,52.8,Clear,4,1,13
2025-03-14 14:00:00,1,46,31.1,Clear,4,1,14
2025-03-14 14:00:00,2,37,49.5,Clear,4,1,14
2025-03-14 14:00:00,3,29,48.5,Clear,4,1,14
2025-03-14 14:00:00,4,31,56.2,Clear,4,1,14
2025-03-14 15:00:00,1,38,52.7,Clear,4,1,15
2025-03-14 15:00:00,2,18,48.1,Clear,4,1,15
2025-03-14 15:00:00,3,23,58.3,Clear,4,1,15
2025-03-14 15:00:00,4,16,52.7,Clear,4,1,15
2025-03-14 16:00:00,1,43,36.9,Clear,4,1,16
2025-03-14 16:00:00,2,41,44.4,Clear,4,1,16
2025-03-14 16:00:00,3,31,41.1,Clear,4,1,16
2025-03-14 16:00:00,4,34,43.6,Clear,4,1,16
2025-03-14 17:00:00,1,39,24.2,Heavy Rain,4,1,17
2025-03-14 17:00:00,2,41,20.7,Heavy Rain,4,1,17
2025-03-14 17:00:00,3,31,27.6,Heavy Rain,4,1,17
2025-03-14 17:00:00,4,35,24.6,Heavy Rain,4,1,17
2025-03-14 18:00:00,1,92,,Clear,4,1,18
2025-03-14 18:00:00,2,56,42.9,Clear,4,1,18
2025-03-14 18:00:00,3,52,37.9,Clear,4,1,18
2025-03-14 18:00:00,4,69,32.7,Clear,4,1,18
2025-03-14 19:00:00,1,78,22.7,Clear,4,1,19
2025-03-14 19:00:00,2,67,35.5,Clear,4,1,19
2025-03-14 19:00:00,3,51,36.3,Clear,4,1,19
2025-03-14 19:00:00,4,49,36.3,Clear,4,1,19
2025-03-14 20:00:00,1,48,33.4,Clear,4,1,20
2025-03-14 20:00:00,2,26,53.9,Clear,4,1,20
2025-03-14 20:00:00,3,31,53.6,Clear,4,1,20
2025-03-14 20:00:00,4,57,35.4,Clear,4,1,20
2025-03-14 21:00:00,1,31,49.8,Clear,4,1,21
2025-03-14 21:00:00,2,17,51.4,Clear,4,1,21
2025-03-14 21:00:00,3,20,51.9,Clear,4,1,21
2025-03-14 21:00:00,4,25,54.6,Clear,4,1,21
2025-03-14 22:00:00,1,24,46.2,Clear,4,1,22
2025-03-14 22:00:00,2,500,53.2,Clear,4,1,22
2025-03-14 22:00:00,3,12,56.1,Clear,4,1,22
2025-03-14 22:00:00,4,19,47.6,Clear,4,1,22
2025-03-14 23:00:00,1,,58.9,Clear,4,1,23
2025-03-14 23:00:00,2,11,51.5,Clear,4,1,23
2025-03-14 23:00:00,3,7,60.8,Clear,4,1,23
2025-03-14 23:00:00,4,8,53.2,Clear,4,1,23
2025-03-15 00:00:00,1,19,42.0,Light Rain,5,0,0
2025-03-15 00:00:00,2,14,44.8,Light Rain,5,0,0
2025-03-15 00:00:00,3,13,38.6,Light Rain,5,0,0
2025-03-15 00:00:00,4,16,42.2,Light Rain,5,0,0
2025-03-15 01:00:00,1,18,42.3,Clear,5,0,1
2025-03-15 01:00:00,2,15,56.5,Clear,5,0,1
2025-03-15 01:00:00,3,17,54.8,Clear,5,0,1
2025-03-15 01:00:00,4,19,57.9,Clear,5,0,1
2025-03-15 02:00:00,1,23,48.9,Clear,5,0,2
2025-03-15 02:00:00,2,13,54.0,Clear,5,0,2
2025-03-15 02:00:00,3,,56.3,Clear,5,0,2
2025-03-15 02:00:00,4,18,60.7,Clear,5,0,2
2025-03-15 03:00:00,1,20,40.0,Clear,5,0,3
2025-03-15 03:00:00,2,15,53.8,Clear,5,0,3
2025-03-15 03:00:00,3,8,55.8,Clear,5,0,3
2025-03-15 03:00:00,4,21,50.3,Clear,5,0,3
2025-03-15 04:00:00,1,21,-5,Clear,5,0,4
2025-03-15 04:00:00,2,13,54.9,Clear,5,0,4
2025-03-15 04:00:00,3,13,59.3,Clear,5,0,4
2025-03-15 04:00:00,4,17,47.5,Clear,5,0,4
2025-03-15 05:00:00,1,19,50.9,Clear,5,0,5
2025-03-15 05:00:00,2,10,,Clear,5,0,5
2025-03-15 05:00:00,3,11,52.8,Clear,5,0,5
2025-03-15 05:00:00,4,23,41.4,Clear,5,0,5
2025-03-15 06:00:00,1,54,,Clear,5,0,6
2025-03-15 06:00:00,2,37,51.9,Clear,5,0,6
2025-03-15 06:00:00,3,36,45.9,Clear,5,0,6
2025-03-15 06:00:00,4,48,47.5,Clear,5,0,6
2025-03-15 07:00:00,1,56,38.9,Clear,5,0,7
2025-03-15 07:00:00,2,30,43.1,Clear,5,0,7
2025-03-15 07:00:00,3,41,42.8,Clear,5,0,7
2025-03-15 07:00:00,4,58,36.5,Clear,5,0,7
2025-03-15 08:00:00,1,83,22.3,Clear,5,0,8
2025-03-15 08:00:00,2,65,150,Clear,5,0,8
2025-03-15 08:00:00,3,43,37.6,Clear,5,0,8
2025-03-15 08:00:00,4,82,28.9,Clear,5,0,8
2025-03-15 09:00:00,1,46,41.2,Clear,5,0,9
2025-03-15 09:00:00,2,,35.5,Clear,5,0,9
2025-03-15 09:00:00,3,51,38.2,Clear,5,0,9
2025-03-15 09:00:00,4,63,34.5,Clear,5,0,9
2025-03-15 10:00:00,1,64,35.9,Clear,5,0,10
2025-03-15 10:00:00,2,52,36.1,Clear,5,0,10
2025-03-15 10:00:00,3,48,42.4,Clear,5,0,10
2025-03-15 10:00:00,4,73,28.5,Clear,5,0,10
2025-03-15 11:00:00,1,97,17.1,Clear,5,0,11
2025-03-15 11:00:00,2,72,27.3,Clear,5,0,11
2025-03-15 11:00:00,3,56,30.9,Clear,5,0,11
2025-03-15 11:00:00,4,76,26.9,Clear,5,0,11
2025-03-15 12:00:00,1,81,29.3,Clear,5,0,12
2025-03-15 12:00:00,2,75,16.5,Clear,5,0,12
2025-03-15 12:00:00,3,64,36.8,Clear,5,0,12
2025-03-15 12:00:00,4,84,27.8,Clear,5,0,12
2025-03-15 13:00:00,1,71,26.8,Clear,5,0,13
2025-03-15 13:00:00,2,75,33.6,Clear,5,0,13
2025-03-15 13:00:00,3,77,24.4,Clear,5,0,13
2025-03-15 13:00:00,4,81,27.4,Clear,5,0,13
2025-03-15 14:00:00,1,74,34.0,Clear,5,0,14
2025-03-15 14:00:00,2,75,29.5,Clear,5,0,14
2025-03-15 14:00:00,3,67,41.1,Clear,5,0,14
2025-03-15 14:00:00,4,72,34.3,Clear,5,0,14
2025-03-15 15:00:00,1,78,28.4,Clear,5,0,15
2025-03-15 15:00:00,2,55,33.9,Clear,5,0,15
2025-03-15 15:00:00,3,66,37.6,Clear,5,0,15
2025-03-15 15:00:00,4,94,26.1,Clear,5,0,15
2025-03-15 16:00:00,1,55,34.3,Clear,5,0,16
2025-03-15 16:00:00,2,52,43.5,Clear,5,0,16
2025-03-15 16:00:00,3,46,39.6,Clear,5,0,16
2025-03-15 16:00:00,4,65,28.4,Clear,5,0,16
2025-03-15 17:00:00,1,81,32.9,Clear,5,0,17
2025-03-15 17:00:00,2,47,45.1,Clear,5,0,17
2025-03-15 17:00:00,3,57,46.8,Clear,5,0,17
2025-03-15 17:00:00,4,53,35.3,Clear,5,0,17
2025-03-15 18:00:00,1,53,42.7,Clear,5,0,18
2025-03-15 18:00:00,2,35,41.4,Clear,5,0,18
2025-03-15 18:00:00,3,38,43.3,Clear,5,0,18
2025-03-15 18:00:00,4,47,42.4,Clear,5,0,18
2025-03-15 19:00:00,1,41,37.6,Clear,5,0,19
2025-03-15 19:00:00,2,29,45.0,Clear,5,0,19
2025-03-15 19:00:00,3,30,41.2,Clear,5,0,19
2025-03-15 19:00:00,4,38,49.8,Clear,5,0,19
2025-03-15 20:00:00,1,30,48.0,Clear,5,0,20
2025-03-15 20:00:00,2,32,51.4,Clear,5,0,20
2025-03-15 20:00:00,3,22,53.8,Clear,5,0,20
2025-03-15 20:00:00,4,28,46.1,Clear,5,0,20
2025-03-15 21:00:00,1,25,49.7,Clear,5,0,21
2025-03-15 21:00:00,2,17,57.2,Clear,5,0,21
2025-03-15 21:00:00,3,14,50.7,Clear,5,0,21
2025-03-15 21:00:00,4,18,57.4,Clear,5,0,21
2025-03-15 22:00:00,1,,46.4,Cloudy,5,0,22
2025-03-15 22:00:00,2,16,59.1,Cloudy,5,0,22
2025-03-15 22:00:00,3,11,57.2,Cloudy,5,0,22
2025-03-15 22:00:00,4,11,53.0,Cloudy,5,0,22
2025-03-15 23:00:00,1,12,27.4,Heavy Rain,5,0,23
2025-03-15 23:00:00,2,7,31.6,Heavy Rain,5,0,23
2025-03-15 23:00:00,3,5,33.7,Heavy Rain,5,0,23
2025-03-15 23:00:00,4,10,26.0,Heavy Rain,5,0,23
2025-03-16 00:00:00,1,16,53.9,Clear,6,0,0
2025-03-16 00:00:00,2,12,57.5,Clear,6,0,0
2025-03-16 00:00:00,3,16,53.0,Clear,6,0,0
2025-03-16 00:00:00,4,19,55.6,Clear,6,0,0
2025-03-16 01:00:00,1,19,45.4,Clear,6,0,1
2025-03-16 01:00:00,2,14,47.7,Clear,6,0,1
2025-03-16 01:00:00,3,12,61.9,Clear,6,0,1
2025-03-16 01:00:00,4,18,61.0,Clear,6,0,1
2025-03-16 02:00:00,1,17,48.2,Clear,6,0,2
2025-03-16 02:00:00,2,13,58.2,Clear,6,0,2
2025-03-16 02:00:00,3,11,55.7,Clear,6,0,2
2025-03-16 02:00:00,4,16,56.3,Clear,6,0,2
2025-03-16 03:00:00,1,-10,51.3,Clear,6,0,3
2025-03-16 03:00:00,2,12,58.3,Clear,6,0,3
2025-03-16 03:00:00,3,12,47.8,Clear,6,0,3
2025-03-16 03:00:00,4,17,56.2,Clear,6,0,3
2025-03-16 04:00:00,1,16,60.3,Clear,6,0,4
2025-03-16 04:00:00,2,18,52.9,Clear,6,0,4
2025-03-16 04:00:00,3,11,48.0,Clear,6,0,4
2025-03-16 04:00:00,4,19,56.0,Clear,6,0,4
2025-03-16 05:00:00,1,20,44.8,Clear,6,0,5
2025-03-16 05:00:00,2,13,66.4,Clear,6,0,5
2025-03-16 05:00:00,3,17,62.0,Clear,6,0,5
2025-03-16 05:00:00,4,18,58.7,Clear,6,0,5
2025-03-16 06:00:00,1,53,35.0,Clear,6,0,6
2025-03-16 06:00:00,2,42,51.8,Clear,6,0,6
2025-03-16 06:00:00,3,28,50.2,Clear,6,0,6
2025-03-16 06:00:00,4,45,36.3,Clear,6,0,6
2025-03-16 07:00:00,1,76,28.9,Clear,6,0,7
2025-03-16 07:00:00,2,33,46.6,Clear,6,0,7
2025-03-16 07:00:00,3,37,51.4,Clear,6,0,7
2025-03-16 07:00:00,4,59,35.8,Clear,6,0,7
2025-03-16 08:00:00,1,65,36.2,Clear,6,0,8
2025-03-16 08:00:00,2,54,39.7,Clear,6,0,8
2025-03-16 08:00:00,3,39,49.4,Clear,6,0,8
2025-03-16 08:00:00,4,56,32.1,Clear,6,0,8
2025-03-16 09:00:00,1,89,17.0,Clear,6,0,9
2025-03-16 09:00:00,2,53,35.4,Clear,6,0,9
2025-03-16 09:00:00,3,52,38.4,Clear,6,0,9
2025-03-16 09:00:00,4,62,31.7,Clear,6,0,9
2025-03-16 10:00:00,1,90,20.8,Clear,6,0,10
2025-03-16 10:00:00,2,64,38.8,Clear,6,0,10
2025-03-16 10:00:00,3,73,24.3,Clear,6,0,10
2025-03-16 10:00:00,4,69,34.7,Clear,6,0,10
2025-03-16 11:00:00,1,70,25.5,Light Rain,6,0,11
2025-03-16 11:00:00,2,62,27.8,Light Rain,6,0,11
2025-03-16 11:00:00,3,55,28.6,Light Rain,6,0,11
2025-03-16 11:00:00,4,70,21.2,Light Rain,6,0,11
2025-03-16 12:00:00,1,77,20.5,Clear,6,0,12
2025-03-16 12:00:00,2,75,27.2,Clear,6,0,12
2025-03-16 12:00:00,3,61,34.3,Clear,6,0,12
2025-03-16 12:00:00,4,67,37.6,Clear,6,0,12
2025-03-16 13:00:00,1,77,33.3,Clear,6,0,13
2025-03-16 13:00:00,2,69,33.5,Clear,6,0,13
2025-03-16 13:00:00,3,64,39.3,Clear,6,0,13
2025-03-16 13:00:00,4,71,30.2,Clear,6,0,13
2025-03-16 14:00:00,1,71,32.5,Clear,6,0,14
2025-03-16 14:00:00,2,72,35.2,Clear,6,0,14
2025-03-16 14:00:00,3,58,42.7,Clear,6,0,14
2025-03-16 14:00:00,4,77,17.4,Clear,6,0,14
2025-03-16 15:00:00,1,76,26.8,Clear,6,0,15
2025-03-16 15:00:00,2,57,35.7,Clear,6,0,15
2025-03-16 15:00:00,3,46,38.4,Clear,6,0,15
2025-03-16 15:00:00,4,77,29.6,Clear,6,0,15
2025-03-16 16:00:00,1,74,27.6,Clear,6,0,16
2025-03-16 16:00:00,2,63,40.6,Clear,6,0,16
2025-03-16 16:00:00,3,46,45.8,Clear,6,0,16
2025-03-16 16:00:00,4,48,36.7,Clear,6,0,16
2025-03-16 17:00:00,1,999,41.6,Cloudy,6,0,17
2025-03-16 17:00:00,2,63,30.8,Cloudy,6,0,17
2025-03-16 17:00:00,3,35,47.1,Cloudy,6,0,17
2025-03-16 17:00:00,4,64,37.7,Cloudy,6,0,17
2025-03-16 18:00:00,1,46,41.3,Clear,6,0,18
2025-03-16 18:00:00,2,32,44.3,Clear,6,0,18
2025-03-16 18:00:00,3,41,37.0,Clear,6,0,18
2025-03-16 18:00:00,4,37,54.4,Clear,6,0,18
2025-03-16 19:00:00,1,36,50.9,Clear,6,0,19
2025-03-16 19:00:00,2,37,45.1,Clear,6,0,19
2025-03-16 19:00:00,3,28,53.0,Clear,6,0,19
2025-03-16 19:00:00,4,,51.3,Clear,6,0,19
2025-03-16 20:00:00,1,25,43.9,Clear,6,0,20
2025-03-16 20:00:00,2,23,61.4,Clear,6,0,20
2025-03-16 20:00:00,3,25,55.3,Clear,6,0,20
2025-03-16 20:00:00,4,22,50.6,Clear,6,0,20
2025-03-16 21:00:00,1,27,51.9,Clear,6,0,21
2025-03-16 21:00:00,2,18,48.4,Clear,6,0,21
2025-03-16 21:00:00,3,16,56.9,Clear,6,0,21
2025-03-16 21:00:00,4,20,37.6,Clear,6,0,21
2025-03-16 22:00:00,1,18,48.9,Cloudy,6,0,22
2025-03-16 22:00:00,2,14,58.3,Cloudy,6,0,22
2025-03-16 22:00:00,3,15,48.7,Cloudy,6,0,22
2025-03-16 22:00:00,4,14,55.0,Cloudy,6,0,22
2025-03-16 23:00:00,1,9,28.6,Heavy Rain,6,0,23
2025-03-16 23:00:00,2,10,29.7,Heavy Rain,6,0,23
2025-03-16 23:00:00,3,9,33.1,Heavy Rain,6,0,23
2025-03-16 23:00:00,4,12,29.0,Heavy Rain,6,0,23
2025-03-17 00:00:00,1,26,43.4,Clear,0,0,0
2025-03-17 00:00:00,2,13,,Clear,0,0,0
2025-03-17 00:00:00,3,12,50.0,Clear,0,0,0
2025-03-17 00:00:00,4,20,57.6,Clear,0,0,0
2025-03-17 01:00:00,1,20,49.1,Clear,0,0,1
2025-03-17 01:00:00,2,18,52.8,Clear,0,0,1
2025-03-17 01:00:00,3,17,52.3,Clear,0,0,1
2025-03-17 01:00:00,4,11,46.4,Clear,0,0,1
2025-03-17 02:00:00,1,19,40.7,Clear,0,0,2
2025-03-17 02:00:00,2,15,51.5,Clear,0,0,2
2025-03-17 02:00:00,3,11,56.9,Clear,0,0,2
2025-03-17 02:00:00,4,16,57.1,Clear,0,0,2
2025-03-17 03:00:00,1,21,55.1,Clear,0,0,3
2025-03-17 03:00:00,2,16,55.1,Clear,0,0,3
2025-03-17 03:00:00,3,12,57.8,Clear,0,0,3
2025-03-17 03:00:00,4,19,59.5,Clear,0,0,3
2025-03-17 04:00:00,1,17,53.5,Clear,0,0,4
2025-03-17 04:00:00,2,14,50.1,Clear,0,0,4
2025-03-17 04:00:00,3,11,58.8,Clear,0,0,4
2025-03-17 04:00:00,4,19,58.5,Clear,0,0,4
2025-03-17 05:00:00,1,21,56.9,Clear,0,0,5
2025-03-17 05:00:00,2,19,42.5,Clear,0,0,5
2025-03-17 05:00:00,3,13,59.6,Clear,0,0,5
2025-03-17 05:00:00,4,17,50.6,Clear,0,0,5
2025-03-17 06:00:00,1,33,47.5,Clear,0,0,6
2025-03-17 06:00:00,2,30,57.1,Clear,0,0,6
2025-03-17 06:00:00,3,24,46.6,Clear,0,0,6
2025-03-17 06:00:00,4,37,40.5,Clear,0,0,6
2025-03-17 07:00:00,1,54,41.4,Clear,0,0,7
2025-03-17 07:00:00,2,41,37.0,Clear,0,0,7
2025-03-17 07:00:00,3,46,39.1,Clear,0,0,7
2025-03-17 07:00:00,4,54,31.3,Clear,0,0,7
2025-03-17 08:00:00,1,92,20.7,Clear,0,0,8
2025-03-17 08:00:00,2,83,25.9,Clear,0,0,8
2025-03-17 08:00:00,3,64,37.0,Clear,0,0,8
2025-03-17 08:00:00,4,75,29.5,Clear,0,0,8
2025-03-17 09:00:00,1,135,5.7,Clear,0,0,9
2025-03-17 09:00:00,2,100,23.6,Clear,0,0,9
2025-03-17 09:00:00,3,80,9.7,Clear,0,0,9
2025-03-17 09:00:00,4,145,5,Clear,0,0,9
2025-03-17 10:00:00,1,94,21.3,Clear,0,0,10
2025-03-17 10:00:00,2,86,16.0,Clear,0,0,10
2025-03-17 10:00:00,3,65,39.4,Clear,0,0,10
2025-03-17 10:00:00,4,83,25.3,Clear,0,0,10
2025-03-17 11:00:00,1,65,43.9,Clear,0,0,11
2025-03-17 11:00:00,2,36,41.5,Clear,0,0,11
2025-03-17 11:00:00,3,45,35.0,Clear,0,0,11
2025-03-17 11:00:00,4,58,29.7,Clear,0,0,11
2025-03-17 12:00:00,1,81,19.0,Clear,0,0,12
2025-03-17 12:00:00,2,47,32.1,Clear,0,0,12
2025-03-17 12:00:00,3,57,34.8,Clear,0,0,12
2025-03-17 12:00:00,4,69,26.8,Clear,0,0,12
2025-03-17 13:00:00,1,92,28.2,Clear,0,0,13
2025-03-17 13:00:00,2,75,22.9,Clear,0,0,13
2025-03-17 13:00:00,3,56,39.4,Clear,0,0,13
2025-03-17 13:00:00,4,75,38.4,Clear,0,0,13
2025-03-17 14:00:00,1,81,35.3,Clear,0,0,14
2025-03-17 14:00:00,2,58,39.6,Clear,0,0,14
2025-03-17 14:00:00,3,41,39.4,Clear,0,0,14
2025-03-17 14:00:00,4,76,37.7,Clear,0,0,14
2025-03-17 15:00:00,1,58,35.3,Clear,0,0,15
2025-03-17 15:00:00,2,36,44.9,Clear,0,0,15
2025-03-17 15:00:00,3,37,44.8,Clear,0,0,15
2025-03-17 15:00:00,4,45,40.6,Clear,0,0,15
2025-03-17 16:00:00,1,97,24.6,Clear,0,0,16
2025-03-17 16:00:00,2,65,29.6,Clear,0,0,16
2025-03-17 16:00:00,3,55,37.8,Clear,0,0,16
2025-03-17 16:00:00,4,,38.3,Clear,0,0,16
2025-03-17 17:00:00,1,101,21.5,Clear,0,0,17
2025-03-17 17:00:00,2,57,27.6,Clear,0,0,17
2025-03-17 17:00:00,3,97,21.4,Clear,0,0,17
2025-03-17 17:00:00,4,156,5,Clear,0,0,17
2025-03-17 18:00:00,1,82,32.3,Clear,0,0,18
2025-03-17 18:00:00,2,102,14.6,Clear,0,0,18
2025-03-17 18:00:00,3,104,19.4,Clear,0,0,18
2025-03-17 18:00:00,4,146,5,Clear,0,0,18
2025-03-17 19:00:00,1,118,19.0,Clear,0,0,19
2025-03-17 19:00:00,2,130,5.2,Clear,0,0,19
2025-03-17 19:00:00,3,83,17.3,Clear,0,0,19
2025-03-17 19:00:00,4,124,12.3,Clear,0,0,19
2025-03-17 20:00:00,1,82,16.3,Clear,0,0,20
2025-03-17 20:00:00,2,63,30.2,Clear,0,0,20
2025-03-17 20:00:00,3,500,46.5,Clear,0,0,20
2025-03-17 20:00:00,4,87,16.1,Clear,0,0,20
2025-03-17 21:00:00,1,50,38.6,Clear,0,0,21
2025-03-17 21:00:00,2,42,,Clear,0,0,21
2025-03-17 21:00:00,3,28,53.6,Clear,0,0,21
2025-03-17 21:00:00,4,44,,Clear,0,0,21
2025-03-17 22:00:00,1,37,36.0,Clear,0,0,22
2025-03-17 22:00:00,2,27,44.7,Clear,0,0,22
2025-03-17 22:00:00,3,26,53.4,Clear,0,0,22
2025-03-17 22:00:00,4,35,54.2,Clear,0,0,22
2025-03-17 23:00:00,1,22,55.6,Clear,0,0,23
2025-03-17 23:00:00,2,13,54.5,Clear,0,0,23
2025-03-17 23:00:00,3,11,44.8,Clear,0,0,23
2025-03-17 23:00:00,4,19,52.0,Clear,0,0,23
2025-03-18 00:00:00,1,17,45.9,Cloudy,1,0,0
2025-03-18 00:00:00,2,20,45.7,Cloudy,1,0,0
2025-03-18 00:00:00,3,13,45.3,Cloudy,1,0,0
2025-03-18 00:00:00,4,19,50.6,Cloudy,1,0,0
2025-03-18 01:00:00,1,17,50.9,Clear,1,0,1
2025-03-18 01:00:00,2,15,53.3,Clear,1,0,1
2025-03-18 01:00:00,3,13,47.7,Clear,1,0,1
2025-03-18 01:00:00,4,21,55.3,Clear,1,0,1
2025-03-18 02:00:00,1,23,48.0,Cloudy,1,0,2
2025-03-18 02:00:00,2,18,50.8,Cloudy,1,0,2
2025-03-18 02:00:00,3,16,48.7,Cloudy,1,0,2
2025-03-18 02:00:00,4,17,51.7,Cloudy,1,0,2
2025-03-18 03:00:00,1,17,,Clear,1,0,3
2025-03-18 03:00:00,2,16,37.6,Clear,1,0,3
2025-03-18 03:00:00,3,15,51.1,Clear,1,0,3
2025-03-18 03:00:00,4,18,49.2,Clear,1,0,3
2025-03-18 04:00:00,1,16,57.8,Cloudy,1,0,4
2025-03-18 04:00:00,2,12,56.0,Cloudy,1,0,4
2025-03-18 04:00:00,3,15,47.0,Cloudy,1,0,4
2025-03-18 04:00:00,4,21,49.8,Cloudy,1,0,4
2025-03-18 05:00:00,1,22,42.2,Cloudy,1,0,5
2025-03-18 05:00:00,2,12,48.2,Cloudy,1,0,5
2025-03-18 05:00:00,3,14,55.4,Cloudy,1,0,5
2025-03-18 05:00:00,4,19,54.1,Cloudy,1,0,5
2025-03-18 06:00:00,1,500,43.5,Cloudy,1,0,6
2025-03-18 06:00:00,2,25,39.5,Cloudy,1,0,6
2025-03-18 06:00:00,3,20,43.2,Cloudy,1,0,6
2025-03-18 06:00:00,4,33,51.1,Cloudy,1,0,6
2025-03-18 07:00:00,1,62,28.6,Cloudy,1,0,7
2025-03-18 07:00:00,2,55,37.5,Cloudy,1,0,7
2025-03-18 07:00:00,3,49,28.6,Cloudy,1,0,7
2025-03-18 07:00:00,4,56,32.5,Cloudy,1,0,7
2025-03-18 08:00:00,1,100,20.8,Cloudy,1,0,8
2025-03-18 08:00:00,2,104,16.3,Cloudy,1,0,8
2025-03-18 08:00:00,3,81,23.9,Cloudy,1,0,8
2025-03-18 08:00:00,4,93,16.0,Cloudy,1,0,8
2025-03-18 09:00:00,1,145,7.4,Cloudy,1,0,9
2025-03-18 09:00:00,2,124,11.5,Cloudy,1,0,9
2025-03-18 09:00:00,3,108,17.8,Cloudy,1,0,9
2025-03-18 09:00:00,4,132,9.3,Cloudy,1,0,9
2025-03-18 10:00:00,1,94,21.7,Cloudy,1,0,10
2025-03-18 10:00:00,2,87,23.8,Cloudy,1,0,10
2025-03-18 10:00:00,3,81,22.9,Cloudy,1,0,10
2025-03-18 10:00:00,4,90,19.5,Cloudy,1,0,10
2025-03-18 11:00:00,1,70,38.0,Cloudy,1,0,11
2025-03-18 11:00:00,2,60,32.1,Cloudy,1,0,11
2025-03-18 11:00:00,3,52,37.7,Cloudy,1,0,11
2025-03-18 11:00:00,4,50,34.7,Cloudy,1,0,11
2025-03-18 12:00:00,1,82,28.9,Cloudy,1,0,12
2025-03-18 12:00:00,2,58,44.0,Cloudy,1,0,12
2025-03-18 12:00:00,3,,40.5,Cloudy,1,0,12
2025-03-18 12:00:00,4,65,35.9,Cloudy,1,0,12
2025-03-18 13:00:00,1,95,18.1,Cloudy,1,0,13
2025-03-18 13:00:00,2,76,,Cloudy,1,0,13
2025-03-18 13:00:00,3,74,29.4,Cloudy,1,0,13
2025-03-18 13:00:00,4,90,22.0,Cloudy,1,0,13
2025-03-18 14:00:00,1,76,31.4,Cloudy,1,0,14
2025-03-18 14:00:00,2,53,37.7,Cloudy,1,0,14
2025-03-18 14:00:00,3,72,,Cloudy,1,0,14
2025-03-18 14:00:00,4,70,38.1,Cloudy,1,0,14
2025-03-18 15:00:00,1,61,33.1,Cloudy,1,0,15
2025-03-18 15:00:00,2,29,47.6,Cloudy,1,0,15
2025-03-18 15:00:00,3,47,36.4,Cloudy,1,0,15
2025-03-18 15:00:00,4,56,35.0,Cloudy,1,0,15
2025-03-18 16:00:00,1,72,35.0,Cloudy,1,0,16
2025-03-18 16:00:00,2,69,42.2,Cloudy,1,0,16
2025-03-18 16:00:00,3,69,25.5,Cloudy,1,0,16
2025-03-18 16:00:00,4,48,32.7,Cloudy,1,0,16
2025-03-18 17:00:00,1,129,14.0,Cloudy,1,0,17
2025-03-18 17:00:00,2,102,17.9,Cloudy,1,0,17
2025-03-18 17:00:00,3,101,16.0,Cloudy,1,0,17
2025-03-18 17:00:00,4,109,16.2,Cloudy,1,0,17
2025-03-18 18:00:00,1,105,12.6,Cloudy,1,0,18
2025-03-18 18:00:00,2,154,5,Cloudy,1,0,18
2025-03-18 18:00:00,3,126,8.0,Cloudy,1,0,18
2025-03-18 18:00:00,4,163,5,Cloudy,1,0,18
2025-03-18 19:00:00,1,134,12.3,Cloudy,1,0,19
2025-03-18 19:00:00,2,113,11.5,Cloudy,1,0,19
2025-03-18 19:00:00,3,96,20.4,Cloudy,1,0,19
2025-03-18 19:00:00,4,106,12.2,Cloudy,1,0,19
2025-03-18 20:00:00,1,69,33.0,Cloudy,1,0,20
2025-03-18 20:00:00,2,66,33.9,Cloudy,1,0,20
2025-03-18 20:00:00,3,51,39.6,Cloudy,1,0,20
2025-03-18 20:00:00,4,68,34.0,Cloudy,1,0,20
2025-03-18 21:00:00,1,53,38.4,Cloudy,1,0,21
2025-03-18 21:00:00,2,43,41.4,Cloudy,1,0,21
2025-03-18 21:00:00,3,35,51.9,Cloudy,1,0,21
2025-03-18 21:00:00,4,50,25.9,Cloudy,1,0,21
2025-03-18 22:00:00,1,26,46.9,Cloudy,1,0,22
2025-03-18 22:00:00,2,30,40.1,Cloudy,1,0,22
2025-03-18 22:00:00,3,25,49.5,Cloudy,1,0,22
2025-03-18 22:00:00,4,35,51.4,Cloudy,1,0,22
2025-03-18 23:00:00,1,18,53.7,Cloudy,1,0,23
2025-03-18 23:00:00,2,17,48.5,Cloudy,1,0,23
2025-03-18 23:00:00,3,18,47.9,Cloudy,1,0,23
2025-03-18 23:00:00,4,16,48.5,Cloudy,1,0,23
2025-03-19 00:00:00,1,19,42.6,Clear,2,0,0
2025-03-19 00:00:00,2,17,52.4,Clear,2,0,0
2025-03-19 00:00:00,3,15,51.0,Clear,2,0,0
2025-03-19 00:00:00,4,20,36.7,Clear,2,0,0
2025-03-19 01:00:00,1,23,52.6,Clear,2,0,1
2025-03-19 01:00:00,2,14,54.9,Clear,2,0,1
2025-03-19 01:00:00,3,12,51.0,Clear,2,0,1
2025-03-19 01:00:00,4,13,47.1,Clear,2,0,1
2025-03-19 02:00:00,1,20,62.3,Clear,2,0,2
2025-03-19 02:00:00,2,11,46.3,Clear,2,0,2
2025-03-19 02:00:00,3,16,54.8,Clear,2,0,2
2025-03-19 02:00:00,4,16,48.6,Clear,2,0,2
2025-03-19 03:00:00,1,17,56.6,Clear,2,0,3
2025-03-19 03:00:00,2,14,60.8,Clear,2,0,3
2025-03-19 03:00:00,3,13,51.0,Clear,2,0,3
2025-03-19 03:00:00,4,21,50.8,Clear,2,0,3
2025-03-19 04:00:00,1,15,53.4,Clear,2,0,4
2025-03-19 04:00:00,2,16,50.1,Clear,2,0,4
2025-03-19 04:00:00,3,14,58.4,Clear,2,0,4
2025-03-19 04:00:00,4,21,41.6,Clear,2,0,4
2025-03-19 05:00:00,1,21,36.0,Light Rain,2,0,5
2025-03-19 05:00:00,2,15,45.9,Light Rain,2,0,5
2025-03-19 05:00:00,3,10,45.5,Light Rain,2,0,5
2025-03-19 05:00:00,4,16,35.1,Light Rain,2,0,5
2025-03-19 06:00:00,1,35,47.4,Clear,2,0,6
2025-03-19 06:00:00,2,34,49.9,Clear,2,0,6
2025-03-19 06:00:00,3,30,46.5,Clear,2,0,6
2025-03-19 06:00:00,4,34,47.1,Clear,2,0,6
2025-03-19 07:00:00,1,60,43.7,Clear,2,0,7
2025-03-19 07:00:00,2,47,42.1,Clear,2,0,7
2025-03-19 07:00:00,3,40,42.9,Clear,2,0,7
2025-03-19 07:00:00,4,59,38.4,Clear,2,0,7
2025-03-19 08:00:00,1,115,5.6,Clear,2,0,8
2025-03-19 08:00:00,2,85,26.4,Clear,2,0,8
2025-03-19 08:00:00,3,69,32.7,Clear,2,0,8
2025-03-19 08:00:00,4,79,33.9,Clear,2,0,8
2025-03-19 09:00:00,1,181,5,Clear,2,0,9
2025-03-19 09:00:00,2,108,14.8,Clear,2,0,9
2025-03-19 09:00:00,3,89,18.3,Clear,2,0,9
2025-03-19 09:00:00,4,123,9.7,Clear,2,0,9
2025-03-19 10:00:00,1,104,12.0,Clear,2,0,10
2025-03-19 10:00:00,2,93,20.1,Clear,2,0,10
2025-03-19 10:00:00,3,85,30.4,Clear,2,0,10
2025-03-19 10:00:00,4,95,25.1,Clear,2,0,10
2025-03-19 11:00:00,1,85,20.1,Clear,2,0,11
2025-03-19 11:00:00,2,52,,Clear,2,0,11
2025-03-19 11:00:00,3,45,46.2,Clear,2,0,11
2025-03-19 11:00:00,4,53,27.9,Clear,2,0,11
2025-03-19 12:00:00,1,90,19.2,Clear,2,0,12
2025-03-19 12:00:00,2,46,49.5,Clear,2,0,12
2025-03-19 12:00:00,3,50,48.5,Clear,2,0,12
2025-03-19 12:00:00,4,56,31.7,Clear,2,0,12
2025-03-19 13:00:00,1,96,24.0,Clear,2,0,13
2025-03-19 13:00:00,2,75,30.2,Clear,2,0,13
2025-03-19 13:00:00,3,55,39.0,Clear,2,0,13
2025-03-19 13:00:00,4,73,30.8,Clear,2,0,13
2025-03-19 14:00:00,1,63,24.3,Clear,2,0,14
2025-03-19 14:00:00,2,52,38.7,Clear,2,0,14
2025-03-19 14:00:00,3,41,35.8,Clear,2,0,14
2025-03-19 14:00:00,4,62,32.7,Clear,2,0,14
2025-03-19 15:00:00,1,68,31.5,Clear,2,0,15
2025-03-19 15:00:00,2,28,51.7,Clear,2,0,15
2025-03-19 15:00:00,3,40,46.9,Clear,2,0,15
2025-03-19 15:00:00,4,56,34.6,Clear,2,0,15
2025-03-19 16:00:00,1,71,33.6,Clear,2,0,16
2025-03-19 16:00:00,2,58,43.1,Clear,2,0,16
2025-03-19 16:00:00,3,55,39.7,Clear,2,0,16
2025-03-19 16:00:00,4,76,26.6,Clear,2,0,16
2025-03-19 17:00:00,1,146,5,Clear,2,0,17
2025-03-19 17:00:00,2,84,38.2,Clear,2,0,17
2025-03-19 17:00:00,3,91,25.9,Clear,2,0,17
2025-03-19 17:00:00,4,98,25.1,Clear,2,0,17
2025-03-19 18:00:00,1,192,,Clear,2,0,18
2025-03-19 18:00:00,2,98,21.8,Clear,2,0,18
2025-03-19 18:00:00,3,110,15.6,Clear,2,0,18
2025-03-19 18:00:00,4,133,5,Clear,2,0,18
2025-03-19 19:00:00,1,117,12.5,Clear,2,0,19
2025-03-19 19:00:00,2,92,22.4,Clear,2,0,19
2025-03-19 19:00:00,3,77,33.1,Clear,2,0,19
2025-03-19 19:00:00,4,113,13.1,Clear,2,0,19
2025-03-19 20:00:00,1,,22.3,Clear,2,0,20
2025-03-19 20:00:00,2,70,32.4,Clear,2,0,20
2025-03-19 20:00:00,3,56,38.2,Clear,2,0,20
2025-03-19 20:00:00,4,84,19.8,Clear,2,0,20
2025-03-19 21:00:00,1,48,35.3,Clear,2,0,21
2025-03-19 21:00:00,2,34,46.7,Clear,2,0,21
2025-03-19 21:00:00,3,35,44.4,Clear,2,0,21
2025-03-19 21:00:00,4,41,33.2,Clear,2,0,21
2025-03-19 22:00:00,1,37,43.9,Clear,2,0,22
2025-03-19 22:00:00,2,24,48.0,Clear,2,0,22
2025-03-19 22:00:00,3,24,56.8,Clear,2,0,22
2025-03-19 22:00:00,4,36,43.8,Clear,2,0,22
2025-03-19 23:00:00,1,16,51.3,Clear,2,0,23
2025-03-19 23:00:00,2,14,62.1,Clear,2,0,23
2025-03-19 23:00:00,3,11,50.4,Clear,2,0,23
2025-03-19 23:00:00,4,16,57.2,Clear,2,0,23
2025-03-20 00:00:00,1,14,62.4,Clear,3,0,0
2025-03-20 00:00:00,2,15,58.5,Clear,3,0,0
2025-03-20 00:00:00,3,11,46.2,Clear,3,0,0
2025-03-20 00:00:00,4,18,50.4,Clear,3,0,0
2025-03-20 01:00:00,1,19,50.0,Clear,3,0,1
2025-03-20 01:00:00,2,14,54.5,Clear,3,0,1
2025-03-20 01:00:00,3,12,59.9,Clear,3,0,1
2025-03-20 01:00:00,4,16,59.8,Clear,3,0,1
2025-03-20 02:00:00,1,13,51.4,Clear,3,0,2
2025-03-20 02:00:00,2,13,48.5,Clear,3,0,2
2025-03-20 02:00:00,3,17,47.4,Clear,3,0,2
2025-03-20 02:00:00,4,18,57.5,Clear,3,0,2
2025-03-20 03:00:00,1,600,42.3,Clear,3,0,3
2025-03-20 03:00:00,2,12,58.2,Clear,3,0,3
2025-03-20 03:00:00,3,11,56.4,Clear,3,0,3
2025-03-20 03:00:00,4,16,48.6,Clear,3,0,3
2025-03-20 04:00:00,1,24,57.5,Clear,3,0,4
2025-03-20 04:00:00,2,13,57.5,Clear,3,0,4
2025-03-20 04:00:00,3,13,57.1,Clear,3,0,4
2025-03-20 04:00:00,4,15,52.9,Clear,3,0,4
2025-03-20 05:00:00,1,16,42.4,Light Rain,3,0,5
2025-03-20 05:00:00,2,12,45.7,Light Rain,3,0,5
2025-03-20 05:00:00,3,12,40.5,Light Rain,3,0,5
2025-03-20 05:00:00,4,15,48.8,Light Rain,3,0,5
2025-03-20 06:00:00,1,41,42.4,Clear,3,0,6
2025-03-20 06:00:00,2,25,56.4,Clear,3,0,6
2025-03-20 06:00:00,3,31,54.8,Clear,3,0,6
2025-03-20 06:00:00,4,36,41.2,Clear,3,0,6
2025-03-20 07:00:00,1,62,25.0,Clear,3,0,7
2025-03-20 07:00:00,2,37,46.6,Clear,3,0,7
2025-03-20 07:00:00,3,46,32.7,Clear,3,0,7
2025-03-20 07:00:00,4,61,,Clear,3,0,7
2025-03-20 08:00:00,1,121,9.9,Clear,3,0,8
2025-03-20 08:00:00,2,95,28.4,Clear,3,0,8
2025-03-20 08:00:00,3,,27.7,Clear,3,0,8
2025-03-20 08:00:00,4,76,28.8,Clear,3,0,8
2025-03-20 09:00:00,1,130,5.5,Clear,3,0,9
2025-03-20 09:00:00,2,111,13.9,Clear,3,0,9
2025-03-20 09:00:00,3,100,21.1,Clear,3,0,9
2025-03-20 09:00:00,4,142,150,Clear,3,0,9
2025-03-20 10:00:00,1,91,,Clear,3,0,10
2025-03-20 10:00:00,2,70,34.3,Clear,3,0,10
2025-03-20 10:00:00,3,69,31.2,Clear,3,0,10
2025-03-20 10:00:00,4,129,5,Clear,3,0,10
2025-03-20 11:00:00,1,68,36.0,Clear,3,0,11
2025-03-20 11:00:00,2,51,43.3,Clear,3,0,11
2025-03-20 11:00:00,3,42,44.6,Clear,3,0,11
2025-03-20 11:00:00,4,56,36.1,Clear,3,0,11
2025-03-20 12:00:00,1,73,28.4,Clear,3,0,12
2025-03-20 12:00:00,2,50,45.4,Clear,3,0,12
2025-03-20 12:00:00,3,56,36.2,Clear,3,0,12
2025-03-20 12:00:00,4,75,30.4,Clear,3,0,12
2025-03-20 13:00:00,1,84,34.2,Clear,3,0,13
2025-03-20 13:00:00,2,86,32.0,Clear,3,0,13
2025-03-20 13:00:00,3,70,39.6,Clear,3,0,13
2025-03-20 13:00:00,4,90,23.0,Clear,3,0,13
2025-03-20 14:00:00,1,76,37.8,Clear,3,0,14
2025-03-20 14:00:00,2,50,33.5,Clear,3,0,14
2025-03-20 14:00:00,3,48,46.5,Clear,3,0,14
2025-03-20 14:00:00,4,64,43.4,Clear,3,0,14
2025-03-20 15:00:00,1,63,37.5,Clear,3,0,15
2025-03-20 15:00:00,2,52,38.2,Clear,3,0,15
2025-03-20 15:00:00,3,48,38.1,Clear,3,0,15
2025-03-20 15:00:00,4,53,36.5,Clear,3,0,15
2025-03-20 16:00:00,1,101,25.2,Clear,3,0,16
2025-03-20 16:00:00,2,75,25.2,Clear,3,0,16
2025-03-20 16:00:00,3,68,33.4,Clear,3,0,16
2025-03-20 16:00:00,4,72,28.0,Clear,3,0,16
2025-03-20 17:00:00,1,157,6.7,Clear,3,0,17
2025-03-20 17:00:00,2,94,27.6,Clear,3,0,17
2025-03-20 17:00:00,3,71,31.3,Clear,3,0,17
2025-03-20 17:00:00,4,127,8.9,Clear,3,0,17
2025-03-20 18:00:00,1,141,5,Clear,3,0,18
2025-03-20 18:00:00,2,103,16.3,Clear,3,0,18
2025-03-20 18:00:00,3,93,11.3,Clear,3,0,18
2025-03-20 18:00:00,4,171,5,Clear,3,0,18
2025-03-20 19:00:00,1,112,13.9,Cloudy,3,0,19
2025-03-20 19:00:00,2,,21.1,Cloudy,3,0,19
2025-03-20 19:00:00,3,82,31.8,Cloudy,3,0,19
2025-03-20 19:00:00,4,141,8.0,Cloudy,3,0,19
2025-03-20 20:00:00,1,82,31.7,Clear,3,0,20
2025-03-20 20:00:00,2,62,50.3,Clear,3,0,20
2025-03-20 20:00:00,3,41,41.4,Clear,3,0,20
2025-03-20 20:00:00,4,62,35.8,Clear,3,0,20
2025-03-20 21:00:00,1,43,38.6,Cloudy,3,0,21
2025-03-20 21:00:00,2,34,49.8,Cloudy,3,0,21
2025-03-20 21:00:00,3,38,39.0,Cloudy,3,0,21
2025-03-20 21:00:00,4,51,33.4,Cloudy,3,0,21
2025-03-20 22:00:00,1,38,43.5,Clear,3,0,22
2025-03-20 22:00:00,2,30,46.0,Clear,3,0,22
2025-03-20 22:00:00,3,24,49.3,Clear,3,0,22
2025-03-20 22:00:00,4,31,44.1,Clear,3,0,22
2025-03-20 23:00:00,1,14,57.7,Clear,3,0,23
2025-03-20 23:00:00,2,17,55.8,Clear,3,0,23
2025-03-20 23:00:00,3,13,50.7,Clear,3,0,23
2025-03-20 23:00:00,4,18,47.4,Clear,3,0,23
2025-03-21 00:00:00,1,20,50.2,Cloudy,4,0,0
2025-03-21 00:00:00,2,17,56.2,Cloudy,4,0,0
2025-03-21 00:00:00,3,18,55.1,Cloudy,4,0,0
2025-03-21 00:00:00,4,15,54.7,Cloudy,4,0,0
2025-03-21 01:00:00,1,22,48.1,Clear,4,0,1
2025-03-21 01:00:00,2,12,56.9,Clear,4,0,1
2025-03-21 01:00:00,3,14,55.7,Clear,4,0,1
2025-03-21 01:00:00,4,999,52.3,Clear,4,0,1
2025-03-21 02:00:00,1,14,58.1,Clear,4,0,2
2025-03-21 02:00:00,2,10,,Clear,4,0,2
2025-03-21 02:00:00,3,11,54.0,Clear,4,0,2
2025-03-21 02:00:00,4,19,49.7,Clear,4,0,2
2025-03-21 03:00:00,1,14,52.2,Clear,4,0,3
2025-03-21 03:00:00,2,13,52.8,Clear,4,0,3
2025-03-21 03:00:00,3,9,52.6,Clear,4,0,3
2025-03-21 03:00:00,4,11,66.3,Clear,4,0,3
2025-03-21 04:00:00,1,18,,Clear,4,0,4
2025-03-21 04:00:00,2,13,56.5,Clear,4,0,4
2025-03-21 04:00:00,3,15,53.4,Clear,4,0,4
2025-03-21 04:00:00,4,17,,Clear,4,0,4
2025-03-21 05:00:00,1,19,45.2,Clear,4,0,5
2025-03-21 05:00:00,2,14,150,Clear,4,0,5
2025-03-21 05:00:00,3,15,60.2,Clear,4,0,5
2025-03-21 05:00:00,4,17,59.3,Clear,4,0,5
2025-03-21 06:00:00,1,34,43.3,Clear,4,0,6
2025-03-21 06:00:00,2,33,40.6,Clear,4,0,6
2025-03-21 06:00:00,3,19,52.1,Clear,4,0,6
2025-03-21 06:00:00,4,31,42.6,Clear,4,0,6
2025-03-21 07:00:00,1,45,39.2,Clear,4,0,7
2025-03-21 07:00:00,2,44,38.6,Clear,4,0,7
2025-03-21 07:00:00,3,37,42.5,Clear,4,0,7
2025-03-21 07:00:00,4,59,40.9,Clear,4,0,7
2025-03-21 08:00:00,1,87,15.2,Clear,4,0,8
2025-03-21 08:00:00,2,80,26.3,Clear,4,0,8
2025-03-21 08:00:00,3,68,30.5,Clear,4,0,8
2025-03-21 08:00:00,4,119,11.3,Clear,4,0,8
2025-03-21 09:00:00,1,111,16.3,Clear,4,0,9
2025-03-21 09:00:00,2,103,24.1,Clear,4,0,9
2025-03-21 09:00:00,3,80,33.9,Clear,4,0,9
2025-03-21 09:00:00,4,116,14.7,Clear,4,0,9
2025-03-21 10:00:00,1,100,21.5,Clear,4,0,10
2025-03-21 10:00:00,2,71,34.3,Clear,4,0,10
2025-03-21 10:00:00,3,65,38.3,Clear,4,0,10
2025-03-21 10:00:00,4,86,26.0,Clear,4,0,10
2025-03-21 11:00:00,1,36,20.0,Heavy Rain,4,0,11
2025-03-21 11:00:00,2,30,25.8,Heavy Rain,4,0,11
2025-03-21 11:00:00,3,25,23.6,Heavy Rain,4,0,11
2025-03-21 11:00:00,4,43,23.2,Heavy Rain,4,0,11
2025-03-21 12:00:00,1,65,34.7,Clear,4,0,12
2025-03-21 12:00:00,2,62,33.9,Clear,4,0,12
2025-03-21 12:00:00,3,48,35.2,Clear,4,0,12
2025-03-21 12:00:00,4,67,35.4,Clear,4,0,12
2025-03-21 13:00:00,1,87,,Clear,4,0,13
2025-03-21 13:00:00,2,73,22.7,Clear,4,0,13
2025-03-21 13:00:00,3,74,30.0,Clear,4,0,13
2025-03-21 13:00:00,4,71,21.6,Clear,4,0,13
2025-03-21 14:00:00,1,96,22.3,Clear,4,0,14
2025-03-21 14:00:00,2,,36.3,Clear,4,0,14
2025-03-21 14:00:00,3,47,39.8,Clear,4,0,14
2025-03-21 14:00:00,4,65,40.5,Clear,4,0,14
2025-03-21 15:00:00,1,51,40.8,Clear,4,0,15
2025-03-21 15:00:00,2,39,41.7,Clear,4,0,15
2025-03-21 15:00:00,3,31,38.5,Clear,4,0,15
2025-03-21 15:00:00,4,43,41.4,Clear,4,0,15
2025-03-21 16:00:00,1,75,25.3,Clear,4,0,16
2025-03-21 16:00:00,2,67,43.6,Clear,4,0,16
2025-03-21 16:00:00,3,52,46.8,Clear,4,0,16
2025-03-21 16:00:00,4,82,28.0,Clear,4,0,16
2025-03-21 17:00:00,1,88,21.9,Clear,4,0,17
2025-03-21 17:00:00,2,83,30.4,Clear,4,0,17
2025-03-21 17:00:00,3,84,31.0,Clear,4,0,17
2025-03-21 17:00:00,4,101,18.4,Clear,4,0,17
2025-03-21 18:00:00,1,114,12.0,Clear,4,0,18
2025-03-21 18:00:00,2,157,,Clear,4,0,18
2025-03-21 18:00:00,3,118,10.9,Clear,4,0,18
2025-03-21 18:00:00,4,93,22.8,Clear,4,0,18
2025-03-21 19:00:00,1,144,5,Clear,4,0,19
2025-03-21 19:00:00,2,,14.1,Clear,4,0,19
2025-03-21 19:00:00,3,95,18.6,Clear,4,0,19
2025-03-21 19:00:00,4,113,11.3,Clear,4,0,19
2025-03-21 20:00:00,1,113,19.7,Clear,4,0,20
2025-03-21 20:00:00,2,70,26.3,Clear,4,0,20
2025-03-21 20:00:00,3,59,45.2,Clear,4,0,20
2025-03-21 20:00:00,4,68,36.5,Clear,4,0,20
2025-03-21 21:00:00,1,50,38.5,Clear,4,0,21
2025-03-21 21:00:00,2,37,44.3,Clear,4,0,21
2025-03-21 21:00:00,3,22,51.4,Clear,4,0,21
2025-03-21 21:00:00,4,44,44.4,Clear,4,0,21
2025-03-21 22:00:00,1,39,48.7,Clear,4,0,22
2025-03-21 22:00:00,2,,43.6,Clear,4,0,22
2025-03-21 22:00:00,3,23,64.6,Clear,4,0,22
2025-03-21 22:00:00,4,30,51.3,Clear,4,0,22
2025-03-21 23:00:00,1,18,56.1,Clear,4,0,23
2025-03-21 23:00:00,2,18,54.4,Clear,4,0,23
2025-03-21 23:00:00,3,16,50.0,Clear,4,0,23
2025-03-21 23:00:00,4,15,62.3,Clear,4,0,23
2025-03-22 00:00:00,1,17,44.8,Clear,5,0,0
2025-03-22 00:00:00,2,11,56.4,Clear,5,0,0
2025-03-22 00:00:00,3,14,56.9,Clear,5,0,0
2025-03-22 00:00:00,4,17,46.1,Clear,5,0,0
2025-03-22 01:00:00,1,18,48.1,Cloudy,5,0,1
2025-03-22 01:00:00,2,12,59.4,Cloudy,5,0,1
2025-03-22 01:00:00,3,15,48.1,Cloudy,5,0,1
2025-03-22 01:00:00,4,13,52.2,Cloudy,5,0,1
2025-03-22 02:00:00,1,20,55.1,Clear,5,0,2
2025-03-22 02:00:00,2,11,52.0,Clear,5,0,2
2025-03-22 02:00:00,3,12,61.9,Clear,5,0,2
2025-03-22 02:00:00,4,15,52.9,Clear,5,0,2
2025-03-22 03:00:00,1,20,59.0,Clear,5,0,3
2025-03-22 03:00:00,2,11,59.5,Clear,5,0,3
2025-03-22 03:00:00,3,11,56.3,Clear,5,0,3
2025-03-22 03:00:00,4,17,49.6,Clear,5,0,3
2025-03-22 04:00:00,1,23,43.8,Cloudy,5,0,4
2025-03-22 04:00:00,2,10,51.6,Cloudy,5,0,4
2025-03-22 04:00:00,3,14,44.3,Cloudy,5,0,4
2025-03-22 04:00:00,4,17,59.9,Cloudy,5,0,4
2025-03-22 05:00:00,1,17,56.9,Clear,5,0,5
2025-03-22 05:00:00,2,13,54.6,Clear,5,0,5
2025-03-22 05:00:00,3,12,53.0,Clear,5,0,5
2025-03-22 05:00:00,4,21,58.5,Clear,5,0,5
2025-03-22 06:00:00,1,53,31.4,Clear,5,0,6
2025-03-22 06:00:00,2,44,40.1,Clear,5,0,6
2025-03-22 06:00:00,3,36,44.8,Clear,5,0,6
2025-03-22 06:00:00,4,42,38.9,Clear,5,0,6
2025-03-22 07:00:00,1,39,50.4,Clear,5,0,7
2025-03-22 07:00:00,2,,,Clear,5,0,7
2025-03-22 07:00:00,3,37,39.5,Clear,5,0,7
2025-03-22 07:00:00,4,51,49.3,Clear,5,0,7
2025-03-22 08:00:00,1,69,33.3,Clear,5,0,8
2025-03-22 08:00:00,2,60,31.0,Clear,5,0,8
2025-03-22 08:00:00,3,42,47.4,Clear,5,0,8
2025-03-22 08:00:00,4,62,34.3,Clear,5,0,8
2025-03-22 09:00:00,1,,33.7,Clear,5,0,9
2025-03-22 09:00:00,2,60,43.9,Clear,5,0,9
2025-03-22 09:00:00,3,49,40.1,Clear,5,0,9
2025-03-22 09:00:00,4,69,29.7,Clear,5,0,9
2025-03-22 10:00:00,1,77,26.3,Clear,5,0,10
2025-03-22 10:00:00,2,78,30.6,Clear,5,0,10
2025-03-22 10:00:00,3,67,40.4,Clear,5,0,10
2025-03-22 10:00:00,4,81,19.5,Clear,5,0,10
2025-03-22 11:00:00,1,93,20.9,Clear,5,0,11
2025-03-22 11:00:00,2,71,33.0,Clear,5,0,11
2025-03-22 11:00:00,3,60,,Clear,5,0,11
2025-03-22 11:00:00,4,77,26.9,Clear,5,0,11
2025-03-22 12:00:00,1,86,20.5,Clear,5,0,12
2025-03-22 12:00:00,2,75,33.9,Clear,5,0,12
2025-03-22 12:00:00,3,74,36.4,Clear,5,0,12
2025-03-22 12:00:00,4,71,35.9,Clear,5,0,12
2025-03-22 13:00:00,1,70,40.0,Clear,5,0,13
2025-03-22 13:00:00,2,75,26.7,Clear,5,0,13
2025-03-22 13:00:00,3,59,39.1,Clear,5,0,13
2025-03-22 13:00:00,4,72,35.8,Clear,5,0,13
2025-03-22 14:00:00,1,90,31.9,Clear,5,0,14
2025-03-22 14:00:00,2,66,25.9,Clear,5,0,14
2025-03-22 14:00:00,3,60,32.9,Clear,5,0,14
2025-03-22 14:00:00,4,71,40.0,Clear,5,0,14
2025-03-22 15:00:00,1,81,32.8,Clear,5,0,15
2025-03-22 15:00:00,2,55,41.0,Clear,5,0,15
2025-03-22 15:00:00,3,61,33.7,Clear,5,0,15
2025-03-22 15:00:00,4,68,37.6,Clear,5,0,15
2025-03-22 16:00:00,1,59,29.4,Clear,5,0,16
2025-03-22 16:00:00,2,64,33.1,Clear,5,0,16
2025-03-22 16:00:00,3,51,38.8,Clear,5,0,16
2025-03-22 16:00:00,4,71,36.7,Clear,5,0,16
2025-03-22 17:00:00,1,63,38.0,Clear,5,0,17
2025-03-22 17:00:00,2,54,36.4,Clear,5,0,17
2025-03-22 17:00:00,3,46,44.2,Clear,5,0,17
2025-03-22 17:00:00,4,48,49.3,Clear,5,0,17
2025-03-22 18:00:00,1,53,26.2,Clear,5,0,18
2025-03-22 18:00:00,2,43,48.4,Clear,5,0,18
2025-03-22 18:00:00,3,30,55.6,Clear,5,0,18
2025-03-22 18:00:00,4,49,34.6,Clear,5,0,18
2025-03-22 19:00:00,1,48,45.4,Cloudy,5,0,19
2025-03-22 19:00:00,2,40,41.3,Cloudy,5,0,19
2025-03-22 19:00:00,3,37,36.2,Cloudy,5,0,19
2025-03-22 19:00:00,4,46,40.1,Cloudy,5,0,19
2025-03-22 20:00:00,1,39,45.0,Clear,5,0,20
2025-03-22 20:00:00,2,22,49.0,Clear,5,0,20
2025-03-22 20:00:00,3,26,45.0,Clear,5,0,20
2025-03-22 20:00:00,4,26,51.6,Clear,5,0,20
2025-03-22 21:00:00,1,22,56.2,Clear,5,0,21
2025-03-22 21:00:00,2,21,49.0,Clear,5,0,21
2025-03-22 21:00:00,3,12,54.9,Clear,5,0,21
2025-03-22 21:00:00,4,24,46.4,Clear,5,0,21
2025-03-22 22:00:00,1,19,51.5,Clear,5,0,22
2025-03-22 22:00:00,2,13,61.3,Clear,5,0,22
2025-03-22 22:00:00,3,10,62.7,Clear,5,0,22
2025-03-22 22:00:00,4,16,54.2,Clear,5,0,22
2025-03-22 23:00:00,1,16,56.9,Clear,5,0,23
2025-03-22 23:00:00,2,12,50.8,Clear,5,0,23
2025-03-22 23:00:00,3,13,56.7,Clear,5,0,23
2025-03-22 23:00:00,4,14,62.7,Clear,5,0,23
2025-03-23 00:00:00,1,17,41.4,Light Rain,6,0,0
2025-03-23 00:00:00,2,12,37.8,Light Rain,6,0,0
2025-03-23 00:00:00,3,11,41.2,Light Rain,6,0,0
2025-03-23 00:00:00,4,13,38.1,Light Rain,6,0,0
2025-03-23 01:00:00,1,17,46.6,Light Rain,6,0,1
2025-03-23 01:00:00,2,14,48.1,Light Rain,6,0,1
2025-03-23 01:00:00,3,10,,Light Rain,6,0,1
2025-03-23 01:00:00,4,13,43.5,Light Rain,6,0,1
2025-03-23 02:00:00,1,15,36.1,Light Rain,6,0,2
2025-03-23 02:00:00,2,14,50.1,Light Rain,6,0,2
2025-03-23 02:00:00,3,13,47.2,Light Rain,6,0,2
2025-03-23 02:00:00,4,10,50.8,Light Rain,6,0,2
2025-03-23 03:00:00,1,18,46.9,Light Rain,6,0,3
2025-03-23 03:00:00,2,12,52.2,Light Rain,6,0,3
2025-03-23 03:00:00,3,9,46.2,Light Rain,6,0,3
2025-03-23 03:00:00,4,15,,Light Rain,6,0,3
2025-03-23 04:00:00,1,13,44.8,Light Rain,6,0,4
2025-03-23 04:00:00,2,13,45.0,Light Rain,6,0,4
2025-03-23 04:00:00,3,12,51.8,Light Rain,6,0,4
2025-03-23 04:00:00,4,13,44.9,Light Rain,6,0,4
2025-03-23 05:00:00,1,17,55.0,Clear,6,0,5
2025-03-23 05:00:00,2,17,58.9,Clear,6,0,5
2025-03-23 05:00:00,3,15,49.3,Clear,6,0,5
2025-03-23 05:00:00,4,15,52.4,Clear,6,0,5
2025-03-23 06:00:00,1,41,35.6,Light Rain,6,0,6
2025-03-23 06:00:00,2,44,38.5,Light Rain,6,0,6
2025-03-23 06:00:00,3,33,40.2,Light Rain,6,0,6
2025-03-23 06:00:00,4,42,29.7,Light Rain,6,0,6
2025-03-23 07:00:00,1,61,27.7,Light Rain,6,0,7
2025-03-23 07:00:00,2,37,32.1,Light Rain,6,0,7
2025-03-23 07:00:00,3,39,36.9,Light Rain,6,0,7
2025-03-23 07:00:00,4,52,32.2,Light Rain,6,0,7
2025-03-23 08:00:00,1,69,26.3,Light Rain,6,0,8
2025-03-23 08:00:00,2,41,33.6,Light Rain,6,0,8
2025-03-23 08:00:00,3,39,33.6,Light Rain,6,0,8
2025-03-23 08:00:00,4,53,28.5,Light Rain,6,0,8
2025-03-23 09:00:00,1,59,31.8,Light Rain,6,0,9
2025-03-23 09:00:00,2,47,29.6,Light Rain,6,0,9
2025-03-23 09:00:00,3,46,32.9,Light Rain,6,0,9
2025-03-23 09:00:00,4,51,28.3,Light Rain,6,0,9
2025-03-23 10:00:00,1,88,19.9,Light Rain,6,0,10
2025-03-23 10:00:00,2,71,28.7,Light Rain,6,0,10
2025-03-23 10:00:00,3,49,28.6,Light Rain,6,0,10
2025-03-23 10:00:00,4,52,29.9,Light Rain,6,0,10
2025-03-23 11:00:00,1,78,25.2,Light Rain,6,0,11
2025-03-23 11:00:00,2,61,21.9,Light Rain,6,0,11
2025-03-23 11:00:00,3,44,30.2,Light Rain,6,0,11
2025-03-23 11:00:00,4,49,27.2,Light Rain,6,0,11
2025-03-23 12:00:00,1,86,12.9,Light Rain,6,0,12
2025-03-23 12:00:00,2,68,17.0,Light Rain,6,0,12
2025-03-23 12:00:00,3,68,27.4,Light Rain,6,0,12
2025-03-23 12:00:00,4,59,33.1,Light Rain,6,0,12
2025-03-23 13:00:00,1,92,26.7,Light Rain,6,0,13
2025-03-23 13:00:00,2,50,35.7,Light Rain,6,0,13
2025-03-23 13:00:00,3,55,31.6,Light Rain,6,0,13
2025-03-23 13:00:00,4,66,17.9,Light Rain,6,0,13
2025-03-23 14:00:00,1,42,36.8,Light Rain,6,0,14
2025-03-23 14:00:00,2,49,31.3,Light Rain,6,0,14
2025-03-23 14:00:00,3,53,28.0,Light Rain,6,0,14
2025-03-23 14:00:00,4,58,30.1,Light Rain,6,0,14
2025-03-23 15:00:00,1,58,22.5,Light Rain,6,0,15
2025-03-23 15:00:00,2,43,34.1,Light Rain,6,0,15
2025-03-23 15:00:00,3,47,33.0,Light Rain,6,0,15
2025-03-23 15:00:00,4,58,31.1,Light Rain,6,0,15
2025-03-23 16:00:00,1,54,29.1,Light Rain,6,0,16
2025-03-23 16:00:00,2,46,30.0,Light Rain,6,0,16
2025-03-23 16:00:00,3,46,30.2,Light Rain,6,0,16
2025-03-23 16:00:00,4,58,29.0,Light Rain,6,0,16
2025-03-23 17:00:00,1,59,31.1,Light Rain,6,0,17
2025-03-23 17:00:00,2,44,29.7,Light Rain,6,0,17
2025-03-23 17:00:00,3,33,33.9,Light Rain,6,0,17
2025-03-23 17:00:00,4,51,29.6,Light Rain,6,0,17
2025-03-23 18:00:00,1,50,39.0,Light Rain,6,0,18
2025-03-23 18:00:00,2,42,31.6,Light Rain,6,0,18
2025-03-23 18:00:00,3,28,39.1,Light Rain,6,0,18
2025-03-23 18:00:00,4,29,41.7,Light Rain,6,0,18
2025-03-23 19:00:00,1,46,36.4,Light Rain,6,0,19
2025-03-23 19:00:00,2,32,36.0,Light Rain,6,0,19
2025-03-23 19:00:00,3,27,35.1,Light Rain,6,0,19
2025-03-23 19:00:00,4,31,39.3,Light Rain,6,0,19
2025-03-23 20:00:00,1,32,,Light Rain,6,0,20
2025-03-23 20:00:00,2,15,41.4,Light Rain,6,0,20
2025-03-23 20:00:00,3,16,43.0,Light Rain,6,0,20
2025-03-23 20:00:00,4,16,44.8,Light Rain,6,0,20
2025-03-23 21:00:00,1,24,39.0,Light Rain,6,0,21
2025-03-23 21:00:00,2,10,44.9,Light Rain,6,0,21
2025-03-23 21:00:00,3,14,37.2,Light Rain,6,0,21
2025-03-23 21:00:00,4,19,46.3,Light Rain,6,0,21
2025-03-23 22:00:00,1,17,47.5,Light Rain,6,0,22
2025-03-23 22:00:00,2,11,47.8,Light Rain,6,0,22
2025-03-23 22:00:00,3,11,39.6,Light Rain,6,0,22
2025-03-23 22:00:00,4,14,43.8,Light Rain,6,0,22
2025-03-23 23:00:00,1,18,42.4,Light Rain,6,0,23
2025-03-23 23:00:00,2,13,48.1,Light Rain,6,0,23
2025-03-23 23:00:00,3,13,42.1,Light Rain,6,0,23
2025-03-23 23:00:00,4,15,38.4,Light Rain,6,0,23
2025-03-24 00:00:00,1,14,53.0,Clear,0,0,0
2025-03-24 00:00:00,2,17,59.9,Clear,0,0,0
2025-03-24 00:00:00,3,14,50.9,Clear,0,0,0
2025-03-24 00:00:00,4,15,55.8,Clear,0,0,0
2025-03-24 01:00:00,1,28,42.5,Cloudy,0,0,1
2025-03-24 01:00:00,2,14,42.6,Cloudy,0,0,1
2025-03-24 01:00:00,3,14,47.0,Cloudy,0,0,1
2025-03-24 01:00:00,4,20,52.9,Cloudy,0,0,1
2025-03-24 02:00:00,1,19,39.1,Cloudy,0,0,2
2025-03-24 02:00:00,2,17,47.1,Cloudy,0,0,2
2025-03-24 02:00:00,3,11,63.9,Cloudy,0,0,2
2025-03-24 02:00:00,4,17,54.9,Cloudy,0,0,2
2025-03-24 03:00:00,1,21,,Cloudy,0,0,3
2025-03-24 03:00:00,2,14,45.4,Cloudy,0,0,3
2025-03-24 03:00:00,3,11,46.5,Cloudy,0,0,3
2025-03-24 03:00:00,4,16,54.6,Cloudy,0,0,3
2025-03-24 04:00:00,1,20,53.8,Cloudy,0,0,4
2025-03-24 04:00:00,2,18,51.8,Cloudy,0,0,4
2025-03-24 04:00:00,3,8,52.7,Cloudy,0,0,4
2025-03-24 04:00:00,4,20,54.9,Cloudy,0,0,4
2025-03-24 05:00:00,1,20,49.0,Cloudy,0,0,5
2025-03-24 05:00:00,2,16,56.9,Cloudy,0,0,5
2025-03-24 05:00:00,3,12,55.3,Cloudy,0,0,5
2025-03-24 05:00:00,4,24,-5,Cloudy,0,0,5
2025-03-24 06:00:00,1,30,46.1,Cloudy,0,0,6
2025-03-24 06:00:00,2,36,51.6,Cloudy,0,0,6
2025-03-24 06:00:00,3,25,46.4,Cloudy,0,0,6
2025-03-24 06:00:00,4,35,38.8,Cloudy,0,0,6
2025-03-24 07:00:00,1,64,32.1,Cloudy,0,0,7
2025-03-24 07:00:00,2,53,33.4,Cloudy,0,0,7
2025-03-24 07:00:00,3,38,35.8,Cloudy,0,0,7
2025-03-24 07:00:00,4,50,41.0,Cloudy,0,0,7
2025-03-24 08:00:00,1,118,13.6,Cloudy,0,0,8
2025-03-24 08:00:00,2,89,23.5,Cloudy,0,0,8
2025-03-24 08:00:00,3,74,31.4,Cloudy,0,0,8
2025-03-24 08:00:00,4,105,9.6,Cloudy,0,0,8
2025-03-24 09:00:00,1,176,5,Cloudy,0,0,9
2025-03-24 09:00:00,2,92,19.3,Cloudy,0,0,9
2025-03-24 09:00:00,3,101,17.9,Cloudy,0,0,9
2025-03-24 09:00:00,4,135,5,Cloudy,0,0,9
2025-03-24 10:00:00,1,73,17.2,Heavy Rain,0,0,10
2025-03-24 10:00:00,2,44,25.6,Heavy Rain,0,0,10
2025-03-24 10:00:00,3,44,,Heavy Rain,0,0,10
2025-03-24 10:00:00,4,52,25.3,Heavy Rain,0,0,10
2025-03-24 11:00:00,1,73,23.9,Light Rain,0,0,11
2025-03-24 11:00:00,2,49,35.0,Light Rain,0,0,11
2025-03-24 11:00:00,3,45,31.4,Light Rain,0,0,11
2025-03-24 11:00:00,4,60,27.8,Light Rain,0,0,11
2025-03-24 12:00:00,1,,30.2,Cloudy,0,0,12
2025-03-24 12:00:00,2,62,42.3,Cloudy,0,0,12
2025-03-24 12:00:00,3,54,37.7,Cloudy,0,0,12
2025-03-24 12:00:00,4,57,41.9,Cloudy,0,0,12
2025-03-24 13:00:00,1,97,16.2,Cloudy,0,0,13
2025-03-24 13:00:00,2,72,28.4,Cloudy,0,0,13
2025-03-24 13:00:00,3,50,41.5,Cloudy,0,0,13
2025-03-24 13:00:00,4,77,27.0,Cloudy,0,0,13
2025-03-24 14:00:00,1,80,28.9,Cloudy,0,0,14
2025-03-24 14:00:00,2,54,33.9,Cloudy,0,0,14
2025-03-24 14:00:00,3,56,35.3,Cloudy,0,0,14
2025-03-24 14:00:00,4,75,26.0,Cloudy,0,0,14
2025-03-24 15:00:00,1,60,37.1,Cloudy,0,0,15
2025-03-24 15:00:00,2,40,36.9,Cloudy,0,0,15
2025-03-24 15:00:00,3,33,51.9,Cloudy,0,0,15
2025-03-24 15:00:00,4,52,31.2,Cloudy,0,0,15
2025-03-24 16:00:00,1,96,25.2,Cloudy,0,0,16
2025-03-24 16:00:00,2,53,26.6,Cloudy,0,0,16
2025-03-24 16:00:00,3,65,31.8,Cloudy,0,0,16
2025-03-24 16:00:00,4,74,35.5,Cloudy,0,0,16
2025-03-24 17:00:00,1,164,5,Cloudy,0,0,17
2025-03-24 17:00:00,2,107,16.5,Cloudy,0,0,17
2025-03-24 17:00:00,3,98,24.7,Cloudy,0,0,17
2025-03-24 17:00:00,4,86,22.3,Cloudy,0,0,17
2025-03-24 18:00:00,1,177,5,Cloudy,0,0,18
2025-03-24 18:00:00,2,138,5,Cloudy,0,0,18
2025-03-24 18:00:00,3,98,24.9,Cloudy,0,0,18
2025-03-24 18:00:00,4,150,5,Cloudy,0,0,18
2025-03-24 19:00:00,1,118,7.9,Cloudy,0,0,19
2025-03-24 19:00:00,2,77,31.4,Cloudy,0,0,19
2025-03-24 19:00:00,3,,19.5,Cloudy,0,0,19
2025-03-24 19:00:00,4,113,14.7,Cloudy,0,0,19
2025-03-24 20:00:00,1,80,27.8,Cloudy,0,0,20
2025-03-24 20:00:00,2,73,35.0,Cloudy,0,0,20
2025-03-24 20:00:00,3,64,22.1,Cloudy,0,0,20
2025-03-24 20:00:00,4,81,25.1,Cloudy,0,0,20
2025-03-24 21:00:00,1,55,44.5,Clear,0,0,21
2025-03-24 21:00:00,2,36,59.1,Clear,0,0,21
2025-03-24 21:00:00,3,33,54.4,Clear,0,0,21
2025-03-24 21:00:00,4,50,54.9,Clear,0,0,21
2025-03-24 22:00:00,1,29,42.3,Cloudy,0,0,22
2025-03-24 22:00:00,2,32,45.1,Cloudy,0,0,22
2025-03-24 22:00:00,3,30,45.0,Cloudy,0,0,22
2025-03-24 22:00:00,4,38,46.8,Cloudy,0,0,22
2025-03-24 23:00:00,1,18,49.5,Cloudy,0,0,23
2025-03-24 23:00:00,2,12,57.6,Cloudy,0,0,23
2025-03-24 23:00:00,3,10,58.6,Cloudy,0,0,23
2025-03-24 23:00:00,4,15,50.1,Cloudy,0,0,23
2025-03-25 00:00:00,1,19,55.2,Clear,1,0,0
2025-03-25 00:00:00,2,13,53.3,Clear,1,0,0
2025-03-25 00:00:00,3,10,55.3,Clear,1,0,0
2025-03-25 00:00:00,4,12,42.9,Clear,1,0,0
2025-03-25 01:00:00,1,16,62.1,Clear,1,0,1
2025-03-25 01:00:00,2,18,53.2,Clear,1,0,1
2025-03-25 01:00:00,3,14,54.9,Clear,1,0,1
2025-03-25 01:00:00,4,16,63.5,Clear,1,0,1
2025-03-25 02:00:00,1,16,52.6,Clear,1,0,2
2025-03-25 02:00:00,2,16,53.4,Clear,1,0,2
2025-03-25 02:00:00,3,13,60.2,Clear,1,0,2
2025-03-25 02:00:00,4,14,52.6,Clear,1,0,2
2025-03-25 03:00:00,1,16,49.5,Clear,1,0,3
2025-03-25 03:00:00,2,15,52.0,Clear,1,0,3
2025-03-25 03:00:00,3,14,60.9,Clear,1,0,3
2025-03-25 03:00:00,4,20,58.2,Clear,1,0,3
2025-03-25 04:00:00,1,21,44.8,Clear,1,0,4
2025-03-25 04:00:00,2,15,50.8,Clear,1,0,4
2025-03-25 04:00:00,3,12,61.2,Clear,1,0,4
2025-03-25 04:00:00,4,17,36.9,Clear,1,0,4
2025-03-25 05:00:00,1,20,47.9,Clear,1,0,5
2025-03-25 05:00:00,2,18,51.5,Clear,1,0,5
2025-03-25 05:00:00,3,12,53.8,Clear,1,0,5
2025-03-25 05:00:00,4,14,59.6,Clear,1,0,5
2025-03-25 06:00:00,1,32,44.1,Clear,1,0,6
2025-03-25 06:00:00,2,26,50.7,Clear,1,0,6
2025-03-25 06:00:00,3,22,53.3,Clear,1,0,6
2025-03-25 06:00:00,4,27,150,Clear,1,0,6
2025-03-25 07:00:00,1,70,38.2,Clear,1,0,7
2025-03-25 07:00:00,2,43,38.3,Clear,1,0,7
2025-03-25 07:00:00,3,49,34.0,Clear,1,0,7
2025-03-25 07:00:00,4,53,38.4,Clear,1,0,7
2025-03-25 08:00:00,1,94,21.4,Clear,1,0,8
2025-03-25 08:00:00,2,71,30.9,Clear,1,0,8
2025-03-25 08:00:00,3,79,25.3,Clear,1,0,8
2025-03-25 08:00:00,4,109,12.2,Clear,1,0,8
2025-03-25 09:00:00,1,130,8.8,Clear,1,0,9
2025-03-25 09:00:00,2,99,11.9,Clear,1,0,9
2025-03-25 09:00:00,3,97,35.9,Clear,1,0,9
2025-03-25 09:00:00,4,83,34.9,Clear,1,0,9
2025-03-25 10:00:00,1,101,15.2,Clear,1,0,10
2025-03-25 10:00:00,2,61,39.6,Clear,1,0,10
2025-03-25 10:00:00,3,65,37.5,Clear,1,0,10
2025-03-25 10:00:00,4,93,29.7,Clear,1,0,10
2025-03-25 11:00:00,1,45,18.6,Heavy Rain,1,0,11
2025-03-25 11:00:00,2,27,,Heavy Rain,1,0,11
2025-03-25 11:00:00,3,32,32.2,Heavy Rain,1,0,11
2025-03-25 11:00:00,4,33,23.9,Heavy Rain,1,0,11
2025-03-25 12:00:00,1,74,33.9,Clear,1,0,12
2025-03-25 12:00:00,2,48,43.9,Clear,1,0,12
2025-03-25 12:00:00,3,49,39.3,Clear,1,0,12
2025-03-25 12:00:00,4,68,31.0,Clear,1,0,12
2025-03-25 13:00:00,1,95,26.1,Clear,1,0,13
2025-03-25 13:00:00,2,57,33.2,Clear,1,0,13
2025-03-25 13:00:00,3,59,29.7,Clear,1,0,13
2025-03-25 13:00:00,4,70,32.0,Clear,1,0,13
2025-03-25 14:00:00,1,70,25.7,Clear,1,0,14
2025-03-25 14:00:00,2,53,43.7,Clear,1,0,14
2025-03-25 14:00:00,3,44,41.4,Clear,1,0,14
2025-03-25 14:00:00,4,55,36.7,Clear,1,0,14
2025-03-25 15:00:00,1,65,35.6,Clear,1,0,15
2025-03-25 15:00:00,2,49,35.1,Clear,1,0,15
2025-03-25 15:00:00,3,36,53.3,Clear,1,0,15
2025-03-25 15:00:00,4,43,38.4,Clear,1,0,15
2025-03-25 16:00:00,1,500,18.4,Clear,1,0,16
2025-03-25 16:00:00,2,49,40.2,Clear,1,0,16
2025-03-25 16:00:00,3,58,35.0,Clear,1,0,16
2025-03-25 16:00:00,4,73,31.3,Clear,1,0,16
2025-03-25 17:00:00,1,148,5,Clear,1,0,17
2025-03-25 17:00:00,2,94,32.4,Clear,1,0,17
2025-03-25 17:00:00,3,103,23.1,Clear,1,0,17
2025-03-25 17:00:00,4,118,23.3,Clear,1,0,17
2025-03-25 18:00:00,1,152,5,Clear,1,0,18
2025-03-25 18:00:00,2,131,14.7,Clear,1,0,18
2025-03-25 18:00:00,3,100,21.4,Clear,1,0,18
2025-03-25 18:00:00,4,147,5,Clear,1,0,18
2025-03-25 19:00:00,1,118,15.8,Clear,1,0,19
2025-03-25 19:00:00,2,78,23.5,Clear,1,0,19
2025-03-25 19:00:00,3,114,10.4,Clear,1,0,19
2025-03-25 19:00:00,4,99,12.0,Clear,1,0,19
2025-03-25 20:00:00,1,55,39.8,Clear,1,0,20
2025-03-25 20:00:00,2,64,34.8,Clear,1,0,20
2025-03-25 20:00:00,3,49,48.0,Clear,1,0,20
2025-03-25 20:00:00,4,70,31.6,Clear,1,0,20
2025-03-25 21:00:00,1,61,39.1,Clear,1,0,21
2025-03-25 21:00:00,2,49,41.7,Clear,1,0,21
2025-03-25 21:00:00,3,34,40.0,Clear,1,0,21
2025-03-25 21:00:00,4,45,43.3,Clear,1,0,21
2025-03-25 22:00:00,1,31,49.6,Clear,1,0,22
2025-03-25 22:00:00,2,25,56.0,Clear,1,0,22
2025-03-25 22:00:00,3,26,46.6,Clear,1,0,22
2025-03-25 22:00:00,4,39,36.7,Clear,1,0,22
2025-03-25 23:00:00,1,21,53.8,Clear,1,0,23
2025-03-25 23:00:00,2,15,60.0,Clear,1,0,23
2025-03-25 23:00:00,3,10,57.3,Clear,1,0,23
2025-03-25 23:00:00,4,14,58.7,Clear,1,0,23
2025-03-26 00:00:00,1,15,28.9,Heavy Rain,2,0,0
2025-03-26 00:00:00,2,8,28.7,Heavy Rain,2,0,0
2025-03-26 00:00:00,3,6,34.1,Heavy Rain,2,0,0
2025-03-26 00:00:00,4,8,31.9,Heavy Rain,2,0,0
2025-03-26 01:00:00,1,25,49.3,Cloudy,2,0,1
2025-03-26 01:00:00,2,16,61.1,Cloudy,2,0,1
2025-03-26 01:00:00,3,17,47.2,Cloudy,2,0,1
2025-03-26 01:00:00,4,20,50.5,Cloudy,2,0,1
2025-03-26 02:00:00,1,15,44.5,Light Rain,2,0,2
2025-03-26 02:00:00,2,13,49.4,Light Rain,2,0,2
2025-03-26 02:00:00,3,,41.3,Light Rain,2,0,2
2025-03-26 02:00:00,4,16,47.7,Light Rain,2,0,2
2025-03-26 03:00:00,1,12,33.6,Heavy Rain,2,0,3
2025-03-26 03:00:00,2,8,26.8,Heavy Rain,2,0,3
2025-03-26 03:00:00,3,9,34.0,Heavy Rain,2,0,3
2025-03-26 03:00:00,4,10,150,Heavy Rain,2,0,3
2025-03-26 04:00:00,1,11,35.0,Heavy Rain,2,0,4
2025-03-26 04:00:00,2,8,34.5,Heavy Rain,2,0,4
2025-03-26 04:00:00,3,6,35.1,Heavy Rain,2,0,4
2025-03-26 04:00:00,4,12,28.8,Heavy Rain,2,0,4
2025-03-26 05:00:00,1,23,54.3,Cloudy,2,0,5
2025-03-26 05:00:00,2,12,59.1,Cloudy,2,0,5
2025-03-26 05:00:00,3,13,51.9,Cloudy,2,0,5
2025-03-26 05:00:00,4,19,47.1,Cloudy,2,0,5
2025-03-26 06:00:00,1,30,23.3,Heavy Rain,2,0,6
2025-03-26 06:00:00,2,16,28.9,Heavy Rain,2,0,6
2025-03-26 06:00:00,3,13,27.8,Heavy Rain,2,0,6
2025-03-26 06:00:00,4,21,27.2,Heavy Rain,2,0,6
2025-03-26 07:00:00,1,45,21.7,Heavy Rain,2,0,7
2025-03-26 07:00:00,2,30,26.2,Heavy Rain,2,0,7
2025-03-26 07:00:00,3,22,25.7,Heavy Rain,2,0,7
2025-03-26 07:00:00,4,36,25.4,Heavy Rain,2,0,7
2025-03-26 08:00:00,1,90,13.3,Heavy Rain,2,0,8
2025-03-26 08:00:00,2,52,17.8,Heavy Rain,2,0,8
2025-03-26 08:00:00,3,34,25.9,Heavy Rain,2,0,8
2025-03-26 08:00:00,4,68,23.4,Heavy Rain,2,0,8
2025-03-26 09:00:00,1,77,,Heavy Rain,2,0,9
2025-03-26 09:00:00,2,62,18.3,Heavy Rain,2,0,9
2025-03-26 09:00:00,3,47,20.5,Heavy Rain,2,0,9
2025-03-26 09:00:00,4,79,21.5,Heavy Rain,2,0,9
2025-03-26 10:00:00,1,42,26.7,Heavy Rain,2,0,10
2025-03-26 10:00:00,2,48,25.5,Heavy Rain,2,0,10
2025-03-26 10:00:00,3,40,22.1,Heavy Rain,2,0,10
2025-03-26 10:00:00,4,43,21.7,Heavy Rain,2,0,10
2025-03-26 11:00:00,1,43,23.5,Heavy Rain,2,0,11
2025-03-26 11:00:00,2,39,23.8,Heavy Rain,2,0,11
2025-03-26 11:00:00,3,32,29.6,Heavy Rain,2,0,11
2025-03-26 11:00:00,4,41,20.6,Heavy Rain,2,0,11
2025-03-26 12:00:00,1,39,26.6,Heavy Rain,2,0,12
2025-03-26 12:00:00,2,32,25.8,Heavy Rain,2,0,12
2025-03-26 12:00:00,3,32,25.2,Heavy Rain,2,0,12
2025-03-26 12:00:00,4,37,22.3,Heavy Rain,2,0,12
2025-03-26 13:00:00,1,63,15.7,Heavy Rain,2,0,13
2025-03-26 13:00:00,2,43,19.2,Heavy Rain,2,0,13
2025-03-26 13:00:00,3,40,20.3,Heavy Rain,2,0,13
2025-03-26 13:00:00,4,45,22.0,Heavy Rain,2,0,13
2025-03-26 14:00:00,1,46,23.9,Heavy Rain,2,0,14
2025-03-26 14:00:00,2,28,23.8,Heavy Rain,2,0,14
2025-03-26 14:00:00,3,31,25.1,Heavy Rain,2,0,14
2025-03-26 14:00:00,4,41,26.4,Heavy Rain,2,0,14
2025-03-26 15:00:00,1,35,27.1,Heavy Rain,2,0,15
2025-03-26 15:00:00,2,30,25.2,Heavy Rain,2,0,15
2025-03-26 15:00:00,3,22,25.4,Heavy Rain,2,0,15
2025-03-26 15:00:00,4,24,25.6,Heavy Rain,2,0,15
2025-03-26 16:00:00,1,48,23.9,Heavy Rain,2,0,16
2025-03-26 16:00:00,2,37,23.5,Heavy Rain,2,0,16
2025-03-26 16:00:00,3,29,23.6,Heavy Rain,2,0,16
2025-03-26 16:00:00,4,39,24.0,Heavy Rain,2,0,16
2025-03-26 17:00:00,1,74,15.5,Heavy Rain,2,0,17
2025-03-26 17:00:00,2,62,16.8,Heavy Rain,2,0,17
2025-03-26 17:00:00,3,57,23.3,Heavy Rain,2,0,17
2025-03-26 17:00:00,4,50,21.5,Heavy Rain,2,0,17
2025-03-26 18:00:00,1,193,5,Clear,2,0,18
2025-03-26 18:00:00,2,135,6.2,Clear,2,0,18
2025-03-26 18:00:00,3,,29.5,Clear,2,0,18
2025-03-26 18:00:00,4,138,9.1,Clear,2,0,18
2025-03-26 19:00:00,1,76,14.8,Heavy Rain,2,0,19
2025-03-26 19:00:00,2,71,17.8,Heavy Rain,2,0,19
2025-03-26 19:00:00,3,60,15.4,Heavy Rain,2,0,19
2025-03-26 19:00:00,4,67,23.1,Heavy Rain,2,0,19
2025-03-26 20:00:00,1,999,21.9,Heavy Rain,2,0,20
2025-03-26 20:00:00,2,41,24.4,Heavy Rain,2,0,20
2025-03-26 20:00:00,3,38,22.6,Heavy Rain,2,0,20
2025-03-26 20:00:00,4,34,24.1,Heavy Rain,2,0,20
2025-03-26 21:00:00,1,49,37.7,Clear,2,0,21
2025-03-26 21:00:00,2,44,40.9,Clear,2,0,21
2025-03-26 21:00:00,3,40,49.5,Clear,2,0,21
2025-03-26 21:00:00,4,38,55.6,Clear,2,0,21
2025-03-26 22:00:00,1,21,27.9,Heavy Rain,2,0,22
2025-03-26 22:00:00,2,14,29.7,Heavy Rain,2,0,22
2025-03-26 22:00:00,3,13,27.0,Heavy Rain,2,0,22
2025-03-26 22:00:00,4,22,26.7,Heavy Rain,2,0,22
2025-03-26 23:00:00,1,10,25.3,Heavy Rain,2,0,23
2025-03-26 23:00:00,2,7,30.0,Heavy Rain,2,0,23
2025-03-26 23:00:00,3,7,30.8,Heavy Rain,2,0,23
2025-03-26 23:00:00,4,11,35.5,Heavy Rain,2,0,23
2025-03-27 00:00:00,1,24,48.2,Clear,3,0,0
2025-03-27 00:00:00,2,13,50.6,Clear,3,0,0
2025-03-27 00:00:00,3,12,49.8,Clear,3,0,0
2025-03-27 00:00:00,4,18,51.4,Clear,3,0,0
2025-03-27 01:00:00,1,19,60.3,Clear,3,0,1
2025-03-27 01:00:00,2,14,53.2,Clear,3,0,1
2025-03-27 01:00:00,3,14,56.8,Clear,3,0,1
2025-03-27 01:00:00,4,17,45.4,Clear,3,0,1
2025-03-27 02:00:00,1,19,55.4,Clear,3,0,2
2025-03-27 02:00:00,2,14,65.6,Clear,3,0,2
2025-03-27 02:00:00,3,12,53.1,Clear,3,0,2
2025-03-27 02:00:00,4,19,54.6,Clear,3,0,2
2025-03-27 03:00:00,1,23,52.6,Clear,3,0,3
2025-03-27 03:00:00,2,14,53.7,Clear,3,0,3
2025-03-27 03:00:00,3,,53.9,Clear,3,0,3
2025-03-27 03:00:00,4,14,49.7,Clear,3,0,3
2025-03-27 04:00:00,1,21,50.8,Clear,3,0,4
2025-03-27 04:00:00,2,15,55.6,Clear,3,0,4
2025-03-27 04:00:00,3,12,50.8,Clear,3,0,4
2025-03-27 04:00:00,4,14,51.9,Clear,3,0,4
2025-03-27 05:00:00,1,20,51.0,Clear,3,0,5
2025-03-27 05:00:00,2,13,58.5,Clear,3,0,5
2025-03-27 05:00:00,3,14,49.9,Clear,3,0,5
2025-03-27 05:00:00,4,17,58.8,Clear,3,0,5
2025-03-27 06:00:00,1,36,45.0,Clear,3,0,6
2025-03-27 06:00:00,2,35,45.7,Clear,3,0,6
2025-03-27 06:00:00,3,23,48.3,Clear,3,0,6
2025-03-27 06:00:00,4,41,53.0,Clear,3,0,6
2025-03-27 07:00:00,1,55,31.2,Clear,3,0,7
2025-03-27 07:00:00,2,42,44.9,Clear,3,0,7
2025-03-27 07:00:00,3,39,50.0,Clear,3,0,7
2025-03-27 07:00:00,4,49,38.1,Clear,3,0,7
2025-03-27 08:00:00,1,101,24.0,Clear,3,0,8
2025-03-27 08:00:00,2,71,37.0,Clear,3,0,8
2025-03-27 08:00:00,3,91,11.5,Clear,3,0,8
2025-03-27 08:00:00,4,105,18.6,Clear,3,0,8
2025-03-27 09:00:00,1,109,23.1,Clear,3,0,9
2025-03-27 09:00:00,2,120,5,Clear,3,0,9
2025-03-27 09:00:00,3,87,20.3,Clear,3,0,9
2025-03-27 09:00:00,4,135,5,Clear,3,0,9
2025-03-27 10:00:00,1,,26.8,Clear,3,0,10
2025-03-27 10:00:00,2,87,26.8,Clear,3,0,10
2025-03-27 10:00:00,3,64,36.2,Clear,3,0,10
2025-03-27 10:00:00,4,100,21.6,Clear,3,0,10
2025-03-27 11:00:00,1,999,24.9,Clear,3,0,11
2025-03-27 11:00:00,2,55,37.2,Clear,3,0,11
2025-03-27 11:00:00,3,58,46.3,Clear,3,0,11
2025-03-27 11:00:00,4,67,23.2,Clear,3,0,11
2025-03-27 12:00:00,1,76,36.6,Clear,3,0,12
2025-03-27 12:00:00,2,47,51.2,Clear,3,0,12
2025-03-27 12:00:00,3,43,43.6,Clear,3,0,12
2025-03-27 12:00:00,4,66,30.2,Clear,3,0,12
2025-03-27 13:00:00,1,96,19.1,Clear,3,0,13
2025-03-27 13:00:00,2,63,26.8,Clear,3,0,13
2025-03-27 13:00:00,3,62,38.0,Clear,3,0,13
2025-03-27 13:00:00,4,80,40.3,Clear,3,0,13
2025-03-27 14:00:00,1,104,23.1,Clear,3,0,14
2025-03-27 14:00:00,2,45,41.5,Clear,3,0,14
2025-03-27 14:00:00,3,56,28.4,Clear,3,0,14
2025-03-27 14:00:00,4,67,34.6,Clear,3,0,14
2025-03-27 15:00:00,1,,33.9,Clear,3,0,15
2025-03-27 15:00:00,2,38,42.5,Clear,3,0,15
2025-03-27 15:00:00,3,46,36.6,Clear,3,0,15
2025-03-27 15:00:00,4,37,50.2,Clear,3,0,15
2025-03-27 16:00:00,1,76,24.3,Clear,3,0,16
2025-03-27 16:00:00,2,52,47.5,Clear,3,0,16
2025-03-27 16:00:00,3,61,34.3,Clear,3,0,16
2025-03-27 16:00:00,4,63,37.6,Clear,3,0,16
2025-03-27 17:00:00,1,111,5.2,Clear,3,0,17
2025-03-27 17:00:00,2,101,18.7,Clear,3,0,17
2025-03-27 17:00:00,3,101,11.7,Clear,3,0,17
2025-03-27 17:00:00,4,94,25.1,Clear,3,0,17
2025-03-27 18:00:00,1,148,5,Clear,3,0,18
2025-03-27 18:00:00,2,119,12.8,Clear,3,0,18
2025-03-27 18:00:00,3,131,9.7,Clear,3,0,18
2025-03-27 18:00:00,4,116,17.0,Clear,3,0,18
2025-03-27 19:00:00,1,112,19.6,Clear,3,0,19
2025-03-27 19:00:00,2,99,26.9,Clear,3,0,19
2025-03-27 19:00:00,3,91,27.2,Clear,3,0,19
2025-03-27 19:00:00,4,85,31.0,Clear,3,0,19
2025-03-27 20:00:00,1,52,33.6,Clear,3,0,20
2025-03-27 20:00:00,2,62,32.2,Clear,3,0,20
2025-03-27 20:00:00,3,54,46.2,Clear,3,0,20
2025-03-27 20:00:00,4,70,28.1,Clear,3,0,20
2025-03-27 21:00:00,1,45,34.7,Clear,3,0,21
2025-03-27 21:00:00,2,34,42.7,Clear,3,0,21
2025-03-27 21:00:00,3,35,38.1,Clear,3,0,21
2025-03-27 21:00:00,4,37,41.1,Clear,3,0,21
2025-03-27 22:00:00,1,37,51.5,Clear,3,0,22
2025-03-27 22:00:00,2,26,54.5,Clear,3,0,22
2025-03-27 22:00:00,3,24,58.6,Clear,3,0,22
2025-03-27 22:00:00,4,33,37.4,Clear,3,0,22
2025-03-27 23:00:00,1,17,47.5,Clear,3,0,23
2025-03-27 23:00:00,2,15,60.9,Clear,3,0,23
2025-03-27 23:00:00,3,13,50.3,Clear,3,0,23
2025-03-27 23:00:00,4,17,44.5,Clear,3,0,23
2025-03-28 00:00:00,1,15,50.8,Cloudy,4,0,0
2025-03-28 00:00:00,2,12,52.4,Cloudy,4,0,0
2025-03-28 00:00:00,3,14,53.1,Cloudy,4,0,0
2025-03-28 00:00:00,4,12,60.6,Cloudy,4,0,0
2025-03-28 01:00:00,1,22,53.1,Cloudy,4,0,1
2025-03-28 01:00:00,2,17,49.5,Cloudy,4,0,1
2025-03-28 01:00:00,3,13,43.0,Cloudy,4,0,1
2025-03-28 01:00:00,4,17,55.0,Cloudy,4,0,1
2025-03-28 02:00:00,1,24,51.6,Cloudy,4,0,2
2025-03-28 02:00:00,2,14,47.2,Cloudy,4,0,2
2025-03-28 02:00:00,3,12,57.5,Cloudy,4,0,2
2025-03-28 02:00:00,4,22,48.5,Cloudy,4,0,2
2025-03-28 03:00:00,1,20,51.1,Cloudy,4,0,3
2025-03-28 03:00:00,2,17,41.0,Cloudy,4,0,3
2025-03-28 03:00:00,3,12,50.9,Cloudy,4,0,3
2025-03-28 03:00:00,4,24,48.4,Cloudy,4,0,3
2025-03-28 04:00:00,1,18,52.6,Cloudy,4,0,4
2025-03-28 04:00:00,2,17,53.0,Cloudy,4,0,4
2025-03-28 04:00:00,3,13,49.2,Cloudy,4,0,4
2025-03-28 04:00:00,4,14,54.7,Cloudy,4,0,4
2025-03-28 05:00:00,1,21,51.2,Cloudy,4,0,5
2025-03-28 05:00:00,2,,45.4,Cloudy,4,0,5
2025-03-28 05:00:00,3,15,55.4,Cloudy,4,0,5
2025-03-28 05:00:00,4,999,42.7,Cloudy,4,0,5
2025-03-28 06:00:00,1,39,41.4,Cloudy,4,0,6
2025-03-28 06:00:00,2,37,54.5,Cloudy,4,0,6
2025-03-28 06:00:00,3,20,45.3,Cloudy,4,0,6
2025-03-28 06:00:00,4,30,,Cloudy,4,0,6
2025-03-28 07:00:00,1,63,23.2,Cloudy,4,0,7
2025-03-28 07:00:00,2,51,38.2,Cloudy,4,0,7
2025-03-28 07:00:00,3,45,39.2,Cloudy,4,0,7
2025-03-28 07:00:00,4,49,39.1,Cloudy,4,0,7
2025-03-28 08:00:00,1,129,5,Cloudy,4,0,8
2025-03-28 08:00:00,2,116,13.3,Cloudy,4,0,8
2025-03-28 08:00:00,3,75,22.8,Cloudy,4,0,8
2025-03-28 08:00:00,4,121,7.9,Cloudy,4,0,8
2025-03-28 09:00:00,1,144,5,Cloudy,4,0,9
2025-03-28 09:00:00,2,111,15.1,Cloudy,4,0,9
2025-03-28 09:00:00,3,109,8.2,Cloudy,4,0,9
2025-03-28 09:00:00,4,117,11.1,Cloudy,4,0,9
2025-03-28 10:00:00,1,100,15.5,Cloudy,4,0,10
2025-03-28 10:00:00,2,,29.3,Cloudy,4,0,10
2025-03-28 10:00:00,3,61,35.1,Cloudy,4,0,10
2025-03-28 10:00:00,4,76,24.4,Cloudy,4,0,10
2025-03-28 11:00:00,1,74,24.2,Cloudy,4,0,11
2025-03-28 11:00:00,2,47,41.7,Cloudy,4,0,11
2025-03-28 11:00:00,3,41,43.0,Cloudy,4,0,11
2025-03-28 11:00:00,4,77,25.5,Cloudy,4,0,11
2025-03-28 12:00:00,1,64,35.0,Cloudy,4,0,12
2025-03-28 12:00:00,2,57,,Cloudy,4,0,12
2025-03-28 12:00:00,3,44,33.1,Cloudy,4,0,12
2025-03-28 12:00:00,4,65,30.8,Cloudy,4,0,12
2025-03-28 13:00:00,1,92,25.5,Cloudy,4,0,13
2025-03-28 13:00:00,2,86,27.9,Cloudy,4,0,13
2025-03-28 13:00:00,3,68,32.8,Cloudy,4,0,13
2025-03-28 13:00:00,4,89,15.4,Cloudy,4,0,13
2025-03-28 14:00:00,1,68,27.6,Cloudy,4,0,14
2025-03-28 14:00:00,2,55,43.2,Cloudy,4,0,14
2025-03-28 14:00:00,3,57,38.0,Cloudy,4,0,14
2025-03-28 14:00:00,4,79,33.9,Cloudy,4,0,14
2025-03-28 15:00:00,1,61,26.5,Cloudy,4,0,15
2025-03-28 15:00:00,2,57,27.5,Cloudy,4,0,15
2025-03-28 15:00:00,3,36,48.4,Cloudy,4,0,15
2025-03-28 15:00:00,4,53,36.3,Cloudy,4,0,15
2025-03-28 16:00:00,1,53,36.7,Cloudy,4,0,16
2025-03-28 16:00:00,2,55,35.6,Cloudy,4,0,16
2025-03-28 16:00:00,3,56,45.7,Cloudy,4,0,16
2025-03-28 16:00:00,4,71,30.4,Cloudy,4,0,16
2025-03-28 17:00:00,1,,7.6,Cloudy,4,0,17
2025-03-28 17:00:00,2,104,15.1,Cloudy,4,0,17
2025-03-28 17:00:00,3,88,,Cloudy,4,0,17
2025-03-28 17:00:00,4,93,19.5,Cloudy,4,0,17
2025-03-28 18:00:00,1,126,8.9,Fog,4,0,18
2025-03-28 18:00:00,2,96,8.6,Fog,4,0,18
2025-03-28 18:00:00,3,80,19.8,Fog,4,0,18
2025-03-28 18:00:00,4,95,15.0,Fog,4,0,18
2025-03-28 19:00:00,1,109,12.4,Cloudy,4,0,19
2025-03-28 19:00:00,2,98,16.9,Cloudy,4,0,19
2025-03-28 19:00:00,3,98,19.6,Cloudy,4,0,19
2025-03-28 19:00:00,4,119,7.0,Cloudy,4,0,19
2025-03-28 20:00:00,1,84,20.9,Cloudy,4,0,20
2025-03-28 20:00:00,2,55,28.5,Cloudy,4,0,20
2025-03-28 20:00:00,3,77,17.4,Cloudy,4,0,20
2025-03-28 20:00:00,4,81,18.5,Cloudy,4,0,20
2025-03-28 21:00:00,1,59,35.7,Cloudy,4,0,21
2025-03-28 21:00:00,2,40,36.8,Cloudy,4,0,21
2025-03-28 21:00:00,3,47,,Cloudy,4,0,21
2025-03-28 21:00:00,4,61,34.0,Cloudy,4,0,21
2025-03-28 22:00:00,1,42,39.8,Cloudy,4,0,22
2025-03-28 22:00:00,2,32,42.7,Cloudy,4,0,22
2025-03-28 22:00:00,3,27,54.6,Cloudy,4,0,22
2025-03-28 22:00:00,4,39,41.9,Cloudy,4,0,22
2025-03-28 23:00:00,1,19,45.0,Cloudy,4,0,23
2025-03-28 23:00:00,2,17,49.0,Cloudy,4,0,23
2025-03-28 23:00:00,3,16,55.8,Cloudy,4,0,23
2025-03-28 23:00:00,4,15,44.7,Cloudy,4,0,23
2025-03-29 00:00:00,1,18,37.3,Fog,5,0,0
2025-03-29 00:00:00,2,10,34.2,Fog,5,0,0
2025-03-29 00:00:00,3,12,40.3,Fog,5,0,0
2025-03-29 00:00:00,4,13,30.1,Fog,5,0,0
2025-03-29 01:00:00,1,12,36.2,Fog,5,0,1
2025-03-29 01:00:00,2,12,27.6,Fog,5,0,1
2025-03-29 01:00:00,3,,27.7,Fog,5,0,1
2025-03-29 01:00:00,4,7,38.3,Fog,5,0,1
2025-03-29 02:00:00,1,13,34.2,Fog,5,0,2
2025-03-29 02:00:00,2,11,39.0,Fog,5,0,2
2025-03-29 02:00:00,3,12,40.7,Fog,5,0,2
2025-03-29 02:00:00,4,10,35.2,Fog,5,0,2
2025-03-29 03:00:00,1,13,31.6,Fog,5,0,3
2025-03-29 03:00:00,2,8,33.6,Fog,5,0,3
2025-03-29 03:00:00,3,10,42.2,Fog,5,0,3
2025-03-29 03:00:00,4,13,36.1,Fog,5,0,3
2025-03-29 04:00:00,1,14,36.2,Fog,5,0,4
2025-03-29 04:00:00,2,10,35.3,Fog,5,0,4
2025-03-29 04:00:00,3,12,34.2,Fog,5,0,4
2025-03-29 04:00:00,4,15,36.7,Fog,5,0,4
2025-03-29 05:00:00,1,15,,Fog,5,0,5
2025-03-29 05:00:00,2,13,36.7,Fog,5,0,5
2025-03-29 05:00:00,3,11,40.6,Fog,5,0,5
2025-03-29 05:00:00,4,13,34.0,Fog,5,0,5
2025-03-29 06:00:00,1,46,25.1,Fog,5,0,6
2025-03-29 06:00:00,2,34,31.5,Fog,5,0,6
2025-03-29 06:00:00,3,27,26.2,Fog,5,0,6
2025-03-29 06:00:00,4,30,31.1,Fog,5,0,6
2025-03-29 07:00:00,1,39,35.0,Fog,5,0,7
2025-03-29 07:00:00,2,31,30.3,Fog,5,0,7
2025-03-29 07:00:00,3,27,32.2,Fog,5,0,7
2025-03-29 07:00:00,4,31,28.8,Fog,5,0,7
2025-03-29 08:00:00,1,39,24.7,Fog,5,0,8
2025-03-29 08:00:00,2,53,26.5,Fog,5,0,8
2025-03-29 08:00:00,3,21,32.5,Fog,5,0,8
2025-03-29 08:00:00,4,37,28.2,Fog,5,0,8
2025-03-29 09:00:00,1,55,23.0,Fog,5,0,9
2025-03-29 09:00:00,2,44,30.6,Fog,5,0,9
2025-03-29 09:00:00,3,54,20.8,Fog,5,0,9
2025-03-29 09:00:00,4,49,31.9,Fog,5,0,9
2025-03-29 10:00:00,1,86,17.7,Fog,5,0,10
2025-03-29 10:00:00,2,50,26.2,Fog,5,0,10
2025-03-29 10:00:00,3,40,28.2,Fog,5,0,10
2025-03-29 10:00:00,4,53,18.9,Fog,5,0,10
2025-03-29 11:00:00,1,64,22.4,Fog,5,0,11
2025-03-29 11:00:00,2,67,19.1,Fog,5,0,11
2025-03-29 11:00:00,3,52,27.7,Fog,5,0,11
2025-03-29 11:00:00,4,55,19.4,Fog,5,0,11
2025-03-29 12:00:00,1,71,14.1,Fog,5,0,12
2025-03-29 12:00:00,2,59,21.1,Fog,5,0,12
2025-03-29 12:00:00,3,46,26.0,Fog,5,0,12
2025-03-29 12:00:00,4,68,25.9,Fog,5,0,12
2025-03-29 13:00:00,1,79,15.9,Fog,5,0,13
2025-03-29 13:00:00,2,46,25.6,Fog,5,0,13
2025-03-29 13:00:00,3,48,29.8,Fog,5,0,13
2025-03-29 13:00:00,4,55,29.2,Fog,5,0,13
2025-03-29 14:00:00,1,-10,22.4,Fog,5,0,14
2025-03-29 14:00:00,2,49,23.2,Fog,5,0,14
2025-03-29 14:00:00,3,39,31.2,Fog,5,0,14
2025-03-29 14:00:00,4,64,18.3,Fog,5,0,14
2025-03-29 15:00:00,1,46,25.5,Fog,5,0,15
2025-03-29 15:00:00,2,51,23.4,Fog,5,0,15
2025-03-29 15:00:00,3,38,31.2,Fog,5,0,15
2025-03-29 15:00:00,4,57,23.7,Fog,5,0,15
2025-03-29 16:00:00,1,,24.5,Fog,5,0,16
2025-03-29 16:00:00,2,42,24.5,Fog,5,0,16
2025-03-29 16:00:00,3,30,30.7,Fog,5,0,16
2025-03-29 16:00:00,4,54,25.1,Fog,5,0,16
2025-03-29 17:00:00,1,55,17.6,Fog,5,0,17
2025-03-29 17:00:00,2,34,,Fog,5,0,17
2025-03-29 17:00:00,3,30,28.5,Fog,5,0,17
2025-03-29 17:00:00,4,46,26.0,Fog,5,0,17
2025-03-29 18:00:00,1,46,29.0,Fog,5,0,18
2025-03-29 18:00:00,2,29,30.6,Fog,5,0,18
2025-03-29 18:00:00,3,32,32.6,Fog,5,0,18
2025-03-29 18:00:00,4,37,33.6,Fog,5,0,18
2025-03-29 19:00:00,1,24,33.5,Fog,5,0,19
2025-03-29 19:00:00,2,19,34.4,Fog,5,0,19
2025-03-29 19:00:00,3,25,31.7,Fog,5,0,19
2025-03-29 19:00:00,4,27,29.5,Fog,5,0,19
2025-03-29 20:00:00,1,18,33.4,Fog,5,0,20
2025-03-29 20:00:00,2,19,37.5,Fog,5,0,20
2025-03-29 20:00:00,3,20,36.3,Fog,5,0,20
2025-03-29 20:00:00,4,14,31.7,Fog,5,0,20
2025-03-29 21:00:00,1,18,33.0,Fog,5,0,21
2025-03-29 21:00:00,2,9,38.3,Fog,5,0,21
2025-03-29 21:00:00,3,11,33.9,Fog,5,0,21
2025-03-29 21:00:00,4,17,28.3,Fog,5,0,21
2025-03-29 22:00:00,1,13,36.6,Fog,5,0,22
2025-03-29 22:00:00,2,10,36.6,Fog,5,0,22
2025-03-29 22:00:00,3,10,39.2,Fog,5,0,22
2025-03-29 22:00:00,4,10,39.0,Fog,5,0,22
2025-03-29 23:00:00,1,15,32.0,Fog,5,0,23
2025-03-29 23:00:00,2,9,39.6,Fog,5,0,23
2025-03-29 23:00:00,3,8,37.2,Fog,5,0,23
2025-03-29 23:00:00,4,13,40.3,Fog,5,0,23
2025-03-30 00:00:00,1,19,44.6,Cloudy,6,0,0
2025-03-30 00:00:00,2,16,46.2,Cloudy,6,0,0
2025-03-30 00:00:00,3,14,50.4,Cloudy,6,0,0
2025-03-30 00:00:00,4,19,50.6,Cloudy,6,0,0
2025-03-30 01:00:00,1,16,50.6,Cloudy,6,0,1
2025-03-30 01:00:00,2,14,50.8,Cloudy,6,0,1
2025-03-30 01:00:00,3,14,51.9,Cloudy,6,0,1
2025-03-30 01:00:00,4,15,57.6,Cloudy,6,0,1
2025-03-30 02:00:00,1,21,53.1,Cloudy,6,0,2
2025-03-30 02:00:00,2,11,47.6,Cloudy,6,0,2
2025-03-30 02:00:00,3,11,47.7,Cloudy,6,0,2
2025-03-30 02:00:00,4,18,40.3,Cloudy,6,0,2
2025-03-30 03:00:00,1,22,49.1,Cloudy,6,0,3
2025-03-30 03:00:00,2,15,50.6,Cloudy,6,0,3
2025-03-30 03:00:00,3,15,50.5,Cloudy,6,0,3
2025-03-30 03:00:00,4,17,52.1,Cloudy,6,0,3
2025-03-30 04:00:00,1,19,50.4,Cloudy,6,0,4
2025-03-30 04:00:00,2,13,56.9,Cloudy,6,0,4
2025-03-30 04:00:00,3,12,43.8,Cloudy,6,0,4
2025-03-30 04:00:00,4,18,46.5,Cloudy,6,0,4
2025-03-30 05:00:00,1,24,44.6,Cloudy,6,0,5
2025-03-30 05:00:00,2,17,42.4,Cloudy,6,0,5
2025-03-30 05:00:00,3,12,61.3,Cloudy,6,0,5
2025-03-30 05:00:00,4,15,49.3,Cloudy,6,0,5
2025-03-30 06:00:00,1,62,32.6,Cloudy,6,0,6
2025-03-30 06:00:00,2,42,40.8,Cloudy,6,0,6
2025-03-30 06:00:00,3,44,40.3,Cloudy,6,0,6
2025-03-30 06:00:00,4,50,37.4,Cloudy,6,0,6
2025-03-30 07:00:00,1,54,37.0,Cloudy,6,0,7
2025-03-30 07:00:00,2,44,41.9,Cloudy,6,0,7
2025-03-30 07:00:00,3,32,43.9,Cloudy,6,0,7
2025-03-30 07:00:00,4,60,30.6,Cloudy,6,0,7
2025-03-30 08:00:00,1,70,28.8,Cloudy,6,0,8
2025-03-30 08:00:00,2,,28.9,Cloudy,6,0,8
2025-03-30 08:00:00,3,55,38.8,Cloudy,6,0,8
2025-03-30 08:00:00,4,71,35.7,Cloudy,6,0,8
2025-03-30 09:00:00,1,79,28.9,Cloudy,6,0,9
2025-03-30 09:00:00,2,59,27.7,Cloudy,6,0,9
2025-03-30 09:00:00,3,53,39.4,Cloudy,6,0,9
2025-03-30 09:00:00,4,85,32.0,Cloudy,6,0,9
2025-03-30 10:00:00,1,94,26.9,Cloudy,6,0,10
2025-03-30 10:00:00,2,88,20.7,Cloudy,6,0,10
2025-03-30 10:00:00,3,51,43.9,Cloudy,6,0,10
2025-03-30 10:00:00,4,78,17.2,Cloudy,6,0,10
2025-03-30 11:00:00,1,108,8.7,Cloudy,6,0,11
2025-03-30 11:00:00,2,74,33.3,Cloudy,6,0,11
2025-03-30 11:00:00,3,71,21.7,Cloudy,6,0,11
2025-03-30 11:00:00,4,79,16.3,Cloudy,6,0,11
2025-03-30 12:00:00,1,83,24.9,Cloudy,6,0,12
2025-03-30 12:00:00,2,67,35.0,Cloudy,6,0,12
2025-03-30 12:00:00,3,70,32.7,Cloudy,6,0,12
2025-03-30 12:00:00,4,71,35.8,Cloudy,6,0,12
2025-03-30 13:00:00,1,101,23.0,Cloudy,6,0,13
2025-03-30 13:00:00,2,80,14.1,Cloudy,6,0,13
2025-03-30 13:00:00,3,86,25.8,Cloudy,6,0,13
2025-03-30 13:00:00,4,84,28.0,Cloudy,6,0,13
2025-03-30 14:00:00,1,95,23.6,Cloudy,6,0,14
2025-03-30 14:00:00,2,68,28.0,Cloudy,6,0,14
2025-03-30 14:00:00,3,77,30.9,Cloudy,6,0,14
2025-03-30 14:00:00,4,58,37.4,Cloudy,6,0,14
2025-03-30 15:00:00,1,97,16.7,Cloudy,6,0,15
2025-03-30 15:00:00,2,64,33.8,Cloudy,6,0,15
2025-03-30 15:00:00,3,53,36.5,Cloudy,6,0,15
2025-03-30 15:00:00,4,70,28.5,Cloudy,6,0,15
2025-03-30 16:00:00,1,66,28.2,Cloudy,6,0,16
2025-03-30 16:00:00,2,65,30.9,Cloudy,6,0,16
2025-03-30 16:00:00,3,49,36.7,Cloudy,6,0,16
2025-03-30 16:00:00,4,74,31.7,Cloudy,6,0,16
2025-03-30 17:00:00,1,,33.4,Cloudy,6,0,17
2025-03-30 17:00:00,2,50,40.3,Cloudy,6,0,17
2025-03-30 17:00:00,3,40,44.7,Cloudy,6,0,17
2025-03-30 17:00:00,4,,31.5,Cloudy,6,0,17
2025-03-30 18:00:00,1,50,37.2,Cloudy,6,0,18
2025-03-30 18:00:00,2,,46.1,Cloudy,6,0,18
2025-03-30 18:00:00,3,48,45.7,Cloudy,6,0,18
2025-03-30 18:00:00,4,39,48.9,Cloudy,6,0,18
2025-03-30 19:00:00,1,41,47.7,Cloudy,6,0,19
2025-03-30 19:00:00,2,37,42.0,Cloudy,6,0,19
2025-03-30 19:00:00,3,29,39.2,Cloudy,6,0,19
2025-03-30 19:00:00,4,40,36.2,Cloudy,6,0,19
2025-03-30 20:00:00,1,24,45.9,Cloudy,6,0,20
2025-03-30 20:00:00,2,24,46.3,Cloudy,6,0,20
2025-03-30 20:00:00,3,15,55.5,Cloudy,6,0,20
2025-03-30 20:00:00,4,24,55.0,Cloudy,6,0,20
2025-03-30 21:00:00,1,25,57.4,Cloudy,6,0,21
2025-03-30 21:00:00,2,18,47.4,Cloudy,6,0,21
2025-03-30 21:00:00,3,14,61.3,Cloudy,6,0,21
2025-03-30 21:00:00,4,20,49.9,Cloudy,6,0,21
2025-03-30 22:00:00,1,14,63.8,Cloudy,6,0,22
2025-03-30 22:00:00,2,12,,Cloudy,6,0,22
2025-03-30 22:00:00,3,11,55.2,Cloudy,6,0,22
2025-03-30 22:00:00,4,16,42.3,Cloudy,6,0,22
2025-03-30 23:00:00,1,23,49.5,Cloudy,6,0,23
2025-03-30 23:00:00,2,,45.2,Cloudy,6,0,23
2025-03-30 23:00:00,3,14,49.5,Cloudy,6,0,23
2025-03-30 23:00:00,4,17,46.2,Cloudy,6,0,23
2025-03-31 00:00:00,1,20,49.9,Clear,0,0,0
2025-03-31 00:00:00,2,16,47.5,Clear,0,0,0
2025-03-31 00:00:00,3,15,45.8,Clear,0,0,0
2025-03-31 00:00:00,4,19,50.8,Clear,0,0,0
2025-03-31 01:00:00,1,24,57.7,Clear,0,0,1
2025-03-31 01:00:00,2,14,46.6,Clear,0,0,1
2025-03-31 01:00:00,3,12,53.1,Clear,0,0,1
2025-03-31 01:00:00,4,19,58.4,Clear,0,0,1
2025-03-31 02:00:00,1,15,52.0,Clear,0,0,2
2025-03-31 02:00:00,2,17,45.6,Clear,0,0,2
2025-03-31 02:00:00,3,14,59.0,Clear,0,0,2
2025-03-31 02:00:00,4,13,54.4,Clear,0,0,2
2025-03-31 03:00:00,1,17,60.1,Clear,0,0,3
2025-03-31 03:00:00,2,14,58.4,Clear,0,0,3
2025-03-31 03:00:00,3,15,48.7,Clear,0,0,3
2025-03-31 03:00:00,4,13,52.8,Clear,0,0,3
2025-03-31 04:00:00,1,20,43.2,Clear,0,0,4
2025-03-31 04:00:00,2,13,54.5,Clear,0,0,4
2025-03-31 04:00:00,3,13,61.3,Clear,0,0,4
2025-03-31 04:00:00,4,19,50.6,Clear,0,0,4
2025-03-31 05:00:00,1,23,50.7,Clear,0,0,5
2025-03-31 05:00:00,2,17,53.7,Clear,0,0,5
2025-03-31 05:00:00,3,12,57.4,Clear,0,0,5
2025-03-31 05:00:00,4,18,50.8,Clear,0,0,5
2025-03-31 06:00:00,1,23,42.5,Clear,0,0,6
2025-03-31 06:00:00,2,36,44.5,Clear,0,0,6
2025-03-31 06:00:00,3,23,49.8,Clear,0,0,6
2025-03-31 06:00:00,4,35,36.8,Clear,0,0,6
2025-03-31 07:00:00,1,64,40.3,Clear,0,0,7
2025-03-31 07:00:00,2,46,46.0,Clear,0,0,7
2025-03-31 07:00:00,3,48,44.9,Clear,0,0,7
2025-03-31 07:00:00,4,50,49.3,Clear,0,0,7
2025-03-31 08:00:00,1,106,18.0,Clear,0,0,8
2025-03-31 08:00:00,2,81,30.1,Clear,0,0,8
2025-03-31 08:00:00,3,77,28.6,Clear,0,0,8
2025-03-31 08:00:00,4,96,28.0,Clear,0,0,8
2025-03-31 09:00:00,1,112,12.1,Clear,0,0,9
2025-03-31 09:00:00,2,87,21.0,Clear,0,0,9
2025-03-31 09:00:00,3,97,23.0,Clear,0,0,9
2025-03-31 09:00:00,4,130,9.5,Clear,0,0,9
2025-03-31 10:00:00,1,84,17.8,Clear,0,0,10
2025-03-31 10:00:00,2,71,37.9,Clear,0,0,10
2025-03-31 10:00:00,3,89,25.7,Clear,0,0,10
2025-03-31 10:00:00,4,114,21.2,Clear,0,0,10
2025-03-31 11:00:00,1,70,25.2,Clear,0,0,11
2025-03-31 11:00:00,2,,46.8,Clear,0,0,11
2025-03-31 11:00:00,3,56,33.9,Clear,0,0,11
2025-03-31 11:00:00,4,66,32.8,Clear,0,0,11
2025-03-31 12:00:00,1,84,34.6,Clear,0,0,12
2025-03-31 12:00:00,2,35,47.1,Clear,0,0,12
2025-03-31 12:00:00,3,51,33.6,Clear,0,0,12
2025-03-31 12:00:00,4,62,40.0,Clear,0,0,12
2025-03-31 13:00:00,1,96,23.8,Clear,0,0,13
2025-03-31 13:00:00,2,66,35.2,Clear,0,0,13
2025-03-31 13:00:00,3,71,33.2,Clear,0,0,13
2025-03-31 13:00:00,4,77,37.2,Clear,0,0,13
2025-03-31 14:00:00,1,64,36.5,Clear,0,0,14
2025-03-31 14:00:00,2,37,44.4,Clear,0,0,14
2025-03-31 14:00:00,3,39,44.3,Clear,0,0,14
2025-03-31 14:00:00,4,55,45.1,Clear,0,0,14
2025-03-31 15:00:00,1,57,42.1,Clear,0,0,15
2025-03-31 15:00:00,2,42,39.5,Clear,0,0,15
2025-03-31 15:00:00,3,32,41.3,Clear,0,0,15
2025-03-31 15:00:00,4,67,31.1,Clear,0,0,15
2025-03-31 16:00:00,1,85,26.9,Clear,0,0,16
2025-03-31 16:00:00,2,78,26.4,Clear,0,0,16
2025-03-31 16:00:00,3,52,43.1,Clear,0,0,16
2025-03-31 16:00:00,4,77,36.6,Clear,0,0,16
2025-03-31 17:00:00,1,133,9.2,Clear,0,0,17
2025-03-31 17:00:00,2,112,17.2,Clear,0,0,17
2025-03-31 17:00:00,3,105,19.4,Clear,0,0,17
2025-03-31 17:00:00,4,138,7.2,Clear,0,0,17
2025-03-31 18:00:00,1,163,5,Clear,0,0,18
2025-03-31 18:00:00,2,135,9.3,Clear,0,0,18
2025-03-31 18:00:00,3,114,15.0,Clear,0,0,18
2025-03-31 18:00:00,4,131,8.2,Clear,0,0,18
2025-03-31 19:00:00,1,120,10.8,Clear,0,0,19
2025-03-31 19:00:00,2,110,29.5,Clear,0,0,19
2025-03-31 19:00:00,3,95,26.3,Clear,0,0,19
2025-03-31 19:00:00,4,95,11.1,Clear,0,0,19
2025-03-31 20:00:00,1,84,23.5,Clear,0,0,20
2025-03-31 20:00:00,2,52,39.2,Clear,0,0,20
2025-03-31 20:00:00,3,66,29.2,Clear,0,0,20
2025-03-31 20:00:00,4,66,27.1,Clear,0,0,20
2025-03-31 21:00:00,1,51,42.7,Clear,0,0,21
2025-03-31 21:00:00,2,43,37.1,Clear,0,0,21
2025-03-31 21:00:00,3,41,47.1,Clear,0,0,21
2025-03-31 21:00:00,4,49,37.6,Clear,0,0,21
2025-03-31 22:00:00,1,41,40.7,Clear,0,0,22
2025-03-31 22:00:00,2,22,,Clear,0,0,22
2025-03-31 22:00:00,3,25,46.0,Clear,0,0,22
2025-03-31 22:00:00,4,31,45.4,Clear,0,0,22
2025-03-31 23:00:00,1,22,56.6,Clear,0,0,23
2025-03-31 23:00:00,2,,56.6,Clear,0,0,23
2025-03-31 23:00:00,3,10,51.7,Clear,0,0,23
2025-03-31 23:00:00,4,15,45.2,Clear,0,0,23
